{"type":"FeatureCollection","features":[{"type":"Feature","properties":{"TOWNCODE":"65000290","TOWNNAME":"烏來區","COUNTYNAME":"新北市"},"geometry":{"type":"Polygon","coordinates":[[[121.48001,24.67384],[121.47919,24.67544],[121.47705,24.6783],[121.47601,24.6792],[121.47547,24.68088],[121.4755,24.68329],[121.47421,24.68481],[121.47304,24.68969],[121.47465,24.69266],[121.47481,24.6937],[121.47424,24.69608],[121.47061,24.69675],[121.46982,24.69619],[121.46698,24.69774],[121.46366,24.70102],[121.46041,24.70259],[121.45653,24.70323],[121.4523,24.70511],[121.45034,24.70559],[121.44914,24.70856],[121.4488,24.71218],[121.44646,24.7142],[121.44517,24.71479],[121.44447,24.71639],[121.44438,24.71664],[121.44154,24.72315],[121.44097,24.72609],[121.43832,24.7266],[121.43636,24.7287],[121.43428,24.73002],[121.43437,24.73106],[121.43535,24.73288],[121.43506,24.73411],[121.43352,24.73608],[121.43279,24.73756],[121.43311,24.73919],[121.43197,24.74225],[121.43036,24.74345],[121.43014,24.74556],[121.42875,24.74789],[121.42923,24.74996],[121.42847,24.75153],[121.42847,24.75344],[121.42717,24.75515],[121.42601,24.75748],[121.42585,24.75787],[121.42553,24.75905],[121.42594,24.76031],[121.42512,24.76121],[121.42354,24.76169],[121.42342,24.76312],[121.42512,24.76648],[121.42597,24.76752],[121.42623,24.7678],[121.42941,24.77016],[121.43143,24.77195],[121.43162,24.77203],[121.43576,24.77296],[121.4381,24.7749],[121.44056,24.77916],[121.44248,24.78053],[121.44406,24.78065],[121.44561,24.78152],[121.4458,24.78163],[121.44693,24.78272],[121.44756,24.78421],[121.44952,24.78595],[121.44886,24.78825],[121.45034,24.78976],[121.45041,24.78985],[121.45047,24.79001],[121.4505,24.79018],[121.4505,24.79021],[121.4505,24.79063],[121.45037,24.79094],[121.45202,24.792],[121.45391,24.79178],[121.45558,24.79229],[121.45628,24.79324],[121.45565,24.79506],[121.4559,24.79686],[121.45533,24.7989],[121.45735,24.80014],[121.45792,24.80101],[121.45937,24.80154],[121.4612,24.80451],[121.46231,24.80566],[121.46411,24.80623],[121.46663,24.80631],[121.46906,24.80726],[121.47247,24.81052],[121.47316,24.81324],[121.47569,24.81422],[121.47774,24.81579],[121.47859,24.81607],[121.48172,24.81585],[121.48248,24.81714],[121.48345,24.81764],[121.48402,24.81921],[121.48308,24.82053],[121.48207,24.82263],[121.48039,24.8235],[121.48125,24.8253],[121.48364,24.82824],[121.48342,24.82981],[121.4839,24.83155],[121.48513,24.83234],[121.48674,24.83422],[121.4903,24.83447],[121.49444,24.83649],[121.49476,24.83725],[121.49472,24.83966],[121.49605,24.84145],[121.49671,24.84431],[121.49649,24.84687],[121.49719,24.84827],[121.4969,24.84961],[121.49611,24.8511],[121.49406,24.85186],[121.49273,24.85368],[121.49283,24.85657],[121.49141,24.85853],[121.48835,24.86218],[121.49119,24.86454],[121.49273,24.86647],[121.49469,24.86829],[121.49785,24.87003],[121.49921,24.87034],[121.50186,24.87292],[121.50359,24.8734],[121.50653,24.87536],[121.5071,24.87626],[121.50886,24.87752],[121.51243,24.87907],[121.5147,24.87957],[121.51802,24.88097],[121.5207,24.8833],[121.5237,24.88375],[121.52651,24.88366],[121.52938,24.8851],[121.53251,24.88762],[121.53409,24.88953],[121.53503,24.89146],[121.53693,24.89219],[121.53835,24.89337],[121.53986,24.89379],[121.54071,24.8934],[121.5439,24.89017],[121.54662,24.88835],[121.54791,24.88863],[121.55028,24.89096],[121.55435,24.89166],[121.55593,24.89135],[121.55703,24.8907],[121.55912,24.89062],[121.56417,24.88678],[121.56458,24.88344],[121.56426,24.88243],[121.56483,24.88027],[121.56436,24.87842],[121.56458,24.87713],[121.56543,24.87716],[121.56682,24.87699],[121.56789,24.87758],[121.56994,24.8766],[121.57054,24.87688],[121.57136,24.87688],[121.57338,24.8748],[121.57575,24.87508],[121.57815,24.87418],[121.57979,24.8743],[121.58336,24.8734],[121.58516,24.87261],[121.58592,24.87163],[121.58822,24.87009],[121.59005,24.86933],[121.59141,24.86706],[121.5928,24.86614],[121.59554,24.86636],[121.59655,24.86599],[121.59772,24.86414],[121.59968,24.86392],[121.60129,24.86322],[121.60542,24.8633],[121.60927,24.86308],[121.61212,24.86196],[121.61492,24.86128],[121.61568,24.86072],[121.61795,24.86193],[121.61969,24.86162],[121.62045,24.86311],[121.62102,24.86322],[121.62307,24.86229],[121.62585,24.86142],[121.62957,24.86148],[121.63194,24.85935],[121.63405,24.85893],[121.63519,24.85741],[121.63689,24.85918],[121.63753,24.85932],[121.63847,24.86089],[121.64065,24.86198],[121.64153,24.86196],[121.64333,24.86061],[121.64466,24.86072],[121.64564,24.85952],[121.65062,24.85694],[121.65129,24.85604],[121.65299,24.85522],[121.65378,24.8534],[121.65457,24.85284],[121.65501,24.85138],[121.65716,24.84967],[121.65795,24.8504],[121.65975,24.85082],[121.66208,24.85001],[121.66477,24.84964],[121.66562,24.85037],[121.6665,24.84995],[121.66988,24.84807],[121.67313,24.84925],[121.67367,24.84891],[121.67742,24.8497],[121.67787,24.84897],[121.6796,24.84967],[121.68175,24.84964],[121.68213,24.85018],[121.68456,24.8499],[121.68535,24.84942],[121.68658,24.84992],[121.68781,24.84984],[121.68863,24.84835],[121.69059,24.84821],[121.69175,24.84647],[121.69204,24.84502],[121.69434,24.84358],[121.69662,24.84358],[121.6974,24.84308],[121.7022,24.84272],[121.70492,24.84171],[121.70596,24.84016],[121.70751,24.83884],[121.70328,24.83523],[121.70173,24.83436],[121.6999,24.83489],[121.69908,24.83553],[121.69778,24.83422],[121.69772,24.83424],[121.69639,24.83455],[121.69671,24.83374],[121.69611,24.83197],[121.69643,24.83046],[121.69595,24.82967],[121.69453,24.8292],[121.69185,24.82715],[121.69106,24.8272],[121.68891,24.82622],[121.68768,24.82499],[121.68768,24.82434],[121.68967,24.82272],[121.69011,24.8214],[121.68895,24.81932],[121.68932,24.81733],[121.68844,24.81618],[121.68724,24.81624],[121.68626,24.8175],[121.68307,24.81691],[121.68077,24.81753],[121.67891,24.81531],[121.67673,24.81411],[121.67531,24.8147],[121.67417,24.81413],[121.67266,24.81514],[121.67102,24.81686],[121.669,24.81798],[121.66877,24.81694],[121.66874,24.81688],[121.66871,24.81686],[121.66729,24.81621],[121.66578,24.81478],[121.6648,24.81442],[121.66303,24.81262],[121.66095,24.81181],[121.66073,24.81085],[121.65312,24.81127],[121.65182,24.81169],[121.6504,24.81296],[121.64867,24.81265],[121.6475,24.81388],[121.6464,24.81077],[121.64573,24.8097],[121.64434,24.80917],[121.64204,24.81043],[121.6403,24.81029],[121.63879,24.81071],[121.63721,24.80942],[121.63437,24.80911],[121.63222,24.80923],[121.63004,24.80892],[121.62802,24.80799],[121.626,24.80883],[121.62569,24.80858],[121.62641,24.80578],[121.62613,24.80334],[121.6248,24.8016],[121.62515,24.79947],[121.62604,24.79649],[121.62531,24.79498],[121.62357,24.79436],[121.62171,24.79273],[121.62045,24.79257],[121.61717,24.79383],[121.61584,24.79391],[121.61335,24.79318],[121.60965,24.79377],[121.60716,24.79041],[121.60564,24.78912],[121.60293,24.78945],[121.60157,24.78878],[121.60135,24.7887],[121.60129,24.78867],[121.59889,24.78771],[121.59327,24.78735],[121.59223,24.78774],[121.5921,24.78774],[121.59207,24.78774],[121.59346,24.78466],[121.59321,24.78258],[121.59431,24.78104],[121.59447,24.77882],[121.5957,24.77599],[121.59756,24.77254],[121.59731,24.77161],[121.59554,24.76898],[121.59624,24.76732],[121.5958,24.76648],[121.59346,24.76483],[121.59049,24.76073],[121.59081,24.7588],[121.58939,24.75723],[121.58898,24.75515],[121.58974,24.75358],[121.58999,24.75187],[121.59081,24.75089],[121.59226,24.7503],[121.5946,24.75019],[121.5952,24.74878],[121.59614,24.74825],[121.59438,24.74626],[121.5928,24.74595],[121.59169,24.74491],[121.59191,24.74331],[121.59482,24.74096],[121.59539,24.73911],[121.59422,24.73468],[121.59501,24.73249],[121.59371,24.73047],[121.59406,24.72926],[121.59671,24.72921],[121.59674,24.72921],[121.5969,24.72918],[121.59785,24.72929],[121.59753,24.72769],[121.59393,24.72584],[121.59264,24.72461],[121.59043,24.72346],[121.58914,24.72175],[121.58705,24.72012],[121.58576,24.72006],[121.58345,24.72057],[121.57963,24.72231],[121.57856,24.72245],[121.5778,24.72177],[121.57768,24.71888],[121.57727,24.71745],[121.5773,24.71487],[121.57566,24.71103],[121.5748,24.71011],[121.57237,24.71041],[121.57045,24.71395],[121.5695,24.71266],[121.56748,24.71151],[121.56549,24.7117],[121.56325,24.7128],[121.56183,24.7126],[121.55823,24.71092],[121.55637,24.71123],[121.55441,24.70837],[121.55123,24.70598],[121.55031,24.70567],[121.54753,24.70626],[121.54321,24.70565],[121.54314,24.70556],[121.54308,24.70551],[121.54296,24.70466],[121.54084,24.70231],[121.53847,24.70057],[121.53784,24.69973],[121.5386,24.69819],[121.53847,24.69642],[121.53885,24.69457],[121.53753,24.69381],[121.53778,24.69227],[121.53762,24.69011],[121.53686,24.68851],[121.5362,24.68826],[121.53333,24.68842],[121.53188,24.6877],[121.52913,24.68761],[121.52821,24.68887],[121.52711,24.68854],[121.52701,24.6854],[121.52496,24.6845],[121.52449,24.68382],[121.52443,24.68371],[121.52439,24.68368],[121.5238,24.68329],[121.5148,24.68324],[121.51369,24.6843],[121.51221,24.68447],[121.51016,24.68324],[121.50744,24.68245],[121.50552,24.6799],[121.50438,24.67937],[121.50296,24.67942],[121.49917,24.67802],[121.49712,24.67634],[121.49684,24.67552],[121.4939,24.67356],[121.49273,24.67319],[121.48926,24.67423],[121.48847,24.67516],[121.48686,24.67519],[121.48503,24.67387],[121.48301,24.67384],[121.48181,24.67434],[121.48001,24.67384]]]}},{"type":"Feature","properties":{"TOWNCODE":"65000090","TOWNNAME":"三峽區","COUNTYNAME":"新北市"},"geometry":{"type":"Polygon","coordinates":[[[121.3261,24.90866],[121.3261,24.90874],[121.32594,24.90944],[121.32351,24.91],[121.32313,24.91168],[121.32149,24.91323],[121.32029,24.91354],[121.3196,24.91494],[121.31767,24.91628],[121.31761,24.91634],[121.32032,24.91884],[121.3214,24.92035],[121.32462,24.92332],[121.32736,24.92464],[121.32989,24.92498],[121.33425,24.92473],[121.33554,24.92506],[121.33851,24.92719],[121.3398,24.92851],[121.33977,24.92851],[121.34397,24.93132],[121.34687,24.93443],[121.3487,24.93656],[121.35012,24.93718],[121.357,24.94102],[121.35912,24.94217],[121.35972,24.94372],[121.36139,24.94554],[121.36212,24.94501],[121.36426,24.94607],[121.36521,24.94731],[121.36796,24.94719],[121.3695,24.94658],[121.37165,24.94756],[121.3737,24.94874],[121.37607,24.94969],[121.37806,24.94557],[121.37812,24.94557],[121.37815,24.94534],[121.37923,24.94341],[121.38103,24.94405],[121.38519,24.9438],[121.38933,24.94509],[121.39359,24.94512],[121.39485,24.94635],[121.39602,24.94638],[121.39659,24.94573],[121.39583,24.9447],[121.39678,24.94313],[121.39725,24.94251],[121.4006,24.94444],[121.40167,24.94568],[121.40258,24.94817],[121.40757,24.95216],[121.40868,24.95126],[121.40846,24.94961],[121.40883,24.94601],[121.40975,24.94363],[121.40921,24.94189],[121.41,24.94139],[121.41411,24.94111],[121.41467,24.93942],[121.41597,24.93897],[121.41726,24.93774],[121.41856,24.9378],[121.41995,24.93878],[121.42222,24.93825],[121.42578,24.9385],[121.42689,24.93909],[121.42844,24.93889],[121.43058,24.93928],[121.43197,24.93993],[121.43257,24.94088],[121.43418,24.94029],[121.43592,24.93752],[121.43671,24.93558],[121.43709,24.93567],[121.43892,24.93611],[121.43986,24.93704],[121.44233,24.93768],[121.44466,24.9399],[121.44744,24.94133],[121.44823,24.94172],[121.45012,24.94352],[121.45167,24.94436],[121.45413,24.94436],[121.45574,24.94526],[121.45609,24.9463],[121.45707,24.9461],[121.45751,24.9461],[121.45738,24.9454],[121.45839,24.94327],[121.45871,24.93942],[121.46089,24.93754],[121.45972,24.93544],[121.46006,24.93415],[121.46208,24.93395],[121.46401,24.93323],[121.46616,24.93196],[121.4671,24.93199],[121.46846,24.93073],[121.47067,24.93121],[121.4713,24.93073],[121.47339,24.93084],[121.47642,24.9291],[121.47714,24.92916],[121.47828,24.9286],[121.4802,24.92882],[121.4827,24.92851],[121.48472,24.92792],[121.48576,24.92624],[121.48522,24.9245],[121.48683,24.92223],[121.48825,24.92223],[121.48945,24.92049],[121.48993,24.91923],[121.49207,24.9171],[121.49176,24.91586],[121.49087,24.9139],[121.49078,24.91239],[121.48958,24.91135],[121.49018,24.91017],[121.48939,24.90823],[121.49097,24.90487],[121.49251,24.90358],[121.49109,24.90265],[121.49065,24.9017],[121.48841,24.90122],[121.48658,24.90049],[121.48579,24.89951],[121.48633,24.89822],[121.48525,24.89808],[121.48396,24.89682],[121.48027,24.89059],[121.47888,24.88995],[121.47768,24.88798],[121.47534,24.88619],[121.4755,24.88501],[121.47436,24.88159],[121.47275,24.87935],[121.47178,24.87707],[121.47263,24.87629],[121.47462,24.8755],[121.47522,24.87418],[121.47711,24.87284],[121.47762,24.87121],[121.47929,24.87006],[121.4791,24.86902],[121.47768,24.86633],[121.47768,24.86566],[121.47878,24.86454],[121.47875,24.86386],[121.48036,24.86173],[121.48298,24.86179],[121.48541,24.86297],[121.48661,24.86238],[121.48835,24.86218],[121.49141,24.85853],[121.49283,24.85657],[121.49273,24.85368],[121.49406,24.85186],[121.49611,24.8511],[121.4969,24.84961],[121.49719,24.84827],[121.49649,24.84687],[121.49671,24.84431],[121.49605,24.84145],[121.49472,24.83966],[121.49476,24.83725],[121.49444,24.83649],[121.4903,24.83447],[121.48674,24.83422],[121.48513,24.83234],[121.4839,24.83155],[121.48342,24.82981],[121.48364,24.82824],[121.48125,24.8253],[121.48039,24.8235],[121.48207,24.82263],[121.48308,24.82053],[121.48402,24.81921],[121.48345,24.81764],[121.48248,24.81714],[121.48172,24.81585],[121.47859,24.81607],[121.47774,24.81579],[121.47569,24.81422],[121.47316,24.81324],[121.47247,24.81052],[121.46906,24.80726],[121.46663,24.80631],[121.46411,24.80623],[121.46231,24.80566],[121.4612,24.80451],[121.45937,24.80154],[121.45792,24.80101],[121.45735,24.80014],[121.45533,24.7989],[121.4559,24.79686],[121.45565,24.79506],[121.45628,24.79324],[121.45558,24.79229],[121.45391,24.79178],[121.45202,24.792],[121.45037,24.79094],[121.45028,24.79102],[121.44949,24.79108],[121.44731,24.79004],[121.44573,24.79013],[121.44457,24.79108],[121.44267,24.79203],[121.44169,24.79332],[121.43828,24.79534],[121.43709,24.79818],[121.43806,24.80109],[121.43794,24.80421],[121.43699,24.80544],[121.43724,24.80819],[121.43652,24.8104],[121.43645,24.8122],[121.43229,24.81346],[121.42998,24.81492],[121.42856,24.8168],[121.42774,24.81739],[121.42721,24.81876],[121.42534,24.82005],[121.42503,24.8228],[121.42408,24.82502],[121.42354,24.82547],[121.41938,24.82558],[121.41758,24.82524],[121.41622,24.82692],[121.41609,24.82875],[121.41436,24.83074],[121.41385,24.83197],[121.41388,24.8322],[121.41493,24.83354],[121.41565,24.83548],[121.41246,24.83713],[121.41149,24.83828],[121.41032,24.83868],[121.40883,24.84061],[121.4088,24.84064],[121.40874,24.8407],[121.40767,24.84134],[121.40745,24.84148],[121.40464,24.84249],[121.40268,24.84358],[121.40113,24.84193],[121.3999,24.84157],[121.39798,24.84179],[121.39706,24.84277],[121.39725,24.84372],[121.39365,24.84398],[121.39245,24.84325],[121.38914,24.84221],[121.38791,24.84229],[121.38759,24.8421],[121.3875,24.84204],[121.38503,24.84081],[121.38456,24.83803],[121.38333,24.83697],[121.38093,24.83649],[121.3779,24.83447],[121.37364,24.83329],[121.37285,24.83371],[121.37282,24.835],[121.37064,24.83548],[121.37023,24.83612],[121.36729,24.83674],[121.36417,24.83814],[121.36256,24.83798],[121.36007,24.83817],[121.35779,24.83952],[121.35486,24.84398],[121.3517,24.84445],[121.34883,24.84552],[121.34675,24.84588],[121.34248,24.84468],[121.34138,24.84384],[121.33958,24.84339],[121.33598,24.84395],[121.33586,24.84493],[121.33614,24.84689],[121.33696,24.84821],[121.34018,24.84872],[121.34198,24.84858],[121.34671,24.8502],[121.34813,24.84978],[121.34851,24.84855],[121.35031,24.84872],[121.34981,24.84942],[121.35246,24.84908],[121.3518,24.85012],[121.35334,24.8506],[121.35479,24.85335],[121.35675,24.8536],[121.35786,24.85315],[121.35782,24.85444],[121.35558,24.85506],[121.35429,24.8566],[121.35366,24.85842],[121.35145,24.85935],[121.3493,24.8598],[121.34734,24.86207],[121.34652,24.86507],[121.34526,24.86678],[121.34504,24.86695],[121.34592,24.86815],[121.34937,24.86877],[121.35056,24.87009],[121.35312,24.8711],[121.35318,24.87116],[121.35322,24.87118],[121.35438,24.87323],[121.35341,24.87497],[121.35353,24.87646],[121.35284,24.87671],[121.35277,24.87671],[121.35268,24.87671],[121.35176,24.87719],[121.35164,24.87738],[121.35056,24.87859],[121.34725,24.87867],[121.34624,24.87926],[121.34564,24.88072],[121.34564,24.8808],[121.34476,24.88577],[121.34381,24.88667],[121.34135,24.88745],[121.34116,24.88874],[121.34122,24.88883],[121.34214,24.89258],[121.34062,24.89233],[121.33838,24.89334],[121.33756,24.89267],[121.33526,24.89177],[121.33333,24.8918],[121.3332,24.8932],[121.3321,24.89362],[121.3333,24.89606],[121.3333,24.8971],[121.33324,24.89825],[121.33358,24.89918],[121.33241,24.89974],[121.33232,24.89982],[121.33229,24.89982],[121.33197,24.89988],[121.33062,24.89786],[121.3291,24.8973],[121.32784,24.89592],[121.3267,24.89595],[121.32556,24.89724],[121.32244,24.89856],[121.32127,24.89993],[121.32032,24.90018],[121.3219,24.90232],[121.32206,24.90372],[121.32294,24.90406],[121.32317,24.90417],[121.3255,24.90622],[121.32626,24.90737],[121.3261,24.90863],[121.3261,24.90866]]]}},{"type":"Feature","properties":{"TOWNCODE":"65000060","TOWNNAME":"新店區","COUNTYNAME":"新北市"},"geometry":{"type":"Polygon","coordinates":[[[121.57575,24.87508],[121.57338,24.8748],[121.57136,24.87688],[121.57054,24.87688],[121.56994,24.8766],[121.56789,24.87758],[121.56682,24.87699],[121.56543,24.87716],[121.56458,24.87713],[121.56436,24.87842],[121.56483,24.88027],[121.56426,24.88243],[121.56458,24.88344],[121.56417,24.88678],[121.55912,24.89062],[121.55703,24.8907],[121.55593,24.89135],[121.55435,24.89166],[121.55028,24.89096],[121.54791,24.88863],[121.54662,24.88835],[121.5439,24.89017],[121.54071,24.8934],[121.53986,24.89379],[121.53835,24.89337],[121.53693,24.89219],[121.53503,24.89146],[121.53409,24.88953],[121.53251,24.88762],[121.52938,24.8851],[121.52651,24.88366],[121.5237,24.88375],[121.5207,24.8833],[121.51802,24.88097],[121.5147,24.87957],[121.51243,24.87907],[121.50886,24.87752],[121.5071,24.87626],[121.50653,24.87536],[121.50359,24.8734],[121.50186,24.87292],[121.49921,24.87034],[121.49785,24.87003],[121.49469,24.86829],[121.49273,24.86647],[121.49119,24.86454],[121.48835,24.86218],[121.48661,24.86238],[121.48541,24.86297],[121.48298,24.86179],[121.48036,24.86173],[121.47875,24.86386],[121.47878,24.86454],[121.47768,24.86566],[121.47768,24.86633],[121.4791,24.86902],[121.47929,24.87006],[121.47762,24.87121],[121.47711,24.87284],[121.47522,24.87418],[121.47462,24.8755],[121.47263,24.87629],[121.47178,24.87707],[121.47275,24.87935],[121.47436,24.88159],[121.4755,24.88501],[121.47534,24.88619],[121.47768,24.88798],[121.47888,24.88995],[121.48027,24.89059],[121.48396,24.89682],[121.48525,24.89808],[121.48633,24.89822],[121.48579,24.89951],[121.48658,24.90049],[121.48841,24.90122],[121.49065,24.9017],[121.49109,24.90265],[121.49251,24.90358],[121.49097,24.90487],[121.48939,24.90823],[121.49018,24.91017],[121.48958,24.91135],[121.49078,24.91239],[121.49087,24.9139],[121.49176,24.91586],[121.49207,24.9171],[121.48993,24.91923],[121.48945,24.92049],[121.48825,24.92223],[121.48683,24.92223],[121.48522,24.9245],[121.48576,24.92624],[121.48472,24.92792],[121.4827,24.92851],[121.4802,24.92882],[121.47828,24.9286],[121.47714,24.92916],[121.47642,24.9291],[121.47339,24.93084],[121.4713,24.93073],[121.47067,24.93121],[121.46846,24.93073],[121.4671,24.93199],[121.46616,24.93196],[121.46401,24.93323],[121.46208,24.93395],[121.46006,24.93415],[121.45972,24.93544],[121.46089,24.93754],[121.45871,24.93942],[121.45839,24.94327],[121.45738,24.9454],[121.45751,24.9461],[121.45975,24.94775],[121.46177,24.9475],[121.46366,24.9493],[121.46691,24.95154],[121.46695,24.95311],[121.46783,24.95443],[121.4695,24.95449],[121.4708,24.95513],[121.47222,24.95614],[121.47187,24.95897],[121.47471,24.96094],[121.47869,24.96301],[121.47982,24.96394],[121.48115,24.96397],[121.48248,24.96335],[121.48428,24.96472],[121.48551,24.96475],[121.48873,24.96627],[121.49043,24.9673],[121.49179,24.96739],[121.4939,24.9689],[121.49501,24.96879],[121.49696,24.97008],[121.49772,24.97075],[121.49952,24.9707],[121.50097,24.97014],[121.50198,24.96986],[121.50284,24.97134],[121.50426,24.97269],[121.50407,24.97319],[121.50587,24.9744],[121.50713,24.97594],[121.50899,24.9765],[121.51088,24.9781],[121.51183,24.97956],[121.51262,24.9799],[121.51398,24.98152],[121.51401,24.98368],[121.51477,24.98492],[121.51537,24.98649],[121.5154,24.98649],[121.51713,24.98786],[121.51783,24.98767],[121.51887,24.98831],[121.52162,24.98834],[121.52345,24.98789],[121.52253,24.98511],[121.52354,24.98388],[121.52534,24.98514],[121.52739,24.98702],[121.5278,24.98702],[121.53033,24.98918],[121.53169,24.99053],[121.53336,24.9921],[121.53342,24.99215],[121.53345,24.99215],[121.53434,24.99333],[121.53503,24.99507],[121.53506,24.9951],[121.5351,24.99513],[121.53626,24.99409],[121.53708,24.99221],[121.53702,24.99114],[121.53699,24.99109],[121.53699,24.991],[121.53658,24.98971],[121.53686,24.98873],[121.53819,24.98797],[121.53977,24.98775],[121.5398,24.98775],[121.53983,24.98775],[121.54213,24.98803],[121.5422,24.98803],[121.54223,24.98803],[121.54226,24.98806],[121.54242,24.98806],[121.54419,24.9882],[121.54482,24.98702],[121.54415,24.98503],[121.54479,24.98385],[121.54479,24.98382],[121.54482,24.98382],[121.54488,24.98377],[121.54709,24.98329],[121.54902,24.98374],[121.54987,24.98438],[121.5499,24.98441],[121.54996,24.98447],[121.55104,24.98587],[121.55066,24.98688],[121.55069,24.98694],[121.55069,24.98696],[121.55151,24.98739],[121.55284,24.98638],[121.55284,24.98638],[121.55284,24.98635],[121.55378,24.9852],[121.55359,24.98326],[121.55356,24.98312],[121.55312,24.97973],[121.55312,24.97967],[121.55369,24.97743],[121.5552,24.9765],[121.5552,24.97647],[121.55523,24.97642],[121.55609,24.97336],[121.55748,24.97227],[121.55849,24.96854],[121.55991,24.96663],[121.55991,24.9666],[121.55994,24.96657],[121.56123,24.96469],[121.56439,24.96464],[121.56486,24.96422],[121.56492,24.96416],[121.56843,24.96408],[121.57039,24.96444],[121.57297,24.96413],[121.57433,24.96528],[121.57455,24.96685],[121.57739,24.96649],[121.57866,24.96657],[121.58052,24.9654],[121.58219,24.96475],[121.58443,24.96458],[121.58573,24.96321],[121.58809,24.96369],[121.58873,24.96338],[121.59119,24.96458],[121.59194,24.96394],[121.5934,24.96422],[121.59485,24.96158],[121.59677,24.96066],[121.59681,24.96063],[121.59684,24.9606],[121.59838,24.96124],[121.60107,24.96088],[121.60217,24.96122],[121.6034,24.96228],[121.60527,24.96298],[121.60845,24.96318],[121.60924,24.96402],[121.61057,24.95942],[121.61022,24.95679],[121.60773,24.95634],[121.60845,24.95199],[121.60643,24.94961],[121.60703,24.94739],[121.60672,24.94649],[121.60561,24.94638],[121.60448,24.94702],[121.60113,24.94705],[121.60069,24.94565],[121.59965,24.94495],[121.59794,24.94458],[121.59804,24.94304],[121.59943,24.94127],[121.59987,24.93914],[121.59775,24.93757],[121.5964,24.9348],[121.59652,24.93292],[121.59554,24.93115],[121.59504,24.92877],[121.59428,24.92708],[121.59485,24.92506],[121.59561,24.92386],[121.59576,24.91968],[121.59681,24.91743],[121.59665,24.91446],[121.59706,24.91185],[121.59857,24.91053],[121.59728,24.91017],[121.59529,24.91101],[121.59406,24.91323],[121.5927,24.9141],[121.59037,24.91455],[121.58869,24.91424],[121.58503,24.91171],[121.58064,24.90955],[121.57837,24.90877],[121.57316,24.90899],[121.57111,24.90807],[121.57089,24.90714],[121.56925,24.90549],[121.56653,24.90372],[121.56859,24.90271],[121.56919,24.90164],[121.57168,24.90016],[121.57623,24.89873],[121.57825,24.89688],[121.57888,24.89542],[121.57806,24.89292],[121.57818,24.89068],[121.57761,24.88908],[121.57664,24.88779],[121.57638,24.88599],[121.57683,24.88439],[121.5779,24.88322],[121.57695,24.88184],[121.57787,24.8801],[121.57768,24.87864],[121.57676,24.87786],[121.57575,24.87508]]]}},{"type":"Feature","properties":{"TOWNCODE":"65000200","TOWNNAME":"坪林區","COUNTYNAME":"新北市"},"geometry":{"type":"Polygon","coordinates":[[[121.77701,24.8693],[121.77518,24.86661],[121.7755,24.86513],[121.77114,24.86487],[121.76915,24.86594],[121.76742,24.86487],[121.76786,24.86381],[121.76609,24.86252],[121.7654,24.861],[121.76432,24.85988],[121.76353,24.85991],[121.76268,24.86117],[121.76151,24.85988],[121.76196,24.85828],[121.76101,24.85769],[121.76101,24.85671],[121.75741,24.85674],[121.75359,24.85601],[121.75369,24.85514],[121.75119,24.85489],[121.75062,24.85447],[121.74879,24.85508],[121.74785,24.85492],[121.74737,24.85371],[121.74649,24.85321],[121.74639,24.85312],[121.74636,24.85309],[121.74197,24.85248],[121.7404,24.85346],[121.73825,24.85531],[121.7362,24.85573],[121.73269,24.85581],[121.73266,24.85581],[121.7326,24.85581],[121.73052,24.85531],[121.72714,24.85312],[121.72626,24.85169],[121.72483,24.85065],[121.7219,24.84987],[121.71956,24.84656],[121.71975,24.84558],[121.71865,24.84563],[121.71559,24.84434],[121.71521,24.84291],[121.71429,24.84179],[121.7111,24.84128],[121.71107,24.84123],[121.71101,24.84117],[121.70899,24.84058],[121.70842,24.83913],[121.70751,24.83884],[121.70596,24.84016],[121.70492,24.84171],[121.7022,24.84272],[121.6974,24.84308],[121.69662,24.84358],[121.69434,24.84358],[121.69204,24.84502],[121.69175,24.84647],[121.69059,24.84821],[121.68863,24.84835],[121.68781,24.84984],[121.68658,24.84992],[121.68535,24.84942],[121.68456,24.8499],[121.68213,24.85018],[121.68175,24.84964],[121.6796,24.84967],[121.67787,24.84897],[121.67742,24.8497],[121.67367,24.84891],[121.67313,24.84925],[121.66988,24.84807],[121.6665,24.84995],[121.66562,24.85037],[121.66477,24.84964],[121.66208,24.85001],[121.65975,24.85082],[121.65795,24.8504],[121.65716,24.84967],[121.65501,24.85138],[121.65457,24.85284],[121.65378,24.8534],[121.65299,24.85522],[121.65129,24.85604],[121.65062,24.85694],[121.64564,24.85952],[121.64466,24.86072],[121.64712,24.86386],[121.64782,24.86695],[121.64838,24.86787],[121.65031,24.86841],[121.65091,24.86942],[121.65321,24.87045],[121.65321,24.87219],[121.65359,24.87477],[121.65422,24.87696],[121.65258,24.87834],[121.65088,24.87881],[121.64971,24.88019],[121.64977,24.88108],[121.65081,24.8826],[121.6516,24.8849],[121.65151,24.88754],[121.65293,24.89017],[121.65104,24.89242],[121.64993,24.89289],[121.64886,24.89522],[121.65157,24.89758],[121.65283,24.89763],[121.65315,24.89853],[121.65732,24.89993],[121.66019,24.90133],[121.66208,24.90347],[121.66183,24.90529],[121.66316,24.90647],[121.6647,24.90692],[121.66603,24.90835],[121.66429,24.91079],[121.6642,24.91278],[121.66322,24.91494],[121.66357,24.91572],[121.66593,24.91707],[121.66909,24.91769],[121.67316,24.91993],[121.67512,24.92161],[121.6766,24.92145],[121.6779,24.92215],[121.67626,24.9231],[121.67528,24.92565],[121.67455,24.92669],[121.67143,24.92857],[121.67016,24.93014],[121.6696,24.93889],[121.6671,24.93973],[121.66663,24.94099],[121.66647,24.94425],[121.6659,24.94554],[121.66612,24.94817],[121.66568,24.94977],[121.66717,24.95247],[121.6684,24.95224],[121.67073,24.95263],[121.6731,24.95356],[121.67581,24.95412],[121.67888,24.95418],[121.68026,24.95446],[121.68247,24.95611],[121.6832,24.95743],[121.68513,24.9583],[121.68566,24.95981],[121.68771,24.96282],[121.68882,24.96352],[121.68977,24.96343],[121.69144,24.96315],[121.69387,24.96444],[121.6975,24.96486],[121.69864,24.96467],[121.7004,24.96663],[121.70217,24.9668],[121.70315,24.96786],[121.70466,24.97064],[121.70634,24.97134],[121.70823,24.97272],[121.7112,24.97182],[121.71205,24.97241],[121.71565,24.97081],[121.71773,24.97143],[121.71817,24.9749],[121.72064,24.97406],[121.72174,24.97412],[121.72468,24.97513],[121.72619,24.97468],[121.72888,24.97504],[121.73086,24.97586],[121.73314,24.97597],[121.73386,24.97642],[121.73636,24.97572],[121.73702,24.97748],[121.73765,24.97757],[121.73888,24.97978],[121.7398,24.97908],[121.74245,24.9797],[121.74412,24.9751],[121.74627,24.97518],[121.7481,24.97417],[121.74933,24.97465],[121.7522,24.97712],[121.75315,24.9767],[121.75643,24.97768],[121.75858,24.9769],[121.76066,24.97861],[121.76227,24.97891],[121.76363,24.98057],[121.76757,24.97956],[121.76944,24.97987],[121.77158,24.9797],[121.77313,24.98136],[121.77351,24.98267],[121.77559,24.98548],[121.77714,24.98486],[121.77951,24.98377],[121.78165,24.982],[121.78516,24.982],[121.78655,24.98307],[121.78961,24.98309],[121.791,24.9836],[121.79232,24.98346],[121.79289,24.98253],[121.79276,24.98079],[121.79368,24.97962],[121.79406,24.97743],[121.79387,24.97317],[121.79191,24.9703],[121.79179,24.96812],[121.79216,24.96624],[121.79068,24.96436],[121.79087,24.96237],[121.79018,24.96063],[121.79125,24.95763],[121.79112,24.95606],[121.79213,24.9546],[121.79327,24.95435],[121.79314,24.95325],[121.79232,24.95168],[121.79109,24.95126],[121.78882,24.94646],[121.78774,24.94475],[121.78797,24.94372],[121.78951,24.94057],[121.78853,24.93928],[121.78626,24.93701],[121.78601,24.93432],[121.785,24.93334],[121.78544,24.93208],[121.78481,24.93022],[121.7831,24.92882],[121.78194,24.92832],[121.78074,24.9233],[121.77815,24.91971],[121.77887,24.91909],[121.78165,24.91791],[121.78399,24.91561],[121.78475,24.91401],[121.78503,24.91028],[121.78629,24.9063],[121.78781,24.90622],[121.79021,24.90369],[121.79119,24.90335],[121.79134,24.90232],[121.79223,24.90167],[121.79343,24.89976],[121.79179,24.89954],[121.79207,24.89755],[121.79308,24.89699],[121.79302,24.89626],[121.79059,24.89458],[121.79002,24.89345],[121.78819,24.89278],[121.78686,24.89292],[121.78566,24.89233],[121.78579,24.89093],[121.78582,24.89085],[121.78421,24.89026],[121.78301,24.8904],[121.78165,24.88941],[121.78222,24.88737],[121.78194,24.88459],[121.78225,24.88316],[121.78191,24.8824],[121.78241,24.88044],[121.78225,24.87921],[121.78421,24.87766],[121.78516,24.87413],[121.78456,24.87362],[121.7832,24.87421],[121.782,24.87315],[121.77916,24.87141],[121.77739,24.87082],[121.77704,24.86936],[121.77701,24.86933],[121.77701,24.8693]]]}},{"type":"Feature","properties":{"TOWNCODE":"65000080","TOWNNAME":"鶯歌區","COUNTYNAME":"新北市"},"geometry":{"type":"Polygon","coordinates":[[[121.32566,24.97143],[121.32487,24.97112],[121.32474,24.97109],[121.32402,24.97131],[121.32402,24.97134],[121.32367,24.97283],[121.32743,24.97474],[121.32743,24.97544],[121.32863,24.97631],[121.32714,24.97765],[121.3274,24.97844],[121.3285,24.97841],[121.32979,24.97903],[121.32983,24.97906],[121.33074,24.97934],[121.33077,24.97934],[121.33084,24.97934],[121.33159,24.97863],[121.33399,24.97875],[121.33469,24.97976],[121.33592,24.9799],[121.33658,24.9806],[121.33892,24.98068],[121.34024,24.98009],[121.34141,24.98057],[121.34144,24.9806],[121.34147,24.98063],[121.34267,24.98228],[121.34267,24.98231],[121.3427,24.98231],[121.34479,24.98029],[121.34734,24.97883],[121.34858,24.97976],[121.35009,24.97995],[121.35233,24.98085],[121.35312,24.98009],[121.35334,24.97852],[121.35397,24.97782],[121.35407,24.97779],[121.35773,24.97782],[121.35925,24.97819],[121.3612,24.97779],[121.36136,24.9788],[121.36373,24.97959],[121.36508,24.97855],[121.36685,24.97791],[121.3689,24.97681],[121.36856,24.97552],[121.36963,24.97356],[121.37073,24.97244],[121.3743,24.97073],[121.37525,24.96862],[121.37661,24.96739],[121.37825,24.96542],[121.38115,24.96551],[121.38226,24.96472],[121.38039,24.96324],[121.37863,24.96085],[121.37421,24.95833],[121.37231,24.9567],[121.36827,24.9555],[121.36616,24.95477],[121.36568,24.95263],[121.36594,24.9521],[121.36455,24.94921],[121.36322,24.94753],[121.36174,24.94674],[121.36139,24.94554],[121.35972,24.94372],[121.35912,24.94217],[121.357,24.94102],[121.35012,24.93718],[121.3487,24.93656],[121.34687,24.93443],[121.34397,24.93132],[121.33977,24.92851],[121.33734,24.92865],[121.33715,24.92871],[121.33428,24.92972],[121.33324,24.92983],[121.32942,24.92935],[121.32926,24.92933],[121.32919,24.9293],[121.32471,24.92868],[121.32206,24.92804],[121.32323,24.93129],[121.3219,24.93233],[121.32092,24.93252],[121.3207,24.93365],[121.3183,24.93471],[121.31578,24.93847],[121.31853,24.94021],[121.32414,24.94329],[121.32437,24.94338],[121.32787,24.94428],[121.33043,24.94453],[121.33163,24.94562],[121.33163,24.94576],[121.3302,24.94655],[121.32837,24.94854],[121.32828,24.94865],[121.328,24.94918],[121.32809,24.95521],[121.32809,24.95527],[121.32812,24.95533],[121.32812,24.95547],[121.32869,24.95743],[121.32897,24.96007],[121.32907,24.96026],[121.3291,24.96029],[121.32913,24.9604],[121.32907,24.96214],[121.32907,24.96223],[121.32872,24.96397],[121.32869,24.96411],[121.32847,24.96584],[121.32979,24.96691],[121.32885,24.96789],[121.32755,24.96713],[121.32878,24.96941],[121.32882,24.96943],[121.32882,24.96946],[121.32885,24.96952],[121.32888,24.96955],[121.32888,24.9696],[121.32834,24.97101],[121.32825,24.9728],[121.32812,24.97286],[121.32575,24.97148],[121.32566,24.97143]]]}},{"type":"Feature","properties":{"TOWNCODE":"65000070","TOWNNAME":"樹林區","COUNTYNAME":"新北市"},"geometry":{"type":"Polygon","coordinates":[[[121.40893,25.01829],[121.40899,25.01832],[121.41123,25.01799],[121.41212,25.01944],[121.41234,25.02026],[121.41328,25.01975],[121.41388,25.01894],[121.41439,25.01947],[121.41685,25.01933],[121.41764,25.02003],[121.41881,25.01933],[121.42042,25.01866],[121.42152,25.01765],[121.42383,25.01681],[121.42364,25.01496],[121.42417,25.01358],[121.42648,25.01114],[121.42673,25.01052],[121.42632,25.00988],[121.42698,25.0082],[121.42806,25.00879],[121.42986,25.00679],[121.43008,25.00545],[121.43087,25.00489],[121.432,25.00357],[121.43131,25.00214],[121.43109,25.00009],[121.43039,24.9972],[121.43008,24.99521],[121.42888,24.99367],[121.42875,24.99255],[121.42777,24.99235],[121.42793,24.99184],[121.4261,24.99041],[121.42455,24.98842],[121.42446,24.98705],[121.42556,24.98537],[121.42657,24.98405],[121.42673,24.98144],[121.42632,24.98043],[121.4261,24.97945],[121.42692,24.97535],[121.4267,24.97294],[121.42882,24.97207],[121.42667,24.97176],[121.42531,24.97115],[121.42294,24.9689],[121.4207,24.968],[121.41767,24.96744],[121.41385,24.96638],[121.41341,24.96627],[121.41171,24.96517],[121.41041,24.96495],[121.41073,24.96399],[121.41,24.96248],[121.41029,24.95872],[121.41054,24.95622],[121.40997,24.95451],[121.40915,24.95331],[121.40757,24.95216],[121.40258,24.94817],[121.40167,24.94568],[121.4006,24.94444],[121.39725,24.94251],[121.39678,24.94313],[121.39583,24.9447],[121.39659,24.94573],[121.39602,24.94638],[121.39485,24.94635],[121.39359,24.94512],[121.38933,24.94509],[121.38519,24.9438],[121.38103,24.94405],[121.37923,24.94341],[121.37815,24.94534],[121.37812,24.94557],[121.37806,24.94557],[121.37607,24.94969],[121.3737,24.94874],[121.37165,24.94756],[121.3695,24.94658],[121.36796,24.94719],[121.36521,24.94731],[121.36426,24.94607],[121.36212,24.94501],[121.36139,24.94554],[121.36174,24.94674],[121.36322,24.94753],[121.36455,24.94921],[121.36594,24.9521],[121.36568,24.95263],[121.36616,24.95477],[121.36827,24.9555],[121.37231,24.9567],[121.37421,24.95833],[121.37863,24.96085],[121.38039,24.96324],[121.38226,24.96472],[121.38115,24.96551],[121.37825,24.96542],[121.37661,24.96739],[121.37525,24.96862],[121.3743,24.97073],[121.37073,24.97244],[121.36963,24.97356],[121.36856,24.97552],[121.3689,24.97681],[121.36903,24.97681],[121.37124,24.9783],[121.37241,24.97995],[121.37683,24.9813],[121.37875,24.98321],[121.37989,24.98374],[121.38002,24.9838],[121.38096,24.9843],[121.3827,24.98419],[121.38273,24.98424],[121.38276,24.98427],[121.38437,24.98553],[121.38456,24.98567],[121.38462,24.98567],[121.38497,24.98573],[121.3856,24.98635],[121.3856,24.9864],[121.3856,24.98643],[121.38339,24.98862],[121.38434,24.99179],[121.38365,24.99291],[121.38396,24.99544],[121.38399,24.99549],[121.38806,24.99642],[121.38999,24.99459],[121.39031,24.99347],[121.39428,24.99353],[121.39438,24.99361],[121.39649,24.99555],[121.39684,24.99729],[121.3987,24.99835],[121.4,24.99827],[121.40157,24.99917],[121.40255,24.99903],[121.40262,24.99897],[121.40325,24.99947],[121.40328,24.99956],[121.40331,24.99959],[121.40299,25.00057],[121.40202,25.00104],[121.40205,25.00253],[121.40015,25.00444],[121.39996,25.00573],[121.39993,25.00576],[121.39981,25.00581],[121.39952,25.00696],[121.39542,25.00907],[121.39371,25.0098],[121.39365,25.00982],[121.39207,25.011],[121.39128,25.01226],[121.3921,25.01254],[121.39261,25.01375],[121.39236,25.0149],[121.39296,25.0156],[121.39444,25.01465],[121.39605,25.01521],[121.3976,25.01622],[121.40164,25.01577],[121.40423,25.0172],[121.40432,25.01723],[121.40435,25.0172],[121.40438,25.0172],[121.40565,25.01712],[121.40757,25.01751],[121.4088,25.01821],[121.40883,25.01827],[121.4089,25.01829],[121.40893,25.01829]]]}},{"type":"Feature","properties":{"TOWNCODE":"65000130","TOWNNAME":"土城區","COUNTYNAME":"新北市"},"geometry":{"type":"Polygon","coordinates":[[[121.43709,24.93567],[121.43671,24.93558],[121.43592,24.93752],[121.43418,24.94029],[121.43257,24.94088],[121.43197,24.93993],[121.43058,24.93928],[121.42844,24.93889],[121.42689,24.93909],[121.42578,24.9385],[121.42222,24.93825],[121.41995,24.93878],[121.41856,24.9378],[121.41726,24.93774],[121.41597,24.93897],[121.41467,24.93942],[121.41411,24.94111],[121.41,24.94139],[121.40921,24.94189],[121.40975,24.94363],[121.40883,24.94601],[121.40846,24.94961],[121.40868,24.95126],[121.40757,24.95216],[121.40915,24.95331],[121.40997,24.95451],[121.41054,24.95622],[121.41029,24.95872],[121.41,24.96248],[121.41073,24.96399],[121.41041,24.96495],[121.41171,24.96517],[121.41341,24.96627],[121.41385,24.96638],[121.41767,24.96744],[121.4207,24.968],[121.42294,24.9689],[121.42531,24.97115],[121.42667,24.97176],[121.42882,24.97207],[121.43323,24.9751],[121.4344,24.97653],[121.43497,24.97883],[121.43475,24.98063],[121.43563,24.98225],[121.43718,24.98377],[121.43775,24.98497],[121.43844,24.98646],[121.43936,24.98736],[121.44008,24.98817],[121.44021,24.98932],[121.44034,24.9905],[121.44049,24.99221],[121.44204,24.99221],[121.44274,24.99288],[121.44428,24.99106],[121.44611,24.99184],[121.44715,24.9919],[121.44959,24.99305],[121.45018,24.99241],[121.45303,24.99098],[121.45372,24.99294],[121.45489,24.99572],[121.45612,24.99628],[121.45628,24.99636],[121.45618,24.99482],[121.45662,24.99302],[121.4571,24.9914],[121.45978,24.99067],[121.46019,24.99044],[121.46044,24.99005],[121.46044,24.99002],[121.4613,24.98929],[121.4631,24.9891],[121.46508,24.98994],[121.46556,24.99016],[121.4666,24.99075],[121.46717,24.99299],[121.46811,24.9937],[121.46821,24.99375],[121.46897,24.99462],[121.46906,24.99445],[121.46903,24.99316],[121.46998,24.99176],[121.47178,24.99361],[121.47297,24.99409],[121.47414,24.99356],[121.47534,24.99257],[121.47493,24.99201],[121.47578,24.99145],[121.4767,24.99081],[121.47752,24.99095],[121.47973,24.99033],[121.47847,24.98795],[121.47686,24.98584],[121.47484,24.98402],[121.47436,24.98399],[121.47417,24.98321],[121.47569,24.97934],[121.47692,24.97945],[121.47913,24.97765],[121.47941,24.97597],[121.48065,24.97538],[121.48166,24.97361],[121.48184,24.97319],[121.47957,24.97263],[121.47989,24.97011],[121.47948,24.9677],[121.47881,24.96699],[121.47982,24.96495],[121.47982,24.96394],[121.47869,24.96301],[121.47471,24.96094],[121.47187,24.95897],[121.47222,24.95614],[121.4708,24.95513],[121.4695,24.95449],[121.46783,24.95443],[121.46695,24.95311],[121.46691,24.95154],[121.46366,24.9493],[121.46177,24.9475],[121.45975,24.94775],[121.45751,24.9461],[121.45707,24.9461],[121.45609,24.9463],[121.45574,24.94526],[121.45413,24.94436],[121.45167,24.94436],[121.45012,24.94352],[121.44823,24.94172],[121.44744,24.94133],[121.44466,24.9399],[121.44233,24.93768],[121.43986,24.93704],[121.43892,24.93611],[121.43709,24.93567]]]}},{"type":"Feature","properties":{"TOWNCODE":"65000190","TOWNNAME":"石碇區","COUNTYNAME":"新北市"},"geometry":{"type":"Polygon","coordinates":[[[121.64466,24.86072],[121.64333,24.86061],[121.64153,24.86196],[121.64065,24.86198],[121.63847,24.86089],[121.63753,24.85932],[121.63689,24.85918],[121.63519,24.85741],[121.63405,24.85893],[121.63194,24.85935],[121.62957,24.86148],[121.62585,24.86142],[121.62307,24.86229],[121.62102,24.86322],[121.62045,24.86311],[121.61969,24.86162],[121.61795,24.86193],[121.61568,24.86072],[121.61492,24.86128],[121.61212,24.86196],[121.60927,24.86308],[121.60542,24.8633],[121.60129,24.86322],[121.59968,24.86392],[121.59772,24.86414],[121.59655,24.86599],[121.59554,24.86636],[121.5928,24.86614],[121.59141,24.86706],[121.59005,24.86933],[121.58822,24.87009],[121.58592,24.87163],[121.58516,24.87261],[121.58336,24.8734],[121.57979,24.8743],[121.57815,24.87418],[121.57575,24.87508],[121.57676,24.87786],[121.57768,24.87864],[121.57787,24.8801],[121.57695,24.88184],[121.5779,24.88322],[121.57683,24.88439],[121.57638,24.88599],[121.57664,24.88779],[121.57761,24.88908],[121.57818,24.89068],[121.57806,24.89292],[121.57888,24.89542],[121.57825,24.89688],[121.57623,24.89873],[121.57168,24.90016],[121.56919,24.90164],[121.56859,24.90271],[121.56653,24.90372],[121.56925,24.90549],[121.57089,24.90714],[121.57111,24.90807],[121.57316,24.90899],[121.57837,24.90877],[121.58064,24.90955],[121.58503,24.91171],[121.58869,24.91424],[121.59037,24.91455],[121.5927,24.9141],[121.59406,24.91323],[121.59529,24.91101],[121.59728,24.91017],[121.59857,24.91053],[121.59706,24.91185],[121.59665,24.91446],[121.59681,24.91743],[121.59576,24.91968],[121.59561,24.92386],[121.59485,24.92506],[121.59428,24.92708],[121.59504,24.92877],[121.59554,24.93115],[121.59652,24.93292],[121.5964,24.9348],[121.59775,24.93757],[121.59987,24.93914],[121.59943,24.94127],[121.59804,24.94304],[121.59794,24.94458],[121.59965,24.94495],[121.60069,24.94565],[121.60113,24.94705],[121.60448,24.94702],[121.60561,24.94638],[121.60672,24.94649],[121.60703,24.94739],[121.60643,24.94961],[121.60845,24.95199],[121.60773,24.95634],[121.61022,24.95679],[121.61057,24.95942],[121.60924,24.96402],[121.61047,24.965],[121.61205,24.9654],[121.61366,24.96643],[121.61496,24.96615],[121.61694,24.9675],[121.61786,24.96688],[121.61963,24.96716],[121.61997,24.96927],[121.62433,24.97103],[121.62503,24.97117],[121.62888,24.97384],[121.6315,24.97547],[121.6339,24.97768],[121.63674,24.9788],[121.63759,24.97998],[121.63907,24.98057],[121.63885,24.98172],[121.63775,24.98337],[121.63781,24.98438],[121.63702,24.98744],[121.63756,24.98809],[121.63711,24.98946],[121.63778,24.99128],[121.63639,24.99257],[121.63655,24.99358],[121.6379,24.9951],[121.63879,24.99479],[121.64052,24.99518],[121.64378,24.99513],[121.64412,24.99664],[121.64567,24.99818],[121.6451,24.99947],[121.64523,25.00149],[121.64469,25.00208],[121.64182,25.00228],[121.64024,25.00262],[121.63926,25.00393],[121.63923,25.00545],[121.63992,25.00651],[121.64144,25.00758],[121.64062,25.00895],[121.64097,25.01123],[121.64046,25.01218],[121.64109,25.014],[121.64103,25.01549],[121.64024,25.019],[121.6392,25.02051],[121.64024,25.02214],[121.64024,25.02354],[121.64027,25.02354],[121.64299,25.02455],[121.64466,25.02374],[121.64611,25.02174],[121.64706,25.02186],[121.6499,25.02396],[121.65211,25.02399],[121.65381,25.02444],[121.65549,25.02371],[121.65773,25.02323],[121.65823,25.02357],[121.66057,25.0234],[121.66063,25.0234],[121.66069,25.0234],[121.66284,25.02275],[121.66347,25.02295],[121.66404,25.02317],[121.6654,25.02601],[121.66486,25.0273],[121.66584,25.02996],[121.66584,25.03372],[121.66764,25.03316],[121.67051,25.03268],[121.67222,25.03439],[121.67449,25.0349],[121.67714,25.03481],[121.67853,25.03644],[121.68115,25.03753],[121.68288,25.03913],[121.68418,25.04009],[121.68633,25.04031],[121.68762,25.04121],[121.6886,25.04163],[121.69122,25.0416],[121.69235,25.04191],[121.69381,25.04093],[121.69561,25.04076],[121.69576,25.03919],[121.69633,25.03852],[121.69554,25.03692],[121.69693,25.03509],[121.69807,25.0349],[121.69974,25.03397],[121.70167,25.03392],[121.70318,25.03198],[121.70321,25.02949],[121.70451,25.02738],[121.70438,25.02657],[121.7023,25.02542],[121.70107,25.02326],[121.70258,25.02138],[121.70435,25.01821],[121.70567,25.0179],[121.70694,25.01706],[121.70609,25.01512],[121.70924,25.01184],[121.71013,25.01159],[121.71192,25.00971],[121.71363,25.00601],[121.71641,25.00671],[121.71792,25.00741],[121.71966,25.00738],[121.72095,25.00873],[121.72114,25.00881],[121.72222,25.00761],[121.72263,25.00539],[121.72174,25.00124],[121.72051,25.0009],[121.72079,24.99939],[121.72165,24.99818],[121.72319,24.99692],[121.72515,24.99204],[121.72651,24.99025],[121.72679,24.98918],[121.72525,24.98775],[121.72455,24.98629],[121.72458,24.98368],[121.72367,24.98259],[121.72203,24.98239],[121.72092,24.98136],[121.72064,24.98023],[121.71852,24.98004],[121.71726,24.97917],[121.71735,24.97816],[121.71824,24.97692],[121.71817,24.9749],[121.71773,24.97143],[121.71565,24.97081],[121.71205,24.97241],[121.7112,24.97182],[121.70823,24.97272],[121.70634,24.97134],[121.70466,24.97064],[121.70315,24.96786],[121.70217,24.9668],[121.7004,24.96663],[121.69864,24.96467],[121.6975,24.96486],[121.69387,24.96444],[121.69144,24.96315],[121.68977,24.96343],[121.68882,24.96352],[121.68771,24.96282],[121.68566,24.95981],[121.68513,24.9583],[121.6832,24.95743],[121.68247,24.95611],[121.68026,24.95446],[121.67888,24.95418],[121.67581,24.95412],[121.6731,24.95356],[121.67073,24.95263],[121.6684,24.95224],[121.66717,24.95247],[121.66568,24.94977],[121.66612,24.94817],[121.6659,24.94554],[121.66647,24.94425],[121.66663,24.94099],[121.6671,24.93973],[121.6696,24.93889],[121.67016,24.93014],[121.67143,24.92857],[121.67455,24.92669],[121.67528,24.92565],[121.67626,24.9231],[121.6779,24.92215],[121.6766,24.92145],[121.67512,24.92161],[121.67316,24.91993],[121.66909,24.91769],[121.66593,24.91707],[121.66357,24.91572],[121.66322,24.91494],[121.6642,24.91278],[121.66429,24.91079],[121.66603,24.90835],[121.6647,24.90692],[121.66316,24.90647],[121.66183,24.90529],[121.66208,24.90347],[121.66019,24.90133],[121.65732,24.89993],[121.65315,24.89853],[121.65283,24.89763],[121.65157,24.89758],[121.64886,24.89522],[121.64993,24.89289],[121.65104,24.89242],[121.65293,24.89017],[121.65151,24.88754],[121.6516,24.8849],[121.65081,24.8826],[121.64977,24.88108],[121.64971,24.88019],[121.65088,24.87881],[121.65258,24.87834],[121.65422,24.87696],[121.65359,24.87477],[121.65321,24.87219],[121.65321,24.87045],[121.65091,24.86942],[121.65031,24.86841],[121.64838,24.86787],[121.64782,24.86695],[121.64712,24.86386],[121.64466,24.86072]]]}},{"type":"Feature","properties":{"TOWNCODE":"65000030","TOWNNAME":"中和區","COUNTYNAME":"新北市"},"geometry":{"type":"Polygon","coordinates":[[[121.48873,24.96627],[121.48551,24.96475],[121.48428,24.96472],[121.48248,24.96335],[121.48115,24.96397],[121.47982,24.96394],[121.47982,24.96495],[121.47881,24.96699],[121.47948,24.9677],[121.47989,24.97011],[121.47957,24.97263],[121.48184,24.97319],[121.48166,24.97361],[121.48065,24.97538],[121.47941,24.97597],[121.47913,24.97765],[121.47692,24.97945],[121.47569,24.97934],[121.47417,24.98321],[121.47436,24.98399],[121.47484,24.98402],[121.47686,24.98584],[121.47847,24.98795],[121.47973,24.99033],[121.47752,24.99095],[121.4767,24.99081],[121.47578,24.99145],[121.47493,24.99201],[121.47534,24.99257],[121.47414,24.99356],[121.47297,24.99409],[121.47178,24.99361],[121.46998,24.99176],[121.46903,24.99316],[121.46906,24.99445],[121.46897,24.99462],[121.46821,24.99375],[121.46811,24.9937],[121.46717,24.99299],[121.46628,24.99294],[121.46439,24.99529],[121.46502,24.99698],[121.46518,24.99717],[121.46575,24.99858],[121.46654,25.00043],[121.46584,25.00205],[121.46625,25.00219],[121.46628,25.00219],[121.46682,25.00287],[121.4684,25.00332],[121.46796,25.00419],[121.46796,25.00447],[121.47095,25.00657],[121.47111,25.00663],[121.47212,25.00713],[121.47323,25.00808],[121.47408,25.00884],[121.47607,25.01111],[121.48096,25.01162],[121.48203,25.01125],[121.48194,25.01313],[121.48254,25.01454],[121.48226,25.01518],[121.482,25.01571],[121.48424,25.01571],[121.48869,25.01574],[121.48869,25.01569],[121.48955,25.01316],[121.49027,25.01282],[121.49267,25.00954],[121.49403,25.00918],[121.49482,25.00839],[121.49636,25.00834],[121.49744,25.00895],[121.49829,25.0087],[121.49845,25.00851],[121.50069,25.00792],[121.50255,25.00713],[121.50366,25.00702],[121.50552,25.00609],[121.50568,25.00598],[121.50725,25.00531],[121.50814,25.00447],[121.50899,25.00391],[121.50864,25.00248],[121.50738,25.00177],[121.5064,25.00068],[121.50675,24.99978],[121.50871,25.00001],[121.51,25.00149],[121.51006,25.00155],[121.51256,25.00433],[121.51445,25.00388],[121.51451,25.00377],[121.51502,25.00175],[121.5142,24.99945],[121.51433,24.999],[121.51496,24.99813],[121.5136,24.99546],[121.51341,24.99518],[121.51224,24.99358],[121.51385,24.99344],[121.51493,24.99454],[121.51635,24.9951],[121.51695,24.99532],[121.51827,24.99588],[121.52035,24.99625],[121.52086,24.99636],[121.52247,24.99684],[121.52569,24.99751],[121.5266,24.99566],[121.52664,24.99555],[121.52828,24.99544],[121.53137,24.99544],[121.53175,24.99322],[121.53137,24.99255],[121.53169,24.99053],[121.53033,24.98918],[121.5278,24.98702],[121.52739,24.98702],[121.52534,24.98514],[121.52354,24.98388],[121.52253,24.98511],[121.52345,24.98789],[121.52162,24.98834],[121.51887,24.98831],[121.51783,24.98767],[121.51713,24.98786],[121.5154,24.98649],[121.51537,24.98649],[121.51477,24.98492],[121.51401,24.98368],[121.51398,24.98152],[121.51262,24.9799],[121.51183,24.97956],[121.51088,24.9781],[121.50899,24.9765],[121.50713,24.97594],[121.50587,24.9744],[121.50407,24.97319],[121.50426,24.97269],[121.50284,24.97134],[121.50198,24.96986],[121.50097,24.97014],[121.49952,24.9707],[121.49772,24.97075],[121.49696,24.97008],[121.49501,24.96879],[121.4939,24.9689],[121.49179,24.96739],[121.49043,24.9673],[121.48873,24.96627]]]}},{"type":"Feature","properties":{"TOWNCODE":"65000010","TOWNNAME":"板橋區","COUNTYNAME":"新北市"},"geometry":{"type":"Polygon","coordinates":[[[121.43323,24.9751],[121.42882,24.97207],[121.4267,24.97294],[121.42692,24.97535],[121.4261,24.97945],[121.42632,24.98043],[121.42673,24.98144],[121.42657,24.98405],[121.42556,24.98537],[121.42446,24.98705],[121.42455,24.98842],[121.4261,24.99041],[121.42793,24.99184],[121.42777,24.99235],[121.42875,24.99255],[121.42888,24.99367],[121.43008,24.99521],[121.43093,24.99625],[121.4308,24.99813],[121.43178,24.99931],[121.43346,25.00018],[121.43639,25.00018],[121.43645,25.00079],[121.43699,25.00315],[121.43686,25.00458],[121.43705,25.00825],[121.43765,25.01066],[121.43863,25.01246],[121.44034,25.0151],[121.44264,25.01807],[121.44435,25.02073],[121.44539,25.02239],[121.44583,25.02329],[121.44876,25.02733],[121.45227,25.03094],[121.4528,25.03136],[121.45495,25.03293],[121.45817,25.03481],[121.4613,25.03655],[121.46625,25.03852],[121.46953,25.03922],[121.47196,25.03939],[121.47837,25.03983],[121.48109,25.03936],[121.48525,25.03922],[121.48412,25.03765],[121.48364,25.03529],[121.48371,25.03507],[121.48415,25.03358],[121.48421,25.03341],[121.48424,25.03338],[121.48525,25.03092],[121.48529,25.03083],[121.48535,25.03075],[121.48648,25.02853],[121.48655,25.02845],[121.48661,25.02828],[121.48727,25.02747],[121.48734,25.02741],[121.48753,25.0271],[121.48753,25.02707],[121.48756,25.02702],[121.48759,25.02604],[121.48866,25.02368],[121.48866,25.02365],[121.48869,25.02357],[121.48873,25.02354],[121.48857,25.02188],[121.48857,25.02186],[121.48857,25.02169],[121.48841,25.02082],[121.48841,25.02079],[121.48841,25.02076],[121.48854,25.01928],[121.48854,25.01925],[121.4886,25.01667],[121.4886,25.01661],[121.48869,25.01574],[121.48424,25.01571],[121.482,25.01571],[121.48226,25.01518],[121.48254,25.01454],[121.48194,25.01313],[121.48203,25.01125],[121.48096,25.01162],[121.47607,25.01111],[121.47408,25.00884],[121.47323,25.00808],[121.47212,25.00713],[121.47111,25.00663],[121.47095,25.00657],[121.46796,25.00447],[121.46796,25.00419],[121.4684,25.00332],[121.46682,25.00287],[121.46628,25.00219],[121.46625,25.00219],[121.46584,25.00205],[121.46654,25.00043],[121.46575,24.99858],[121.46518,24.99717],[121.46502,24.99698],[121.46439,24.99529],[121.46628,24.99294],[121.46717,24.99299],[121.4666,24.99075],[121.46556,24.99016],[121.46508,24.98994],[121.4631,24.9891],[121.4613,24.98929],[121.46044,24.99002],[121.46044,24.99005],[121.46019,24.99044],[121.45978,24.99067],[121.4571,24.9914],[121.45662,24.99302],[121.45618,24.99482],[121.45628,24.99636],[121.45612,24.99628],[121.45489,24.99572],[121.45372,24.99294],[121.45303,24.99098],[121.45018,24.99241],[121.44959,24.99305],[121.44715,24.9919],[121.44611,24.99184],[121.44428,24.99106],[121.44274,24.99288],[121.44204,24.99221],[121.44049,24.99221],[121.44034,24.9905],[121.44021,24.98932],[121.44008,24.98817],[121.43936,24.98736],[121.43844,24.98646],[121.43775,24.98497],[121.43718,24.98377],[121.43563,24.98225],[121.43475,24.98063],[121.43497,24.97883],[121.4344,24.97653],[121.43323,24.9751]]]}},{"type":"Feature","properties":{"TOWNCODE":"65000040","TOWNNAME":"永和區","COUNTYNAME":"新北市"},"geometry":{"type":"Polygon","coordinates":[[[121.51635,24.9951],[121.51493,24.99454],[121.51385,24.99344],[121.51224,24.99358],[121.51341,24.99518],[121.5136,24.99546],[121.51496,24.99813],[121.51433,24.999],[121.5142,24.99945],[121.51502,25.00175],[121.51451,25.00377],[121.51445,25.00388],[121.51256,25.00433],[121.51006,25.00155],[121.51,25.00149],[121.50871,25.00001],[121.50675,24.99978],[121.5064,25.00068],[121.50738,25.00177],[121.50864,25.00248],[121.50899,25.00391],[121.50814,25.00447],[121.50725,25.00531],[121.50568,25.00598],[121.50552,25.00609],[121.50366,25.00702],[121.50255,25.00713],[121.50069,25.00792],[121.49845,25.00851],[121.49829,25.0087],[121.50044,25.00996],[121.50457,25.01336],[121.50675,25.01543],[121.50767,25.01627],[121.50912,25.01717],[121.51148,25.01801],[121.51259,25.01827],[121.51549,25.01813],[121.51881,25.01698],[121.51994,25.01611],[121.52051,25.01549],[121.52181,25.01381],[121.52405,25.01044],[121.52506,25.00904],[121.52515,25.00887],[121.52714,25.00584],[121.52812,25.00427],[121.52888,25.00175],[121.52881,24.99874],[121.52866,24.99773],[121.52828,24.99544],[121.52664,24.99555],[121.5266,24.99566],[121.52569,24.99751],[121.52247,24.99684],[121.52086,24.99636],[121.52035,24.99625],[121.51827,24.99588],[121.51695,24.99532],[121.51635,24.9951]]]}},{"type":"Feature","properties":{"TOWNCODE":"65000250","TOWNNAME":"雙溪區","COUNTYNAME":"新北市"},"geometry":{"type":"Polygon","coordinates":[[[121.83187,24.90495],[121.82796,24.90535],[121.82701,24.90453],[121.82597,24.90523],[121.8224,24.90453],[121.82209,24.9042],[121.82206,24.9042],[121.82196,24.90417],[121.81985,24.90291],[121.81827,24.90274],[121.81641,24.90369],[121.8154,24.9047],[121.81344,24.90546],[121.8117,24.90652],[121.81044,24.90521],[121.8105,24.90366],[121.80855,24.90291],[121.80612,24.90251],[121.80454,24.90117],[121.80312,24.90173],[121.8022,24.901],[121.80006,24.90122],[121.79905,24.90091],[121.79709,24.90159],[121.79535,24.89982],[121.79343,24.89976],[121.79223,24.90167],[121.79134,24.90232],[121.79119,24.90335],[121.79021,24.90369],[121.78781,24.90622],[121.78629,24.9063],[121.78503,24.91028],[121.78475,24.91401],[121.78399,24.91561],[121.78165,24.91791],[121.77887,24.91909],[121.77815,24.91971],[121.78074,24.9233],[121.78194,24.92832],[121.7831,24.92882],[121.78481,24.93022],[121.78544,24.93208],[121.785,24.93334],[121.78601,24.93432],[121.78626,24.93701],[121.78853,24.93928],[121.78951,24.94057],[121.78797,24.94372],[121.78774,24.94475],[121.78882,24.94646],[121.79109,24.95126],[121.79232,24.95168],[121.79314,24.95325],[121.79327,24.95435],[121.79213,24.9546],[121.79112,24.95606],[121.79125,24.95763],[121.79018,24.96063],[121.79087,24.96237],[121.79068,24.96436],[121.79216,24.96624],[121.79179,24.96812],[121.79191,24.9703],[121.79387,24.97317],[121.79406,24.97743],[121.79368,24.97962],[121.79276,24.98079],[121.79289,24.98253],[121.79232,24.98346],[121.791,24.9836],[121.78961,24.98309],[121.78655,24.98307],[121.78516,24.982],[121.78165,24.982],[121.77951,24.98377],[121.77714,24.98486],[121.77581,24.98553],[121.77559,24.98668],[121.77433,24.98856],[121.7731,24.98915],[121.77111,24.98896],[121.76871,24.99013],[121.76862,24.99112],[121.76694,24.99285],[121.76473,24.99358],[121.76442,24.99527],[121.76369,24.99619],[121.76893,24.99975],[121.77114,25.00034],[121.7725,25.00166],[121.77471,25.0025],[121.77708,25.0057],[121.77805,25.00635],[121.77932,25.00643],[121.77869,25.00761],[121.78017,25.0105],[121.78203,25.01123],[121.78225,25.01207],[121.78443,25.01397],[121.78421,25.01496],[121.78449,25.01765],[121.78692,25.02051],[121.78797,25.02101],[121.78917,25.02303],[121.79106,25.02287],[121.79261,25.02354],[121.79715,25.02766],[121.79804,25.02892],[121.79961,25.03019],[121.80258,25.03086],[121.80372,25.03089],[121.80444,25.03156],[121.80656,25.03159],[121.80874,25.03526],[121.80845,25.03689],[121.80889,25.03759],[121.81208,25.04045],[121.81461,25.04143],[121.81596,25.04096],[121.81688,25.04213],[121.81805,25.04205],[121.82032,25.04359],[121.82149,25.04584],[121.82376,25.04581],[121.82477,25.04491],[121.82689,25.04494],[121.82764,25.04553],[121.8308,25.04483],[121.83168,25.04418],[121.83396,25.04438],[121.83471,25.04589],[121.83471,25.0476],[121.83383,25.04839],[121.83374,25.05052],[121.8319,25.05369],[121.83165,25.0549],[121.83077,25.05563],[121.83042,25.05689],[121.83127,25.05804],[121.83058,25.05902],[121.83052,25.06196],[121.82966,25.06325],[121.82976,25.06502],[121.83149,25.06729],[121.83238,25.0692],[121.83213,25.07041],[121.8325,25.07184],[121.83516,25.07372],[121.83642,25.07402],[121.83888,25.07616],[121.8404,25.07809],[121.84093,25.08081],[121.84286,25.08227],[121.84399,25.08474],[121.84526,25.0867],[121.84766,25.08934],[121.84993,25.08897],[121.85154,25.08911],[121.85185,25.09122],[121.85258,25.09203],[121.85315,25.09461],[121.85454,25.09585],[121.85634,25.09641],[121.85735,25.0973],[121.85826,25.09646],[121.8612,25.09646],[121.86192,25.09649],[121.86543,25.0952],[121.86641,25.09514],[121.86707,25.09411],[121.86855,25.09377],[121.87041,25.09399],[121.87231,25.09374],[121.87417,25.095],[121.87553,25.09461],[121.87647,25.09341],[121.87704,25.09172],[121.87651,25.09063],[121.876,25.08746],[121.8767,25.08541],[121.87742,25.08502],[121.8784,25.08311],[121.87805,25.08174],[121.87818,25.08],[121.87717,25.07661],[121.87764,25.07473],[121.87859,25.07372],[121.87995,25.07243],[121.88231,25.07237],[121.88307,25.0715],[121.88314,25.06968],[121.88383,25.06909],[121.88566,25.06595],[121.88579,25.06513],[121.88708,25.06362],[121.88743,25.06146],[121.8879,25.06062],[121.88784,25.05787],[121.88904,25.05635],[121.8892,25.05481],[121.8904,25.05377],[121.89027,25.05257],[121.88885,25.05094],[121.88875,25.04934],[121.88939,25.04786],[121.88762,25.04553],[121.88781,25.04463],[121.88995,25.04387],[121.89043,25.04202],[121.89257,25.04183],[121.89327,25.04121],[121.89437,25.04059],[121.89608,25.04059],[121.89677,25.03925],[121.89582,25.03734],[121.89516,25.03484],[121.89406,25.03302],[121.89421,25.03142],[121.89216,25.02867],[121.89343,25.02648],[121.89387,25.0248],[121.89264,25.02469],[121.89159,25.02404],[121.88964,25.02096],[121.88819,25.02071],[121.88825,25.01922],[121.88964,25.01902],[121.89084,25.01829],[121.89115,25.01641],[121.8898,25.01569],[121.88708,25.01411],[121.88503,25.0149],[121.88411,25.01434],[121.88165,25.01395],[121.88048,25.01336],[121.88045,25.01156],[121.87875,25.01069],[121.87862,25.0071],[121.87647,25.00489],[121.87594,25.00371],[121.87569,25.00076],[121.87531,24.99936],[121.87253,24.99656],[121.87161,24.99518],[121.87098,24.99322],[121.86981,24.99218],[121.8688,24.99201],[121.86748,24.99053],[121.86603,24.98955],[121.86527,24.98775],[121.86382,24.98551],[121.86514,24.98408],[121.86416,24.98245],[121.8624,24.98155],[121.86259,24.97964],[121.86186,24.97782],[121.86183,24.97583],[121.86227,24.97504],[121.86132,24.97479],[121.86085,24.97359],[121.86094,24.97117],[121.8617,24.96775],[121.86063,24.96565],[121.86126,24.96366],[121.8588,24.9634],[121.85432,24.96153],[121.85397,24.95995],[121.85258,24.95962],[121.85037,24.96119],[121.84876,24.95998],[121.84718,24.96035],[121.84554,24.95923],[121.8451,24.95768],[121.84349,24.9569],[121.84298,24.95519],[121.84137,24.95415],[121.84125,24.95258],[121.84178,24.95134],[121.84071,24.94787],[121.83923,24.94635],[121.83904,24.94464],[121.83986,24.9422],[121.8415,24.94097],[121.84245,24.93937],[121.84582,24.93833],[121.84661,24.93785],[121.84791,24.9353],[121.84781,24.93401],[121.84939,24.93109],[121.84914,24.93034],[121.85173,24.92919],[121.85362,24.92795],[121.85375,24.92792],[121.85375,24.9279],[121.85397,24.92593],[121.85211,24.92372],[121.85084,24.92341],[121.85021,24.92248],[121.8456,24.91937],[121.84485,24.91718],[121.84333,24.91541],[121.83954,24.91267],[121.83803,24.91006],[121.83658,24.90854],[121.8344,24.90683],[121.83345,24.90675],[121.83197,24.90501],[121.83194,24.90498],[121.83187,24.90495]]]}},{"type":"Feature","properties":{"TOWNCODE":"65000180","TOWNNAME":"深坑區","COUNTYNAME":"新北市"},"geometry":{"type":"Polygon","coordinates":[[[121.62888,24.97384],[121.62503,24.97117],[121.62433,24.97103],[121.61997,24.96927],[121.61919,24.97058],[121.61723,24.97112],[121.61717,24.97115],[121.61549,24.97224],[121.61414,24.97359],[121.61344,24.97336],[121.61126,24.97462],[121.61006,24.97426],[121.60823,24.97451],[121.60511,24.97443],[121.60283,24.97591],[121.6005,24.9767],[121.59977,24.97771],[121.59971,24.97779],[121.59968,24.97782],[121.59933,24.97869],[121.60069,24.98032],[121.59987,24.98646],[121.60186,24.98795],[121.60189,24.99044],[121.59908,24.99176],[121.59927,24.99314],[121.59845,24.99367],[121.59832,24.9951],[121.59835,24.9951],[121.59958,24.99642],[121.59971,24.99762],[121.60053,24.99849],[121.60056,25.00071],[121.59946,25.00278],[121.59943,25.00281],[121.59936,25.00284],[121.59709,25.00455],[121.59614,25.00427],[121.59605,25.0043],[121.59602,25.00433],[121.59599,25.00435],[121.59564,25.00716],[121.59652,25.01193],[121.59747,25.01305],[121.59728,25.01437],[121.5975,25.01479],[121.60271,25.01515],[121.60306,25.01681],[121.60413,25.01908],[121.6082,25.01944],[121.60937,25.0209],[121.60981,25.0202],[121.6135,25.01914],[121.61587,25.01967],[121.61597,25.0197],[121.61739,25.01846],[121.61922,25.01813],[121.62064,25.01835],[121.62143,25.01793],[121.62149,25.0179],[121.62155,25.01787],[121.6225,25.01737],[121.62616,25.01863],[121.62705,25.01958],[121.6279,25.0195],[121.62806,25.01953],[121.629,25.02],[121.63027,25.02222],[121.63093,25.02472],[121.63244,25.02564],[121.63456,25.02432],[121.6356,25.02402],[121.63569,25.0232],[121.63749,25.02407],[121.64011,25.02357],[121.64024,25.02354],[121.64024,25.02214],[121.6392,25.02051],[121.64024,25.019],[121.64103,25.01549],[121.64109,25.014],[121.64046,25.01218],[121.64097,25.01123],[121.64062,25.00895],[121.64144,25.00758],[121.63992,25.00651],[121.63923,25.00545],[121.63926,25.00393],[121.64024,25.00262],[121.64182,25.00228],[121.64469,25.00208],[121.64523,25.00149],[121.6451,24.99947],[121.64567,24.99818],[121.64412,24.99664],[121.64378,24.99513],[121.64052,24.99518],[121.63879,24.99479],[121.6379,24.9951],[121.63655,24.99358],[121.63639,24.99257],[121.63778,24.99128],[121.63711,24.98946],[121.63756,24.98809],[121.63702,24.98744],[121.63781,24.98438],[121.63775,24.98337],[121.63885,24.98172],[121.63907,24.98057],[121.63759,24.97998],[121.63674,24.9788],[121.6339,24.97768],[121.6315,24.97547],[121.62888,24.97384]]]}},{"type":"Feature","properties":{"TOWNCODE":"65000050","TOWNNAME":"新莊區","COUNTYNAME":"新北市"},"geometry":{"type":"Polygon","coordinates":[[[121.41044,25.02107],[121.40893,25.02079],[121.4046,25.02376],[121.40391,25.02517],[121.4012,25.0266],[121.40116,25.02662],[121.40116,25.02665],[121.40135,25.02839],[121.40126,25.02845],[121.40069,25.02918],[121.39921,25.02949],[121.39826,25.03019],[121.39798,25.03122],[121.3988,25.03156],[121.39823,25.03249],[121.39876,25.03481],[121.39952,25.03476],[121.39959,25.03473],[121.40041,25.03423],[121.4006,25.03423],[121.40085,25.03423],[121.40094,25.03428],[121.40107,25.03437],[121.4012,25.03445],[121.40009,25.03479],[121.39959,25.03596],[121.4012,25.03636],[121.40075,25.03793],[121.39984,25.03748],[121.39905,25.03857],[121.39757,25.03849],[121.39719,25.03919],[121.39438,25.04009],[121.39435,25.04121],[121.39356,25.04202],[121.39135,25.04149],[121.39068,25.04185],[121.39176,25.04264],[121.39179,25.04267],[121.39185,25.0427],[121.39387,25.04376],[121.39618,25.04362],[121.39678,25.04309],[121.39766,25.04368],[121.39965,25.04292],[121.40069,25.04326],[121.39829,25.0441],[121.40303,25.04547],[121.40909,25.04415],[121.41048,25.04261],[121.41013,25.04188],[121.40959,25.04079],[121.41076,25.04163],[121.41066,25.04076],[121.41199,25.04031],[121.41133,25.03961],[121.41291,25.03908],[121.41328,25.03815],[121.41269,25.03518],[121.41483,25.03445],[121.41556,25.03498],[121.41701,25.03456],[121.41818,25.03358],[121.41758,25.03184],[121.41657,25.03021],[121.41821,25.0303],[121.4213,25.02876],[121.422,25.03035],[121.42339,25.02929],[121.42616,25.03016],[121.42411,25.03184],[121.42585,25.03308],[121.42866,25.03627],[121.43096,25.03944],[121.4326,25.04098],[121.4357,25.03933],[121.43671,25.03888],[121.43734,25.04323],[121.44053,25.04143],[121.44191,25.04166],[121.44185,25.04488],[121.43996,25.04693],[121.44147,25.0476],[121.44204,25.04774],[121.44144,25.04901],[121.44068,25.0506],[121.44113,25.05077],[121.4404,25.05237],[121.43945,25.0524],[121.43958,25.05361],[121.43866,25.05577],[121.43952,25.0568],[121.4427,25.05809],[121.44393,25.05826],[121.44453,25.05947],[121.44523,25.05891],[121.44586,25.05958],[121.44684,25.05922],[121.44728,25.06073],[121.44798,25.06048],[121.44756,25.06244],[121.44804,25.06264],[121.45022,25.06081],[121.45082,25.06115],[121.45189,25.06238],[121.45353,25.063],[121.4535,25.06533],[121.45836,25.06727],[121.46003,25.06828],[121.46139,25.06875],[121.46278,25.0687],[121.46458,25.06771],[121.46556,25.06555],[121.46518,25.06342],[121.46606,25.06056],[121.46742,25.0586],[121.46729,25.05739],[121.46742,25.05599],[121.46868,25.05299],[121.46815,25.05215],[121.46739,25.04929],[121.46723,25.04735],[121.46609,25.04508],[121.46594,25.04295],[121.46603,25.04227],[121.46631,25.04115],[121.46625,25.03852],[121.4613,25.03655],[121.45817,25.03481],[121.45495,25.03293],[121.4528,25.03136],[121.45227,25.03094],[121.44876,25.02733],[121.44583,25.02329],[121.44539,25.02239],[121.44435,25.02073],[121.44264,25.01807],[121.44034,25.0151],[121.43863,25.01246],[121.43765,25.01066],[121.43705,25.00825],[121.43686,25.00458],[121.43699,25.00315],[121.43645,25.00079],[121.43639,25.00018],[121.43346,25.00018],[121.43178,24.99931],[121.4308,24.99813],[121.43093,24.99625],[121.43008,24.99521],[121.43039,24.9972],[121.43109,25.00009],[121.43131,25.00214],[121.432,25.00357],[121.43087,25.00489],[121.43008,25.00545],[121.42986,25.00679],[121.42806,25.00879],[121.42698,25.0082],[121.42632,25.00988],[121.42673,25.01052],[121.42648,25.01114],[121.42417,25.01358],[121.42364,25.01496],[121.42383,25.01681],[121.42152,25.01765],[121.42042,25.01866],[121.41881,25.01933],[121.41764,25.02003],[121.41685,25.01933],[121.41439,25.01947],[121.41388,25.01894],[121.41328,25.01975],[121.41234,25.02026],[121.41212,25.01944],[121.41066,25.01992],[121.41048,25.02107],[121.41044,25.02107]]]}},{"type":"Feature","properties":{"TOWNCODE":"65000260","TOWNNAME":"貢寮區","COUNTYNAME":"新北市"},"geometry":{"type":"Polygon","coordinates":[[[121.96041,24.98828],[121.96034,24.98831],[121.95813,24.9873],[121.95551,24.98828],[121.95318,24.988],[121.9504,24.98831],[121.94791,24.98666],[121.94633,24.98696],[121.94485,24.98817],[121.94361,24.9873],[121.94361,24.98727],[121.94358,24.98719],[121.94301,24.98638],[121.94103,24.98559],[121.94055,24.98452],[121.93866,24.98486],[121.93755,24.98307],[121.93579,24.9834],[121.93446,24.98315],[121.93351,24.98088],[121.93064,24.98102],[121.92906,24.98043],[121.92856,24.97967],[121.92679,24.98018],[121.92644,24.97973],[121.9243,24.97936],[121.92231,24.97861],[121.92089,24.9797],[121.91865,24.97877],[121.91849,24.97891],[121.91732,24.9788],[121.91571,24.97939],[121.91568,24.97939],[121.91562,24.97939],[121.91325,24.97849],[121.91296,24.97844],[121.91085,24.97676],[121.9105,24.97493],[121.90779,24.9758],[121.90769,24.97575],[121.9076,24.97572],[121.90684,24.97558],[121.90545,24.97342],[121.90403,24.97465],[121.90283,24.9744],[121.90031,24.97179],[121.89945,24.97028],[121.89942,24.96935],[121.89721,24.96708],[121.89611,24.96708],[121.89182,24.96512],[121.88945,24.96469],[121.8885,24.96318],[121.88838,24.96326],[121.88828,24.96332],[121.88471,24.96439],[121.88231,24.96413],[121.87919,24.96276],[121.87799,24.96276],[121.87622,24.96153],[121.87468,24.96169],[121.87234,24.9613],[121.87155,24.96071],[121.86915,24.96144],[121.86517,24.96223],[121.86363,24.96214],[121.86126,24.96366],[121.86063,24.96565],[121.8617,24.96775],[121.86094,24.97117],[121.86085,24.97359],[121.86132,24.97479],[121.86227,24.97504],[121.86183,24.97583],[121.86186,24.97782],[121.86259,24.97964],[121.8624,24.98155],[121.86416,24.98245],[121.86514,24.98408],[121.86382,24.98551],[121.86527,24.98775],[121.86603,24.98955],[121.86748,24.99053],[121.8688,24.99201],[121.86981,24.99218],[121.87098,24.99322],[121.87161,24.99518],[121.87253,24.99656],[121.87531,24.99936],[121.87569,25.00076],[121.87594,25.00371],[121.87647,25.00489],[121.87862,25.0071],[121.87875,25.01069],[121.88045,25.01156],[121.88048,25.01336],[121.88165,25.01395],[121.88411,25.01434],[121.88503,25.0149],[121.88708,25.01411],[121.8898,25.01569],[121.89115,25.01641],[121.89084,25.01829],[121.88964,25.01902],[121.88825,25.01922],[121.88819,25.02071],[121.88964,25.02096],[121.89159,25.02404],[121.89264,25.02469],[121.89387,25.0248],[121.89343,25.02648],[121.89216,25.02867],[121.89421,25.03142],[121.89406,25.03302],[121.89516,25.03484],[121.89582,25.03734],[121.89677,25.03925],[121.89608,25.04059],[121.89437,25.04059],[121.89327,25.04121],[121.89257,25.04183],[121.89043,25.04202],[121.88995,25.04387],[121.88781,25.04463],[121.88762,25.04553],[121.88939,25.04786],[121.88875,25.04934],[121.88885,25.05094],[121.89027,25.05257],[121.8904,25.05377],[121.8892,25.05481],[121.88904,25.05635],[121.88784,25.05787],[121.8879,25.06062],[121.88743,25.06146],[121.88708,25.06362],[121.88579,25.06513],[121.88566,25.06595],[121.88383,25.06909],[121.88314,25.06968],[121.88307,25.0715],[121.88231,25.07237],[121.87995,25.07243],[121.87859,25.07372],[121.87764,25.07473],[121.87717,25.07661],[121.87818,25.08],[121.87805,25.08174],[121.8784,25.08311],[121.87742,25.08502],[121.8767,25.08541],[121.876,25.08746],[121.87651,25.09063],[121.87704,25.09172],[121.87647,25.09341],[121.87553,25.09461],[121.87856,25.09503],[121.88168,25.09775],[121.88298,25.09848],[121.88522,25.09913],[121.8874,25.10033],[121.89011,25.10045],[121.89065,25.10101],[121.89245,25.10059],[121.89573,25.10115],[121.8974,25.10347],[121.89649,25.10482],[121.89478,25.10866],[121.89504,25.11001],[121.89658,25.11133],[121.89762,25.11377],[121.90005,25.11368],[121.90157,25.11475],[121.90207,25.1159],[121.90561,25.1168],[121.90627,25.11739],[121.90795,25.1175],[121.90839,25.11674],[121.91154,25.11775],[121.91306,25.11767],[121.91438,25.11856],[121.9182,25.12014],[121.91956,25.1205],[121.92108,25.12173],[121.92259,25.12232],[121.9212,25.12134],[121.92082,25.11744],[121.91694,25.11618],[121.91609,25.11492],[121.91606,25.11388],[121.91694,25.11307],[121.91858,25.11253],[121.92127,25.11368],[121.92117,25.11413],[121.92319,25.11329],[121.92445,25.11175],[121.92493,25.11049],[121.92657,25.10816],[121.92546,25.10611],[121.92322,25.1053],[121.92408,25.1039],[121.92363,25.10345],[121.92193,25.10406],[121.92051,25.10333],[121.91944,25.10213],[121.91855,25.10022],[121.91972,25.0977],[121.91959,25.09486],[121.91738,25.09425],[121.91603,25.09254],[121.91606,25.09198],[121.91445,25.08976],[121.91442,25.08547],[121.91486,25.08435],[121.91644,25.08244],[121.91688,25.0814],[121.91536,25.07809],[121.91555,25.07663],[121.91666,25.07596],[121.91988,25.0763],[121.92079,25.07531],[121.9225,25.07439],[121.9255,25.07203],[121.92673,25.07178],[121.92846,25.07086],[121.92815,25.06881],[121.93017,25.06628],[121.93171,25.06311],[121.93124,25.06286],[121.93175,25.06098],[121.9307,25.06107],[121.93077,25.05986],[121.92774,25.05936],[121.92597,25.05938],[121.92546,25.05784],[121.92562,25.05678],[121.92742,25.05658],[121.93111,25.05697],[121.93067,25.05602],[121.93156,25.05411],[121.93058,25.05299],[121.92976,25.05133],[121.92897,25.04626],[121.93023,25.04561],[121.93042,25.04415],[121.92906,25.04326],[121.929,25.04216],[121.93026,25.04171],[121.92906,25.04132],[121.92954,25.03981],[121.93086,25.03835],[121.93206,25.03585],[121.93456,25.03235],[121.93935,25.02769],[121.94226,25.02463],[121.94475,25.02261],[121.94718,25.02104],[121.94996,25.02045],[121.9504,25.02115],[121.95239,25.02152],[121.95217,25.02222],[121.95602,25.02236],[121.9587,25.02298],[121.96088,25.02301],[121.96489,25.02466],[121.96694,25.02393],[121.9689,25.02446],[121.97032,25.02561],[121.97366,25.02657],[121.97568,25.02676],[121.97786,25.02662],[121.98304,25.02491],[121.988,25.02233],[121.99017,25.02107],[121.99226,25.01647],[121.99147,25.01496],[121.99118,25.01294],[121.99317,25.01426],[121.99396,25.01602],[121.99762,25.0195],[121.99914,25.01961],[122.00075,25.01644],[122.00182,25.01482],[122.00359,25.01462],[122.00416,25.01552],[122.0051,25.0156],[122.00545,25.01482],[122.00523,25.01299],[122.00608,25.0124],[122.00662,25.01103],[122.0075,25.01184],[122.00586,25.00862],[122.00706,25.00862],[122.00693,25.00803],[122.00567,25.00778],[122.00529,25.00449],[122.00599,25.00332],[122.00517,25.00155],[122.00359,25.002],[121.99668,25.00076],[121.99579,25.00012],[121.99604,24.9995],[121.99447,24.99919],[121.99273,24.9974],[121.99065,24.99572],[121.98929,24.99372],[121.98601,24.99213],[121.98389,24.99055],[121.98092,24.99106],[121.97755,24.99008],[121.97606,24.98882],[121.97474,24.98528],[121.97224,24.98537],[121.97092,24.98461],[121.97041,24.98506],[121.96773,24.98483],[121.96729,24.9827],[121.96603,24.98309],[121.96407,24.98556],[121.96284,24.98778],[121.96151,24.98803],[121.96116,24.98825],[121.9605,24.98823],[121.96041,24.98828]]]}},{"type":"Feature","properties":{"TOWNCODE":"65000240","TOWNNAME":"平溪區","COUNTYNAME":"新北市"},"geometry":{"type":"Polygon","coordinates":[[[121.74759,25.05372],[121.74763,25.05372],[121.74857,25.05535],[121.74867,25.05535],[121.7487,25.05535],[121.75081,25.05703],[121.75217,25.05762],[121.75561,25.05826],[121.75672,25.05924],[121.75795,25.05902],[121.7593,25.05947],[121.76057,25.05798],[121.76183,25.05776],[121.76243,25.05694],[121.76252,25.05694],[121.76256,25.05694],[121.76404,25.05745],[121.76483,25.05955],[121.7659,25.05997],[121.76735,25.06182],[121.77,25.06348],[121.77174,25.0632],[121.77218,25.06382],[121.77307,25.06684],[121.77569,25.07004],[121.77815,25.07125],[121.78083,25.07114],[121.78146,25.07195],[121.78317,25.07268],[121.78462,25.07254],[121.78683,25.07433],[121.78759,25.07447],[121.78954,25.07604],[121.79482,25.07736],[121.7957,25.07717],[121.79788,25.0759],[121.80024,25.07318],[121.80167,25.07049],[121.80375,25.06757],[121.8047,25.06732],[121.80567,25.0662],[121.80564,25.06505],[121.80454,25.06362],[121.80507,25.06205],[121.80501,25.06048],[121.8058,25.05863],[121.80678,25.05807],[121.80829,25.0591],[121.81003,25.05969],[121.81214,25.05936],[121.81388,25.05837],[121.81432,25.05725],[121.81344,25.05341],[121.81366,25.05164],[121.81483,25.04929],[121.81533,25.04749],[121.81473,25.04584],[121.81511,25.04494],[121.81678,25.04289],[121.81688,25.04213],[121.81596,25.04096],[121.81461,25.04143],[121.81208,25.04045],[121.80889,25.03759],[121.80845,25.03689],[121.80874,25.03526],[121.80656,25.03159],[121.80444,25.03156],[121.80372,25.03089],[121.80258,25.03086],[121.79961,25.03019],[121.79804,25.02892],[121.79715,25.02766],[121.79261,25.02354],[121.79106,25.02287],[121.78917,25.02303],[121.78797,25.02101],[121.78692,25.02051],[121.78449,25.01765],[121.78421,25.01496],[121.78443,25.01397],[121.78225,25.01207],[121.78203,25.01123],[121.78017,25.0105],[121.77869,25.00761],[121.77932,25.00643],[121.77805,25.00635],[121.77708,25.0057],[121.77471,25.0025],[121.7725,25.00166],[121.77114,25.00034],[121.76893,24.99975],[121.76369,24.99619],[121.76442,24.99527],[121.76473,24.99358],[121.76694,24.99285],[121.76862,24.99112],[121.76871,24.99013],[121.77111,24.98896],[121.7731,24.98915],[121.77433,24.98856],[121.77559,24.98668],[121.77581,24.98553],[121.77714,24.98486],[121.77559,24.98548],[121.77351,24.98267],[121.77313,24.98136],[121.77158,24.9797],[121.76944,24.97987],[121.76757,24.97956],[121.76363,24.98057],[121.76227,24.97891],[121.76066,24.97861],[121.75858,24.9769],[121.75643,24.97768],[121.75315,24.9767],[121.7522,24.97712],[121.74933,24.97465],[121.7481,24.97417],[121.74627,24.97518],[121.74412,24.9751],[121.74245,24.9797],[121.7398,24.97908],[121.73888,24.97978],[121.73765,24.97757],[121.73702,24.97748],[121.73636,24.97572],[121.73386,24.97642],[121.73314,24.97597],[121.73086,24.97586],[121.72888,24.97504],[121.72619,24.97468],[121.72468,24.97513],[121.72174,24.97412],[121.72064,24.97406],[121.71817,24.9749],[121.71824,24.97692],[121.71735,24.97816],[121.71726,24.97917],[121.71852,24.98004],[121.72064,24.98023],[121.72092,24.98136],[121.72203,24.98239],[121.72367,24.98259],[121.72458,24.98368],[121.72455,24.98629],[121.72525,24.98775],[121.72679,24.98918],[121.72651,24.99025],[121.72515,24.99204],[121.72319,24.99692],[121.72165,24.99818],[121.72079,24.99939],[121.72051,25.0009],[121.72174,25.00124],[121.72263,25.00539],[121.72222,25.00761],[121.72114,25.00881],[121.72095,25.00873],[121.71966,25.00738],[121.71792,25.00741],[121.71641,25.00671],[121.71363,25.00601],[121.71192,25.00971],[121.71013,25.01159],[121.70924,25.01184],[121.70609,25.01512],[121.70694,25.01706],[121.70567,25.0179],[121.70435,25.01821],[121.70258,25.02138],[121.70107,25.02326],[121.7023,25.02542],[121.70438,25.02657],[121.70451,25.02738],[121.70321,25.02949],[121.70318,25.03198],[121.7053,25.03285],[121.70779,25.0335],[121.70829,25.03408],[121.71199,25.03336],[121.71271,25.03358],[121.71325,25.03481],[121.71549,25.03608],[121.71663,25.03919],[121.71666,25.04031],[121.716,25.04174],[121.71783,25.04295],[121.7183,25.04404],[121.71982,25.04525],[121.72098,25.04721],[121.72228,25.04819],[121.72436,25.04828],[121.72698,25.04943],[121.72704,25.05016],[121.72894,25.05184],[121.73011,25.05335],[121.73213,25.05271],[121.73481,25.05414],[121.73784,25.05464],[121.73977,25.05305],[121.74592,25.05299],[121.74753,25.05369],[121.74759,25.05372]]]}},{"type":"Feature","properties":{"TOWNCODE":"65000160","TOWNNAME":"泰山區","COUNTYNAME":"新北市"},"geometry":{"type":"Polygon","coordinates":[[[121.38447,25.05254],[121.38519,25.0529],[121.38525,25.05293],[121.38728,25.05467],[121.38728,25.05549],[121.3857,25.05689],[121.38579,25.05815],[121.38863,25.05697],[121.38844,25.05815],[121.38967,25.0591],[121.38769,25.05964],[121.38895,25.0607],[121.39094,25.06081],[121.39109,25.06152],[121.38829,25.06149],[121.38835,25.06295],[121.38709,25.06261],[121.38617,25.06325],[121.38342,25.06281],[121.38213,25.06429],[121.38014,25.06516],[121.37989,25.06609],[121.38273,25.06614],[121.38289,25.06898],[121.38235,25.07004],[121.38103,25.07013],[121.38068,25.07074],[121.37891,25.071],[121.37736,25.07189],[121.37743,25.07276],[121.37837,25.07203],[121.38172,25.0717],[121.38437,25.07147],[121.38538,25.06999],[121.38589,25.07074],[121.3857,25.07212],[121.38626,25.07285],[121.38784,25.07276],[121.38696,25.0722],[121.38765,25.06999],[121.38879,25.06898],[121.38829,25.06799],[121.38993,25.06808],[121.39005,25.06957],[121.39119,25.06923],[121.39192,25.07024],[121.39409,25.07198],[121.39523,25.07243],[121.39599,25.07307],[121.39709,25.0724],[121.39697,25.07069],[121.39548,25.06864],[121.39656,25.06766],[121.39482,25.0667],[121.39731,25.06567],[121.40006,25.06539],[121.40066,25.0646],[121.40022,25.06311],[121.40287,25.06359],[121.4035,25.06432],[121.40372,25.06258],[121.40558,25.06331],[121.40546,25.06429],[121.40565,25.06463],[121.40281,25.06662],[121.40293,25.06805],[121.40413,25.06788],[121.40618,25.06878],[121.40593,25.07018],[121.404,25.0701],[121.40306,25.07052],[121.40154,25.07209],[121.40202,25.07013],[121.4006,25.06973],[121.39911,25.06805],[121.39842,25.06822],[121.39918,25.06906],[121.39936,25.07116],[121.39899,25.07285],[121.39936,25.0747],[121.3982,25.07613],[121.39829,25.07663],[121.40151,25.07515],[121.40492,25.07517],[121.40621,25.07588],[121.40827,25.07585],[121.41048,25.07554],[121.41471,25.07212],[121.41559,25.0706],[121.41935,25.069],[121.42364,25.06937],[121.42421,25.0692],[121.42926,25.06912],[121.43109,25.06886],[121.43156,25.06836],[121.43194,25.06612],[121.43491,25.06665],[121.43753,25.0644],[121.43866,25.06547],[121.43822,25.06679],[121.43879,25.06741],[121.44024,25.06707],[121.44072,25.0678],[121.44236,25.06741],[121.44286,25.06903],[121.44517,25.06926],[121.44564,25.06466],[121.44586,25.06407],[121.44835,25.06325],[121.44804,25.06264],[121.44756,25.06244],[121.44798,25.06048],[121.44728,25.06073],[121.44684,25.05922],[121.44586,25.05958],[121.44523,25.05891],[121.44453,25.05947],[121.44393,25.05826],[121.4427,25.05809],[121.43952,25.0568],[121.43866,25.05577],[121.43958,25.05361],[121.43945,25.0524],[121.4404,25.05237],[121.44113,25.05077],[121.44068,25.0506],[121.44144,25.04901],[121.44204,25.04774],[121.44147,25.0476],[121.43996,25.04693],[121.44185,25.04488],[121.44191,25.04166],[121.44053,25.04143],[121.43734,25.04323],[121.43671,25.03888],[121.4357,25.03933],[121.4326,25.04098],[121.43096,25.03944],[121.42866,25.03627],[121.42585,25.03308],[121.42411,25.03184],[121.42616,25.03016],[121.42339,25.02929],[121.422,25.03035],[121.4213,25.02876],[121.41821,25.0303],[121.41657,25.03021],[121.41758,25.03184],[121.41818,25.03358],[121.41701,25.03456],[121.41556,25.03498],[121.41483,25.03445],[121.41269,25.03518],[121.41328,25.03815],[121.41291,25.03908],[121.41133,25.03961],[121.41199,25.04031],[121.41066,25.04076],[121.41076,25.04163],[121.40959,25.04079],[121.41013,25.04188],[121.41048,25.04261],[121.40909,25.04415],[121.40303,25.04547],[121.40258,25.0457],[121.40044,25.04508],[121.40028,25.045],[121.39804,25.04673],[121.39943,25.04783],[121.39602,25.04856],[121.39441,25.04752],[121.39431,25.04954],[121.39469,25.05038],[121.39526,25.04957],[121.39662,25.04962],[121.39854,25.04847],[121.39832,25.04976],[121.39747,25.05041],[121.39807,25.05111],[121.39974,25.04937],[121.40031,25.0496],[121.40019,25.05097],[121.40072,25.05139],[121.39744,25.05153],[121.39646,25.0524],[121.39435,25.05307],[121.39296,25.05397],[121.39103,25.05358],[121.39261,25.05506],[121.39075,25.05417],[121.39087,25.05338],[121.38989,25.05282],[121.38933,25.05347],[121.3862,25.05257],[121.38447,25.05254]]]}},{"type":"Feature","properties":{"TOWNCODE":"65000110","TOWNNAME":"汐止區","COUNTYNAME":"新北市"},"geometry":{"type":"Polygon","coordinates":[[[121.70009,25.06735],[121.70037,25.06732],[121.70425,25.06794],[121.70526,25.06693],[121.70687,25.06659],[121.70927,25.06769],[121.71237,25.06805],[121.71499,25.0664],[121.71783,25.06382],[121.719,25.06163],[121.72079,25.06042],[121.72199,25.06011],[121.72269,25.05846],[121.72556,25.0584],[121.72619,25.05812],[121.72698,25.0563],[121.72821,25.05495],[121.7285,25.05467],[121.72856,25.05462],[121.73011,25.05335],[121.72894,25.05184],[121.72704,25.05016],[121.72698,25.04943],[121.72436,25.04828],[121.72228,25.04819],[121.72098,25.04721],[121.71982,25.04525],[121.7183,25.04404],[121.71783,25.04295],[121.716,25.04174],[121.71666,25.04031],[121.71663,25.03919],[121.71549,25.03608],[121.71325,25.03481],[121.71271,25.03358],[121.71199,25.03336],[121.70829,25.03408],[121.70779,25.0335],[121.7053,25.03285],[121.70318,25.03198],[121.70167,25.03392],[121.69974,25.03397],[121.69807,25.0349],[121.69693,25.03509],[121.69554,25.03692],[121.69633,25.03852],[121.69576,25.03919],[121.69561,25.04076],[121.69381,25.04093],[121.69235,25.04191],[121.69122,25.0416],[121.6886,25.04163],[121.68762,25.04121],[121.68633,25.04031],[121.68418,25.04009],[121.68288,25.03913],[121.68115,25.03753],[121.67853,25.03644],[121.67714,25.03481],[121.67449,25.0349],[121.67222,25.03439],[121.67051,25.03268],[121.66764,25.03316],[121.66584,25.03372],[121.66584,25.02996],[121.66483,25.02954],[121.66401,25.02996],[121.66079,25.03044],[121.65804,25.02906],[121.65681,25.02794],[121.65536,25.02761],[121.6541,25.02791],[121.65324,25.02747],[121.65195,25.02811],[121.65025,25.02761],[121.64886,25.02791],[121.64797,25.02864],[121.64693,25.02797],[121.64586,25.02943],[121.64406,25.02991],[121.64223,25.03122],[121.63992,25.03201],[121.63809,25.03358],[121.63345,25.03574],[121.63178,25.03557],[121.63014,25.03515],[121.62948,25.03672],[121.62616,25.0379],[121.62493,25.03773],[121.62357,25.03927],[121.62351,25.03933],[121.62335,25.03947],[121.62196,25.04006],[121.62039,25.04202],[121.62035,25.04211],[121.61934,25.0432],[121.61928,25.04326],[121.61647,25.04814],[121.61647,25.04867],[121.61644,25.0487],[121.61644,25.04873],[121.61634,25.04898],[121.61631,25.04906],[121.61631,25.04909],[121.61631,25.05055],[121.61818,25.05232],[121.62102,25.05369],[121.62076,25.05478],[121.62076,25.05487],[121.62076,25.0549],[121.6202,25.05616],[121.62165,25.05652],[121.62348,25.05501],[121.62424,25.05537],[121.62427,25.05546],[121.62253,25.05843],[121.62165,25.06034],[121.61868,25.063],[121.61612,25.06396],[121.61713,25.06586],[121.61795,25.0662],[121.61795,25.06628],[121.61761,25.0676],[121.61767,25.06763],[121.6177,25.06763],[121.61849,25.0676],[121.62146,25.06957],[121.62127,25.07184],[121.62064,25.07282],[121.62061,25.0729],[121.62064,25.07321],[121.62064,25.07324],[121.62067,25.07327],[121.62174,25.07484],[121.62275,25.07464],[121.62342,25.07728],[121.62474,25.0777],[121.62427,25.07812],[121.62417,25.08],[121.62594,25.08193],[121.62768,25.08255],[121.62758,25.08432],[121.62862,25.08645],[121.62806,25.08839],[121.626,25.09052],[121.62632,25.09147],[121.62506,25.09366],[121.6261,25.09632],[121.62604,25.09643],[121.626,25.09646],[121.62553,25.097],[121.62329,25.09691],[121.61726,25.10129],[121.61723,25.1014],[121.6172,25.10143],[121.61546,25.10384],[121.61385,25.10448],[121.61038,25.10519],[121.60801,25.10676],[121.60476,25.10735],[121.60293,25.10816],[121.59946,25.10858],[121.59943,25.10861],[121.59747,25.10953],[121.59551,25.11349],[121.59567,25.11413],[121.5975,25.11621],[121.59889,25.12011],[121.5998,25.12033],[121.60078,25.12185],[121.60173,25.12603],[121.60274,25.12619],[121.60337,25.12555],[121.60429,25.1258],[121.60432,25.12583],[121.60444,25.12591],[121.60754,25.12919],[121.60782,25.1302],[121.60845,25.13178],[121.60934,25.13262],[121.6112,25.13321],[121.61628,25.13755],[121.61713,25.13893],[121.61896,25.13834],[121.62395,25.13966],[121.62679,25.13971],[121.62679,25.13963],[121.62777,25.13719],[121.62787,25.13609],[121.62866,25.13466],[121.63266,25.13222],[121.63307,25.1311],[121.63465,25.13046],[121.63794,25.13082],[121.64078,25.12959],[121.64182,25.12807],[121.64302,25.12782],[121.64437,25.12502],[121.64491,25.12336],[121.64469,25.12221],[121.64624,25.12106],[121.6457,25.11904],[121.64602,25.1159],[121.64576,25.11542],[121.64624,25.11363],[121.64769,25.11189],[121.64883,25.11116],[121.65015,25.10962],[121.65047,25.10807],[121.65223,25.10468],[121.65167,25.10342],[121.65025,25.10336],[121.64895,25.1019],[121.65037,25.10056],[121.65059,25.09873],[121.65167,25.09801],[121.65182,25.09798],[121.65186,25.09795],[121.65195,25.09795],[121.65205,25.09795],[121.65208,25.09792],[121.65347,25.09632],[121.65495,25.09571],[121.65508,25.09568],[121.65618,25.09456],[121.65571,25.09346],[121.65766,25.09273],[121.65839,25.09158],[121.65855,25.09158],[121.66092,25.09088],[121.66196,25.08934],[121.66426,25.08942],[121.66638,25.08799],[121.66682,25.08681],[121.66789,25.08578],[121.6725,25.08381],[121.67398,25.08297],[121.67401,25.08294],[121.67405,25.08292],[121.67496,25.08342],[121.67727,25.08583],[121.67727,25.08586],[121.67733,25.08595],[121.67859,25.08726],[121.68055,25.08827],[121.68175,25.08712],[121.68137,25.08435],[121.68131,25.08437],[121.68124,25.0844],[121.67995,25.08435],[121.68049,25.08188],[121.67973,25.08003],[121.67897,25.07947],[121.67922,25.07854],[121.6809,25.07708],[121.68112,25.07708],[121.6815,25.07705],[121.68386,25.07487],[121.68879,25.07164],[121.68882,25.07161],[121.68888,25.07161],[121.69008,25.07175],[121.69163,25.07046],[121.69494,25.07001],[121.69649,25.07007],[121.69879,25.06799],[121.69889,25.06794],[121.69892,25.06788],[121.69977,25.06735],[121.70009,25.06735]]]}},{"type":"Feature","properties":{"TOWNCODE":"65000020","TOWNNAME":"三重區","COUNTYNAME":"新北市"},"geometry":{"type":"MultiPolygon","coordinates":[[[[121.46631,25.04115],[121.46603,25.04227],[121.46594,25.04295],[121.46609,25.04508],[121.46723,25.04735],[121.46739,25.04929],[121.46815,25.05215],[121.46868,25.05299],[121.46742,25.05599],[121.46729,25.05739],[121.46742,25.0586],[121.46606,25.06056],[121.46518,25.06342],[121.46556,25.06555],[121.46562,25.06558],[121.47206,25.06205],[121.47471,25.05966],[121.47604,25.05779],[121.47758,25.05462],[121.4784,25.0522],[121.47941,25.04917],[121.47929,25.04788],[121.47803,25.04623],[121.4761,25.04533],[121.47099,25.04317],[121.46631,25.04115]]],[[[121.4933,25.05159],[121.48851,25.04769],[121.48655,25.04786],[121.48491,25.05094],[121.4844,25.05187],[121.48257,25.05537],[121.48137,25.05773],[121.47948,25.06157],[121.47686,25.06477],[121.47462,25.06617],[121.46979,25.06858],[121.46979,25.06934],[121.46966,25.0724],[121.47077,25.07226],[121.47102,25.07346],[121.47376,25.07271],[121.47534,25.07321],[121.47575,25.07414],[121.47601,25.07464],[121.47714,25.07733],[121.47739,25.07742],[121.47888,25.07812],[121.48065,25.08011],[121.48068,25.08017],[121.48222,25.08193],[121.48267,25.0832],[121.48349,25.08423],[121.48402,25.08454],[121.4838,25.0855],[121.48383,25.08833],[121.48532,25.0897],[121.48869,25.09217],[121.49122,25.09066],[121.494,25.08855],[121.49545,25.08707],[121.49621,25.08628],[121.49712,25.0851],[121.49816,25.08373],[121.49842,25.08331],[121.49861,25.08303],[121.50176,25.07742],[121.5028,25.07439],[121.50369,25.07147],[121.50404,25.07049],[121.50438,25.06912],[121.50454,25.06704],[121.50432,25.0641],[121.50397,25.06306],[121.50176,25.05868],[121.50094,25.05781],[121.49715,25.05473],[121.49482,25.05282],[121.4933,25.05159]]]]}},{"type":"Feature","properties":{"TOWNCODE":"65000150","TOWNNAME":"五股區","COUNTYNAME":"新北市"},"geometry":{"type":"Polygon","coordinates":[[[121.45082,25.06115],[121.45022,25.06081],[121.44804,25.06264],[121.44835,25.06325],[121.44586,25.06407],[121.44564,25.06466],[121.44517,25.06926],[121.44286,25.06903],[121.44236,25.06741],[121.44072,25.0678],[121.44024,25.06707],[121.43879,25.06741],[121.43822,25.06679],[121.43866,25.06547],[121.43753,25.0644],[121.43491,25.06665],[121.43194,25.06612],[121.43156,25.06836],[121.43109,25.06886],[121.42926,25.06912],[121.42421,25.0692],[121.42364,25.06937],[121.41935,25.069],[121.41559,25.0706],[121.41471,25.07212],[121.41048,25.07554],[121.40827,25.07585],[121.40795,25.077],[121.40568,25.07638],[121.40495,25.07711],[121.40312,25.07604],[121.40208,25.07644],[121.40359,25.07717],[121.40375,25.07834],[121.40514,25.07935],[121.40508,25.08031],[121.40312,25.08039],[121.40331,25.0816],[121.40227,25.08308],[121.40265,25.08373],[121.40176,25.08454],[121.40337,25.08465],[121.40448,25.08353],[121.40707,25.0823],[121.40868,25.08045],[121.40937,25.08149],[121.40915,25.08258],[121.41104,25.08179],[121.41256,25.08062],[121.41338,25.07924],[121.41464,25.07893],[121.41464,25.07913],[121.41426,25.08059],[121.41496,25.08255],[121.41303,25.0805],[121.41231,25.08213],[121.41079,25.08238],[121.40909,25.08429],[121.40921,25.086],[121.40823,25.08681],[121.40811,25.08853],[121.41057,25.08973],[121.41003,25.09209],[121.40871,25.09198],[121.40953,25.09324],[121.40767,25.09568],[121.40801,25.09582],[121.41183,25.09268],[121.41262,25.09635],[121.41161,25.0961],[121.41079,25.09509],[121.40956,25.09705],[121.40988,25.09781],[121.40896,25.0996],[121.40823,25.09871],[121.40688,25.10019],[121.40738,25.10112],[121.40647,25.10263],[121.4041,25.10092],[121.40372,25.10193],[121.40397,25.10381],[121.40303,25.10698],[121.40186,25.1076],[121.40126,25.10922],[121.4017,25.11037],[121.40072,25.11304],[121.40003,25.11332],[121.40097,25.11514],[121.40104,25.11803],[121.40239,25.11848],[121.40325,25.12002],[121.40239,25.12008],[121.40476,25.12258],[121.40707,25.12204],[121.40978,25.12103],[121.41085,25.12134],[121.413,25.12286],[121.41464,25.12294],[121.41553,25.1237],[121.41606,25.12516],[121.41565,25.12939],[121.41632,25.12998],[121.42051,25.13015],[121.42133,25.12956],[121.42433,25.13217],[121.42506,25.13155],[121.42604,25.1297],[121.42954,25.12869],[121.4315,25.129],[121.43333,25.12782],[121.43595,25.12729],[121.43841,25.12499],[121.43914,25.12521],[121.44037,25.12445],[121.44138,25.12319],[121.44305,25.12283],[121.44554,25.12311],[121.44772,25.12204],[121.44905,25.12014],[121.45176,25.12005],[121.45299,25.12075],[121.45299,25.11938],[121.45571,25.11845],[121.45536,25.11624],[121.457,25.11439],[121.45855,25.11427],[121.45842,25.11281],[121.45902,25.1127],[121.45833,25.11169],[121.45719,25.10864],[121.4577,25.1067],[121.45779,25.10659],[121.45795,25.10645],[121.46139,25.10384],[121.46265,25.10317],[121.46139,25.10095],[121.46117,25.09958],[121.46066,25.09873],[121.4583,25.09801],[121.4582,25.09756],[121.45823,25.09702],[121.45767,25.09391],[121.45583,25.09242],[121.45476,25.08909],[121.45495,25.0862],[121.45511,25.08522],[121.45587,25.08275],[121.45688,25.08146],[121.46073,25.0791],[121.46382,25.07778],[121.46461,25.0779],[121.4684,25.07624],[121.46953,25.07602],[121.47102,25.07346],[121.47077,25.07226],[121.46966,25.0724],[121.46979,25.06934],[121.46979,25.06858],[121.46818,25.06788],[121.46685,25.06659],[121.46584,25.06665],[121.46562,25.06558],[121.46556,25.06555],[121.46458,25.06771],[121.46278,25.0687],[121.46139,25.06875],[121.46003,25.06828],[121.45836,25.06727],[121.4535,25.06533],[121.45353,25.063],[121.45189,25.06238],[121.45082,25.06115]]]}},{"type":"Feature","properties":{"TOWNCODE":"65000170","TOWNNAME":"林口區","COUNTYNAME":"新北市"},"geometry":{"type":"Polygon","coordinates":[[[121.30208,25.0975],[121.30208,25.09753],[121.30142,25.09848],[121.30123,25.10168],[121.30006,25.10227],[121.29984,25.1035],[121.29829,25.10448],[121.29551,25.10303],[121.2939,25.10305],[121.29192,25.10261],[121.29176,25.10261],[121.29075,25.10488],[121.29034,25.10673],[121.28674,25.10704],[121.28481,25.10878],[121.28295,25.10936],[121.2827,25.11007],[121.2838,25.11214],[121.28358,25.11722],[121.28358,25.1173],[121.28339,25.11781],[121.28765,25.11789],[121.29135,25.11856],[121.29261,25.1191],[121.29491,25.12084],[121.29621,25.12283],[121.29725,25.12269],[121.29854,25.12319],[121.29671,25.12617],[121.29817,25.1253],[121.29877,25.1242],[121.30063,25.12521],[121.30416,25.12417],[121.30448,25.12594],[121.30495,25.12611],[121.30953,25.12589],[121.30997,25.12555],[121.31022,25.12375],[121.31348,25.12344],[121.31647,25.12412],[121.31799,25.12406],[121.32014,25.12342],[121.32354,25.12426],[121.32471,25.12401],[121.32686,25.12423],[121.33011,25.1253],[121.33172,25.12532],[121.33554,25.12608],[121.33863,25.12698],[121.34109,25.12858],[121.34403,25.12852],[121.34501,25.12844],[121.34687,25.1299],[121.34864,25.13006],[121.35347,25.13161],[121.35546,25.13309],[121.35994,25.13475],[121.36448,25.13786],[121.36527,25.14019],[121.36581,25.13971],[121.36651,25.13562],[121.36714,25.13388],[121.36881,25.1322],[121.37064,25.12861],[121.37181,25.12734],[121.37257,25.12586],[121.3743,25.12454],[121.37465,25.12244],[121.37591,25.1214],[121.37702,25.12145],[121.37695,25.11977],[121.37957,25.11772],[121.38005,25.11683],[121.38134,25.11655],[121.38333,25.11475],[121.38589,25.11492],[121.38544,25.11279],[121.38649,25.11144],[121.38525,25.10993],[121.38541,25.10934],[121.38709,25.10911],[121.38822,25.10687],[121.38926,25.10662],[121.39176,25.10067],[121.39236,25.1012],[121.39337,25.1005],[121.39264,25.10395],[121.39289,25.10477],[121.39343,25.10241],[121.39454,25.10137],[121.39573,25.09932],[121.39504,25.09787],[121.39608,25.09641],[121.39693,25.09318],[121.39605,25.09043],[121.39643,25.08777],[121.39542,25.0862],[121.39463,25.08614],[121.39406,25.08754],[121.39457,25.0881],[121.39261,25.089],[121.39274,25.08749],[121.39116,25.08746],[121.38999,25.0881],[121.38999,25.08724],[121.39046,25.08676],[121.3927,25.08637],[121.39283,25.08451],[121.39359,25.08407],[121.39242,25.08135],[121.39255,25.08042],[121.39362,25.08],[121.39431,25.08196],[121.39495,25.08221],[121.39536,25.08376],[121.39599,25.08359],[121.39599,25.08219],[121.39858,25.0809],[121.39861,25.08199],[121.39722,25.083],[121.39731,25.08451],[121.39864,25.08407],[121.39936,25.08575],[121.39977,25.08777],[121.40214,25.08754],[121.4023,25.0892],[121.40041,25.08942],[121.40079,25.09178],[121.40195,25.09195],[121.40312,25.09355],[121.40293,25.09486],[121.40397,25.09548],[121.40186,25.09787],[121.40243,25.09862],[121.40214,25.09969],[121.40079,25.10174],[121.40195,25.10117],[121.4017,25.10333],[121.40255,25.10359],[121.40208,25.10479],[121.40025,25.10634],[121.40195,25.10614],[121.40186,25.1076],[121.40303,25.10698],[121.40397,25.10381],[121.40372,25.10193],[121.4041,25.10092],[121.40647,25.10263],[121.40738,25.10112],[121.40688,25.10019],[121.40823,25.09871],[121.40896,25.0996],[121.40988,25.09781],[121.40956,25.09705],[121.41079,25.09509],[121.41161,25.0961],[121.41262,25.09635],[121.41183,25.09268],[121.40801,25.09582],[121.40767,25.09568],[121.40953,25.09324],[121.40871,25.09198],[121.41003,25.09209],[121.41057,25.08973],[121.40811,25.08853],[121.40823,25.08681],[121.40921,25.086],[121.40909,25.08429],[121.41079,25.08238],[121.41231,25.08213],[121.41303,25.0805],[121.41496,25.08255],[121.41426,25.08059],[121.41464,25.07913],[121.41464,25.07893],[121.41338,25.07924],[121.41256,25.08062],[121.41104,25.08179],[121.40915,25.08258],[121.40937,25.08149],[121.40868,25.08045],[121.40707,25.0823],[121.40448,25.08353],[121.40337,25.08465],[121.40176,25.08454],[121.40265,25.08373],[121.40227,25.08308],[121.40331,25.0816],[121.40312,25.08039],[121.40508,25.08031],[121.40514,25.07935],[121.40375,25.07834],[121.40359,25.07717],[121.40208,25.07644],[121.40312,25.07604],[121.40495,25.07711],[121.40568,25.07638],[121.40795,25.077],[121.40827,25.07585],[121.40621,25.07588],[121.40492,25.07517],[121.40151,25.07515],[121.39829,25.07663],[121.3982,25.07613],[121.39936,25.0747],[121.39899,25.07285],[121.39936,25.07116],[121.39918,25.06906],[121.39842,25.06822],[121.39911,25.06805],[121.4006,25.06973],[121.40202,25.07013],[121.40154,25.07209],[121.40306,25.07052],[121.404,25.0701],[121.40593,25.07018],[121.40618,25.06878],[121.40413,25.06788],[121.40293,25.06805],[121.40281,25.06662],[121.40565,25.06463],[121.40546,25.06429],[121.40558,25.06331],[121.40372,25.06258],[121.4035,25.06432],[121.40287,25.06359],[121.40022,25.06311],[121.40066,25.0646],[121.40006,25.06539],[121.39731,25.06567],[121.39482,25.0667],[121.39656,25.06766],[121.39548,25.06864],[121.39697,25.07069],[121.39709,25.0724],[121.39599,25.07307],[121.39523,25.07243],[121.39409,25.07198],[121.39192,25.07024],[121.39119,25.06923],[121.39005,25.06957],[121.38993,25.06808],[121.38829,25.06799],[121.38879,25.06898],[121.38765,25.06999],[121.38696,25.0722],[121.38784,25.07276],[121.38626,25.07285],[121.3857,25.07212],[121.38589,25.07074],[121.38538,25.06999],[121.38437,25.07147],[121.38172,25.0717],[121.37837,25.07203],[121.37743,25.07276],[121.37736,25.07189],[121.37891,25.071],[121.38068,25.07074],[121.38103,25.07013],[121.38235,25.07004],[121.38289,25.06898],[121.38273,25.06614],[121.37989,25.06609],[121.38014,25.06516],[121.38011,25.06519],[121.37743,25.06595],[121.3774,25.06598],[121.3773,25.06598],[121.37443,25.06598],[121.36865,25.06527],[121.36856,25.06527],[121.36846,25.06525],[121.36834,25.06525],[121.36818,25.06525],[121.36382,25.06497],[121.36379,25.06497],[121.36366,25.06497],[121.3582,25.06494],[121.35489,25.06516],[121.35489,25.06539],[121.35498,25.06721],[121.35388,25.0678],[121.35378,25.06858],[121.35227,25.06878],[121.3523,25.06791],[121.35031,25.06931],[121.34895,25.0699],[121.34646,25.07029],[121.34826,25.07105],[121.34867,25.07212],[121.34959,25.0713],[121.3505,25.07198],[121.3506,25.07293],[121.35208,25.07366],[121.35347,25.07335],[121.35176,25.07445],[121.3499,25.07355],[121.35041,25.0752],[121.35003,25.07649],[121.34867,25.07419],[121.34804,25.07383],[121.34444,25.07332],[121.34185,25.07268],[121.3427,25.07318],[121.34113,25.07346],[121.34053,25.07408],[121.34062,25.07632],[121.34151,25.07663],[121.34286,25.07529],[121.34371,25.07506],[121.34615,25.07554],[121.34447,25.07604],[121.34397,25.07739],[121.34435,25.07798],[121.34592,25.0768],[121.34514,25.07834],[121.34662,25.07834],[121.34791,25.07916],[121.34652,25.07952],[121.34362,25.07963],[121.34248,25.08011],[121.34693,25.08064],[121.34892,25.08121],[121.35022,25.08118],[121.34927,25.08238],[121.34817,25.08235],[121.34671,25.08353],[121.34151,25.08407],[121.33866,25.08362],[121.33661,25.08502],[121.33655,25.08505],[121.33649,25.08513],[121.33346,25.08662],[121.33339,25.08662],[121.33336,25.08662],[121.33264,25.08673],[121.33099,25.08802],[121.33014,25.08824],[121.32806,25.09097],[121.32525,25.0924],[121.32515,25.09245],[121.32137,25.09256],[121.31947,25.09318],[121.31824,25.09301],[121.31707,25.09399],[121.31575,25.09422],[121.31344,25.09534],[121.31038,25.09655],[121.30524,25.09672],[121.30435,25.09641],[121.30268,25.09686],[121.30211,25.09747],[121.30208,25.0975]]]}},{"type":"Feature","properties":{"TOWNCODE":"65000140","TOWNNAME":"蘆洲區","COUNTYNAME":"新北市"},"geometry":{"type":"Polygon","coordinates":[[[121.47376,25.07271],[121.47102,25.07346],[121.46953,25.07602],[121.4684,25.07624],[121.46461,25.0779],[121.46382,25.07778],[121.46073,25.0791],[121.45688,25.08146],[121.45587,25.08275],[121.45511,25.08522],[121.45495,25.0862],[121.45476,25.08909],[121.45583,25.09242],[121.45767,25.09391],[121.45823,25.09702],[121.4582,25.09756],[121.4583,25.09801],[121.46066,25.09873],[121.46117,25.09958],[121.4619,25.1007],[121.46666,25.09946],[121.47376,25.09792],[121.47651,25.09784],[121.48099,25.09714],[121.48854,25.09492],[121.49034,25.09388],[121.48961,25.09338],[121.48869,25.09217],[121.48532,25.0897],[121.48383,25.08833],[121.4838,25.0855],[121.48402,25.08454],[121.48349,25.08423],[121.48267,25.0832],[121.48222,25.08193],[121.48068,25.08017],[121.48065,25.08011],[121.47888,25.07812],[121.47739,25.07742],[121.47714,25.07733],[121.47601,25.07464],[121.47575,25.07414],[121.47534,25.07321],[121.47376,25.07271]]]}},{"type":"Feature","properties":{"TOWNCODE":"65000120","TOWNNAME":"瑞芳區","COUNTYNAME":"新北市"},"geometry":{"type":"Polygon","coordinates":[[[121.75924,25.08404],[121.75921,25.08412],[121.75959,25.08679],[121.75921,25.08867],[121.75981,25.09024],[121.75899,25.09189],[121.75836,25.09414],[121.75836,25.09442],[121.75836,25.09478],[121.75946,25.09629],[121.7594,25.09932],[121.75987,25.10053],[121.75911,25.10095],[121.75908,25.10095],[121.75905,25.10095],[121.75899,25.10098],[121.75678,25.1019],[121.75678,25.10202],[121.75668,25.10275],[121.75773,25.10319],[121.75776,25.10325],[121.75725,25.10533],[121.75741,25.10664],[121.75605,25.10838],[121.75391,25.10866],[121.75274,25.10684],[121.75088,25.10774],[121.75002,25.10965],[121.75009,25.10976],[121.75018,25.10984],[121.75173,25.11096],[121.75179,25.11102],[121.75185,25.11102],[121.75703,25.11012],[121.7594,25.11256],[121.76145,25.11239],[121.76328,25.11343],[121.76546,25.11324],[121.76688,25.11253],[121.76798,25.11396],[121.76972,25.11497],[121.77048,25.11683],[121.77149,25.118],[121.77149,25.11809],[121.77193,25.11904],[121.77354,25.12028],[121.7737,25.12028],[121.7749,25.11988],[121.77581,25.1187],[121.77717,25.11859],[121.77941,25.11755],[121.78058,25.11767],[121.78336,25.11663],[121.78339,25.11663],[121.78351,25.1166],[121.78547,25.11828],[121.78566,25.11826],[121.78724,25.11587],[121.79018,25.11228],[121.79292,25.1129],[121.79488,25.11265],[121.79488,25.11267],[121.79494,25.11273],[121.79567,25.11374],[121.79715,25.11413],[121.79718,25.11413],[121.79721,25.11416],[121.79775,25.1143],[121.79794,25.11612],[121.79863,25.11666],[121.79756,25.11772],[121.79873,25.11842],[121.79886,25.11935],[121.79759,25.11983],[121.79709,25.12129],[121.79418,25.12333],[121.79453,25.12617],[121.79453,25.12619],[121.79459,25.12639],[121.79759,25.12502],[121.7981,25.12429],[121.79911,25.12434],[121.7998,25.12311],[121.80072,25.12305],[121.80226,25.12179],[121.80286,25.12193],[121.8029,25.12193],[121.80299,25.12204],[121.80343,25.1235],[121.80485,25.12507],[121.80498,25.12577],[121.80384,25.12723],[121.80425,25.12849],[121.80533,25.12917],[121.80536,25.13113],[121.80391,25.13354],[121.80255,25.13433],[121.80283,25.135],[121.80286,25.13511],[121.80302,25.13542],[121.80309,25.13553],[121.8035,25.13618],[121.80684,25.13562],[121.80738,25.13469],[121.81041,25.13309],[121.8118,25.13371],[121.81385,25.13407],[121.81543,25.13475],[121.81745,25.13413],[121.81985,25.1348],[121.82187,25.13604],[121.82534,25.13604],[121.82663,25.13565],[121.82584,25.13469],[121.82307,25.1325],[121.82139,25.13256],[121.82212,25.13332],[121.82114,25.1341],[121.82023,25.13309],[121.82004,25.13133],[121.81881,25.12981],[121.81915,25.12933],[121.82149,25.13068],[121.81988,25.12942],[121.81912,25.12706],[121.81963,25.12476],[121.82105,25.12241],[121.82256,25.12143],[121.82395,25.12148],[121.8254,25.12173],[121.82565,25.12255],[121.82802,25.12274],[121.82957,25.12437],[121.8285,25.12726],[121.83026,25.12779],[121.83153,25.12703],[121.83175,25.12771],[121.83374,25.12701],[121.83408,25.12844],[121.83648,25.12802],[121.83901,25.12861],[121.83945,25.12807],[121.84071,25.12861],[121.84207,25.12816],[121.84188,25.12886],[121.84302,25.12855],[121.84286,25.12782],[121.84488,25.12726],[121.84895,25.12723],[121.84999,25.12675],[121.85267,25.12617],[121.85608,25.12482],[121.85933,25.12482],[121.86063,25.12457],[121.86237,25.12633],[121.86284,25.12538],[121.86262,25.12429],[121.8642,25.12406],[121.86505,25.12314],[121.86852,25.12314],[121.86953,25.12524],[121.87029,25.12532],[121.87057,25.12431],[121.87149,25.12381],[121.87253,25.12538],[121.87326,25.12479],[121.87458,25.12549],[121.87477,25.12485],[121.876,25.12558],[121.87742,25.12504],[121.8779,25.12356],[121.87998,25.12305],[121.88118,25.12375],[121.88437,25.12333],[121.88721,25.12269],[121.88762,25.12095],[121.88819,25.12173],[121.88983,25.11988],[121.89106,25.12028],[121.89213,25.11974],[121.89317,25.12064],[121.89339,25.12008],[121.89485,25.1203],[121.89598,25.121],[121.89605,25.12019],[121.89706,25.11971],[121.90075,25.12078],[121.90444,25.12328],[121.90454,25.12431],[121.90662,25.12387],[121.90813,25.12395],[121.91031,25.12336],[121.91177,25.12417],[121.91337,25.12448],[121.91577,25.12356],[121.91603,25.12426],[121.91524,25.12532],[121.91571,25.12673],[121.91647,25.12726],[121.9189,25.1276],[121.9212,25.12849],[121.92224,25.12956],[121.92401,25.13012],[121.92603,25.12967],[121.92679,25.12883],[121.92414,25.12403],[121.92259,25.12232],[121.92108,25.12173],[121.91956,25.1205],[121.9182,25.12014],[121.91438,25.11856],[121.91306,25.11767],[121.91154,25.11775],[121.90839,25.11674],[121.90795,25.1175],[121.90627,25.11739],[121.90561,25.1168],[121.90207,25.1159],[121.90157,25.11475],[121.90005,25.11368],[121.89762,25.11377],[121.89658,25.11133],[121.89504,25.11001],[121.89478,25.10866],[121.89649,25.10482],[121.8974,25.10347],[121.89573,25.10115],[121.89245,25.10059],[121.89065,25.10101],[121.89011,25.10045],[121.8874,25.10033],[121.88522,25.09913],[121.88298,25.09848],[121.88168,25.09775],[121.87856,25.09503],[121.87553,25.09461],[121.87417,25.095],[121.87231,25.09374],[121.87041,25.09399],[121.86855,25.09377],[121.86707,25.09411],[121.86641,25.09514],[121.86543,25.0952],[121.86192,25.09649],[121.8612,25.09646],[121.85826,25.09646],[121.85735,25.0973],[121.85634,25.09641],[121.85454,25.09585],[121.85315,25.09461],[121.85258,25.09203],[121.85185,25.09122],[121.85154,25.08911],[121.84993,25.08897],[121.84766,25.08934],[121.84526,25.0867],[121.84399,25.08474],[121.84286,25.08227],[121.84093,25.08081],[121.8404,25.07809],[121.83888,25.07616],[121.83642,25.07402],[121.83516,25.07372],[121.8325,25.07184],[121.83213,25.07041],[121.83238,25.0692],[121.83149,25.06729],[121.82976,25.06502],[121.82966,25.06325],[121.83052,25.06196],[121.83058,25.05902],[121.83127,25.05804],[121.83042,25.05689],[121.83077,25.05563],[121.83165,25.0549],[121.8319,25.05369],[121.83374,25.05052],[121.83383,25.04839],[121.83471,25.0476],[121.83471,25.04589],[121.83396,25.04438],[121.83168,25.04418],[121.8308,25.04483],[121.82764,25.04553],[121.82689,25.04494],[121.82477,25.04491],[121.82376,25.04581],[121.82149,25.04584],[121.82032,25.04359],[121.81805,25.04205],[121.81688,25.04213],[121.81678,25.04289],[121.81511,25.04494],[121.81473,25.04584],[121.81533,25.04749],[121.81483,25.04929],[121.81366,25.05164],[121.81344,25.05341],[121.81432,25.05725],[121.81388,25.05837],[121.81214,25.05936],[121.81003,25.05969],[121.80829,25.0591],[121.80678,25.05807],[121.8058,25.05863],[121.80501,25.06048],[121.80507,25.06205],[121.80454,25.06362],[121.80564,25.06505],[121.80567,25.0662],[121.8047,25.06732],[121.80375,25.06757],[121.80167,25.07049],[121.80024,25.07318],[121.79788,25.0759],[121.7957,25.07717],[121.79482,25.07736],[121.78954,25.07604],[121.78759,25.07447],[121.78683,25.07433],[121.78462,25.07254],[121.78317,25.07268],[121.78146,25.07195],[121.78083,25.07114],[121.77815,25.07125],[121.77569,25.07004],[121.77367,25.07304],[121.77218,25.07414],[121.77133,25.07613],[121.76941,25.0779],[121.76707,25.07879],[121.76167,25.0784],[121.76003,25.08101],[121.75924,25.08395],[121.75924,25.08404]]]}},{"type":"Feature","properties":{"TOWNCODE":"65000230","TOWNNAME":"八里區","COUNTYNAME":"新北市"},"geometry":{"type":"Polygon","coordinates":[[[121.39255,25.08042],[121.39242,25.08135],[121.39359,25.08407],[121.39283,25.08451],[121.3927,25.08637],[121.39046,25.08676],[121.38999,25.08724],[121.38999,25.0881],[121.39116,25.08746],[121.39274,25.08749],[121.39261,25.089],[121.39457,25.0881],[121.39406,25.08754],[121.39463,25.08614],[121.39542,25.0862],[121.39643,25.08777],[121.39605,25.09043],[121.39693,25.09318],[121.39608,25.09641],[121.39504,25.09787],[121.39573,25.09932],[121.39454,25.10137],[121.39343,25.10241],[121.39289,25.10477],[121.39264,25.10395],[121.39337,25.1005],[121.39236,25.1012],[121.39176,25.10067],[121.38926,25.10662],[121.38822,25.10687],[121.38709,25.10911],[121.38541,25.10934],[121.38525,25.10993],[121.38649,25.11144],[121.38544,25.11279],[121.38589,25.11492],[121.38333,25.11475],[121.38134,25.11655],[121.38005,25.11683],[121.37957,25.11772],[121.37695,25.11977],[121.37702,25.12145],[121.37591,25.1214],[121.37465,25.12244],[121.3743,25.12454],[121.37257,25.12586],[121.37181,25.12734],[121.37064,25.12861],[121.36881,25.1322],[121.36714,25.13388],[121.36651,25.13562],[121.36581,25.13971],[121.36733,25.1391],[121.36912,25.1396],[121.37168,25.141],[121.37197,25.14198],[121.37537,25.14196],[121.37743,25.14288],[121.37948,25.14302],[121.38273,25.14456],[121.38604,25.1458],[121.38964,25.14768],[121.38784,25.15194],[121.388,25.15205],[121.39053,25.16302],[121.39173,25.16798],[121.40028,25.16041],[121.4023,25.15879],[121.40552,25.16044],[121.40678,25.16246],[121.41007,25.16622],[121.41253,25.16846],[121.41338,25.17048],[121.41411,25.17121],[121.41742,25.17556],[121.42291,25.17228],[121.42474,25.17124],[121.43115,25.16841],[121.43437,25.16697],[121.43579,25.16602],[121.43822,25.16448],[121.441,25.16254],[121.444,25.16002],[121.44614,25.158],[121.44917,25.15461],[121.45041,25.1527],[121.45265,25.14667],[121.45423,25.13974],[121.45568,25.13309],[121.45681,25.12664],[121.4588,25.12415],[121.45877,25.12294],[121.45937,25.12193],[121.46092,25.11621],[121.46092,25.11618],[121.46085,25.11604],[121.45902,25.1127],[121.45842,25.11281],[121.45855,25.11427],[121.457,25.11439],[121.45536,25.11624],[121.45571,25.11845],[121.45299,25.11938],[121.45299,25.12075],[121.45176,25.12005],[121.44905,25.12014],[121.44772,25.12204],[121.44554,25.12311],[121.44305,25.12283],[121.44138,25.12319],[121.44037,25.12445],[121.43914,25.12521],[121.43841,25.12499],[121.43595,25.12729],[121.43333,25.12782],[121.4315,25.129],[121.42954,25.12869],[121.42604,25.1297],[121.42506,25.13155],[121.42433,25.13217],[121.42133,25.12956],[121.42051,25.13015],[121.41632,25.12998],[121.41565,25.12939],[121.41606,25.12516],[121.41553,25.1237],[121.41464,25.12294],[121.413,25.12286],[121.41085,25.12134],[121.40978,25.12103],[121.40707,25.12204],[121.40476,25.12258],[121.40239,25.12008],[121.40325,25.12002],[121.40239,25.11848],[121.40104,25.11803],[121.40097,25.11514],[121.40003,25.11332],[121.40072,25.11304],[121.4017,25.11037],[121.40126,25.10922],[121.40186,25.1076],[121.40195,25.10614],[121.40025,25.10634],[121.40208,25.10479],[121.40255,25.10359],[121.4017,25.10333],[121.40195,25.10117],[121.40079,25.10174],[121.40214,25.09969],[121.40243,25.09862],[121.40186,25.09787],[121.40397,25.09548],[121.40293,25.09486],[121.40312,25.09355],[121.40195,25.09195],[121.40079,25.09178],[121.40041,25.08942],[121.4023,25.0892],[121.40214,25.08754],[121.39977,25.08777],[121.39936,25.08575],[121.39864,25.08407],[121.39731,25.08451],[121.39722,25.083],[121.39861,25.08199],[121.39858,25.0809],[121.39599,25.08219],[121.39599,25.08359],[121.39536,25.08376],[121.39495,25.08221],[121.39431,25.08196],[121.39362,25.08],[121.39255,25.08042]]]}},{"type":"Feature","properties":{"TOWNCODE":"65000100","TOWNNAME":"淡水區","COUNTYNAME":"新北市"},"geometry":{"type":"Polygon","coordinates":[[[121.45811,25.13063],[121.45773,25.13508],[121.45782,25.13781],[121.45757,25.14212],[121.45666,25.1474],[121.45501,25.15233],[121.4535,25.155],[121.45246,25.15623],[121.45044,25.15929],[121.45151,25.15977],[121.4494,25.16066],[121.44614,25.158],[121.444,25.16002],[121.441,25.16254],[121.43822,25.16448],[121.43579,25.16602],[121.43437,25.16697],[121.43115,25.16841],[121.42474,25.17124],[121.42291,25.17228],[121.41742,25.17556],[121.41827,25.17668],[121.41884,25.17741],[121.41774,25.17943],[121.41638,25.18066],[121.40947,25.1819],[121.4076,25.18249],[121.40432,25.18307],[121.4046,25.18608],[121.40391,25.18697],[121.40486,25.18983],[121.40997,25.19065],[121.41183,25.19065],[121.41224,25.18995],[121.4142,25.19011],[121.41594,25.1907],[121.41676,25.19154],[121.41878,25.19154],[121.41941,25.19255],[121.41856,25.19295],[121.41774,25.19443],[121.41871,25.19505],[121.41818,25.19626],[121.41878,25.19875],[121.41972,25.20049],[121.42465,25.20792],[121.42679,25.21022],[121.42869,25.21227],[121.43005,25.21502],[121.43169,25.21611],[121.43516,25.21721],[121.43592,25.2171],[121.43765,25.21802],[121.43731,25.21968],[121.43996,25.22576],[121.44087,25.22843],[121.44226,25.22972],[121.44352,25.23252],[121.44343,25.23423],[121.44438,25.23561],[121.44428,25.23608],[121.44539,25.23796],[121.44611,25.24035],[121.44589,25.24183],[121.44709,25.24273],[121.45031,25.24439],[121.45489,25.24394],[121.45565,25.24315],[121.45694,25.24315],[121.45754,25.24237],[121.45744,25.24125],[121.45877,25.24029],[121.46054,25.2399],[121.46155,25.24015],[121.46354,25.23917],[121.46774,25.23914],[121.46824,25.23861],[121.46922,25.23987],[121.47089,25.23886],[121.47335,25.23799],[121.47351,25.23746],[121.475,25.23774],[121.47831,25.23617],[121.48396,25.23426],[121.48491,25.23362],[121.48999,25.23177],[121.4922,25.23196],[121.49636,25.23053],[121.49646,25.23047],[121.49766,25.2293],[121.49633,25.22711],[121.49687,25.22573],[121.49763,25.22531],[121.49965,25.22531],[121.50135,25.22408],[121.50154,25.22377],[121.50028,25.22156],[121.4982,25.22203],[121.49851,25.22069],[121.49627,25.22223],[121.49618,25.22038],[121.4969,25.21819],[121.49848,25.21589],[121.49845,25.21583],[121.49772,25.21381],[121.49599,25.2146],[121.49292,25.21196],[121.49138,25.2128],[121.49119,25.21149],[121.48892,25.21093],[121.4868,25.21137],[121.48503,25.20826],[121.48626,25.20736],[121.48652,25.20635],[121.48525,25.20543],[121.48617,25.20433],[121.48869,25.20279],[121.48923,25.20189],[121.48895,25.20038],[121.48636,25.19948],[121.48554,25.19892],[121.48551,25.19735],[121.49116,25.19628],[121.49302,25.19502],[121.49308,25.19326],[121.49479,25.19292],[121.49469,25.19199],[121.49551,25.1911],[121.49684,25.1918],[121.50078,25.19295],[121.50261,25.19267],[121.50315,25.19082],[121.5052,25.19011],[121.50621,25.19025],[121.5077,25.18882],[121.50757,25.18762],[121.50984,25.18756],[121.51205,25.18526],[121.51534,25.18341],[121.51938,25.18249],[121.52067,25.18027],[121.52171,25.17912],[121.52231,25.17761],[121.522,25.17696],[121.52256,25.17469],[121.52124,25.17236],[121.52124,25.17155],[121.52004,25.16942],[121.51916,25.16942],[121.51909,25.16944],[121.51897,25.1695],[121.51395,25.17099],[121.513,25.17096],[121.5113,25.16942],[121.51044,25.16944],[121.50707,25.17118],[121.50606,25.17101],[121.50486,25.17323],[121.50309,25.17331],[121.5029,25.17334],[121.50284,25.17334],[121.50167,25.17127],[121.50176,25.1693],[121.50041,25.1686],[121.49971,25.16754],[121.49914,25.16563],[121.49744,25.16375],[121.49564,25.16288],[121.49374,25.16137],[121.49365,25.16131],[121.49223,25.16016],[121.49217,25.16008],[121.49217,25.16005],[121.49071,25.15735],[121.48762,25.15301],[121.4875,25.15149],[121.48677,25.15093],[121.48677,25.1509],[121.48399,25.15082],[121.48285,25.15023],[121.48099,25.14729],[121.48099,25.14726],[121.4809,25.14717],[121.4791,25.14566],[121.47907,25.14563],[121.47894,25.14555],[121.47657,25.14367],[121.47594,25.14238],[121.47591,25.14238],[121.47588,25.14235],[121.47484,25.14114],[121.47301,25.13974],[121.47196,25.13772],[121.47092,25.1368],[121.47083,25.13674],[121.47077,25.13668],[121.46897,25.13565],[121.46833,25.13444],[121.46562,25.13155],[121.46429,25.12757],[121.46467,25.126],[121.46436,25.12409],[121.46433,25.12409],[121.46426,25.12406],[121.46158,25.12342],[121.46063,25.12415],[121.45887,25.12917],[121.45811,25.13063]]]}},{"type":"Feature","properties":{"TOWNCODE":"65000280","TOWNNAME":"萬里區","COUNTYNAME":"新北市"},"geometry":{"type":"Polygon","coordinates":[[[121.64027,25.14552],[121.64018,25.14563],[121.63958,25.14569],[121.63885,25.1444],[121.63677,25.14361],[121.63478,25.14389],[121.63206,25.1426],[121.63102,25.14257],[121.62932,25.14176],[121.62679,25.13974],[121.62679,25.13971],[121.62395,25.13966],[121.61896,25.13834],[121.61713,25.13893],[121.61628,25.13755],[121.6112,25.13321],[121.60934,25.13262],[121.60845,25.13178],[121.60782,25.1302],[121.60463,25.13077],[121.60486,25.13273],[121.60457,25.13455],[121.60571,25.13674],[121.6041,25.13615],[121.6034,25.13708],[121.60167,25.13789],[121.60066,25.13926],[121.59838,25.14033],[121.59819,25.14103],[121.59576,25.14358],[121.59602,25.14476],[121.59542,25.1463],[121.5939,25.14804],[121.59371,25.15006],[121.59295,25.15079],[121.59182,25.15093],[121.58964,25.15217],[121.58945,25.15264],[121.59037,25.15332],[121.59081,25.15466],[121.5916,25.15511],[121.59182,25.15758],[121.59052,25.16027],[121.58986,25.16375],[121.59277,25.16423],[121.5933,25.16482],[121.59589,25.1656],[121.59668,25.1656],[121.59775,25.16765],[121.59977,25.16981],[121.60296,25.17362],[121.60397,25.17516],[121.6041,25.17629],[121.60542,25.1764],[121.60694,25.17746],[121.60725,25.17822],[121.60732,25.18148],[121.60965,25.18442],[121.61003,25.18641],[121.61095,25.18723],[121.61133,25.19014],[121.61085,25.19104],[121.61186,25.19152],[121.6124,25.19323],[121.61054,25.19463],[121.61148,25.19617],[121.61265,25.19699],[121.61322,25.19648],[121.61584,25.19929],[121.61669,25.201],[121.61843,25.20209],[121.61991,25.20355],[121.62127,25.2031],[121.62212,25.20341],[121.62389,25.20624],[121.62446,25.20641],[121.62834,25.20992],[121.62957,25.2107],[121.62976,25.2114],[121.63266,25.21323],[121.63446,25.21356],[121.63598,25.21485],[121.6379,25.21575],[121.63992,25.21558],[121.6415,25.21583],[121.64248,25.21651],[121.6434,25.21735],[121.64333,25.21822],[121.64368,25.22001],[121.64598,25.22161],[121.65018,25.22271],[121.65119,25.22046],[121.65347,25.21628],[121.65586,25.21331],[121.65826,25.21112],[121.66095,25.20874],[121.66208,25.20851],[121.66385,25.2095],[121.66215,25.20792],[121.66268,25.20742],[121.66404,25.20924],[121.66426,25.20703],[121.66622,25.20602],[121.67061,25.20271],[121.6731,25.2022],[121.67405,25.20344],[121.67446,25.20234],[121.67531,25.20324],[121.67395,25.20397],[121.67809,25.20596],[121.6778,25.20464],[121.67847,25.20262],[121.67929,25.20282],[121.68146,25.20428],[121.6814,25.20565],[121.68247,25.20557],[121.68415,25.20717],[121.68715,25.20795],[121.68727,25.2052],[121.68686,25.20745],[121.68626,25.20745],[121.68664,25.20498],[121.68569,25.20389],[121.68639,25.20327],[121.68746,25.20383],[121.68828,25.20543],[121.68929,25.20585],[121.68835,25.20655],[121.69037,25.20821],[121.69267,25.20851],[121.69292,25.20941],[121.69403,25.20986],[121.69437,25.2118],[121.69611,25.213],[121.69621,25.21429],[121.70132,25.21749],[121.70252,25.21625],[121.70094,25.21533],[121.70135,25.21474],[121.7005,25.21379],[121.69336,25.20767],[121.69254,25.20515],[121.69191,25.20436],[121.69321,25.20417],[121.69134,25.20383],[121.69264,25.20288],[121.69381,25.20436],[121.69425,25.20341],[121.69602,25.20391],[121.6957,25.20332],[121.69403,25.20178],[121.69469,25.20044],[121.69333,25.19987],[121.69235,25.19783],[121.68923,25.19645],[121.68734,25.19522],[121.68876,25.19533],[121.68674,25.19255],[121.68591,25.19239],[121.68642,25.19056],[121.68582,25.18953],[121.68768,25.18563],[121.68891,25.18425],[121.69014,25.18229],[121.69267,25.18013],[121.69614,25.18176],[121.69655,25.18108],[121.69469,25.18091],[121.6945,25.18002],[121.69744,25.18013],[121.69715,25.18181],[121.69889,25.18097],[121.70274,25.18058],[121.7035,25.17999],[121.70356,25.17873],[121.70463,25.17685],[121.70659,25.17696],[121.70719,25.17603],[121.70965,25.17657],[121.7093,25.17595],[121.70905,25.17564],[121.70703,25.17418],[121.70599,25.17385],[121.70397,25.17407],[121.70223,25.17351],[121.7022,25.17256],[121.70107,25.17071],[121.70097,25.16936],[121.69911,25.16894],[121.69895,25.1672],[121.69756,25.16678],[121.69652,25.16717],[121.69497,25.16669],[121.69109,25.16608],[121.69109,25.16605],[121.69109,25.16602],[121.69109,25.16482],[121.68954,25.164],[121.68885,25.16409],[121.68759,25.1619],[121.68484,25.1601],[121.68317,25.16066],[121.68282,25.15949],[121.68273,25.15937],[121.68134,25.15929],[121.67824,25.15719],[121.67818,25.15705],[121.67761,25.15573],[121.67414,25.15542],[121.67146,25.15556],[121.66963,25.15463],[121.66922,25.15382],[121.66925,25.15376],[121.66761,25.15292],[121.66597,25.15292],[121.66385,25.15217],[121.6623,25.15259],[121.66107,25.15217],[121.6583,25.15222],[121.65722,25.15144],[121.65577,25.14922],[121.65299,25.14824],[121.65201,25.14841],[121.65119,25.14726],[121.65119,25.14723],[121.65119,25.14715],[121.64955,25.14487],[121.64627,25.14577],[121.64403,25.14574],[121.64239,25.14496],[121.6403,25.14549],[121.64027,25.14552]]]}},{"type":"Feature","properties":{"TOWNCODE":"65000210","TOWNNAME":"三芝區","COUNTYNAME":"新北市"},"geometry":{"type":"Polygon","coordinates":[[[121.52171,25.17912],[121.52067,25.18027],[121.51938,25.18249],[121.51534,25.18341],[121.51205,25.18526],[121.50984,25.18756],[121.50757,25.18762],[121.5077,25.18882],[121.50621,25.19025],[121.5052,25.19011],[121.50315,25.19082],[121.50261,25.19267],[121.50078,25.19295],[121.49684,25.1918],[121.49551,25.1911],[121.49469,25.19199],[121.49479,25.19292],[121.49308,25.19326],[121.49302,25.19502],[121.49116,25.19628],[121.48551,25.19735],[121.48554,25.19892],[121.48636,25.19948],[121.48895,25.20038],[121.48923,25.20189],[121.48869,25.20279],[121.48617,25.20433],[121.48525,25.20543],[121.48652,25.20635],[121.48626,25.20736],[121.48503,25.20826],[121.4868,25.21137],[121.48892,25.21093],[121.49119,25.21149],[121.49138,25.2128],[121.49292,25.21196],[121.49599,25.2146],[121.49772,25.21381],[121.49845,25.21583],[121.49848,25.21589],[121.4969,25.21819],[121.49618,25.22038],[121.49627,25.22223],[121.49851,25.22069],[121.4982,25.22203],[121.50028,25.22156],[121.50154,25.22377],[121.50135,25.22408],[121.49965,25.22531],[121.49763,25.22531],[121.49687,25.22573],[121.49633,25.22711],[121.49766,25.2293],[121.49646,25.23047],[121.49636,25.23053],[121.4922,25.23196],[121.48999,25.23177],[121.48491,25.23362],[121.48396,25.23426],[121.47831,25.23617],[121.475,25.23774],[121.47351,25.23746],[121.47335,25.23799],[121.47089,25.23886],[121.46922,25.23987],[121.46824,25.23861],[121.46774,25.23914],[121.46354,25.23917],[121.46155,25.24015],[121.46054,25.2399],[121.45877,25.24029],[121.45744,25.24125],[121.45754,25.24237],[121.45694,25.24315],[121.45565,25.24315],[121.45489,25.24394],[121.45031,25.24439],[121.44709,25.24273],[121.44589,25.24183],[121.44583,25.24256],[121.44725,25.24523],[121.44766,25.24666],[121.45075,25.25078],[121.45271,25.2528],[121.45618,25.25317],[121.45751,25.25303],[121.46092,25.25207],[121.4625,25.25204],[121.46736,25.25331],[121.46969,25.25499],[121.47155,25.256],[121.47345,25.25819],[121.47487,25.26063],[121.47534,25.26281],[121.47645,25.26478],[121.47796,25.26767],[121.48093,25.27089],[121.48554,25.27271],[121.48664,25.27271],[121.48892,25.27395],[121.49097,25.27471],[121.49229,25.27594],[121.49378,25.27639],[121.49548,25.27793],[121.49734,25.27886],[121.50119,25.2799],[121.50271,25.27978],[121.50375,25.28133],[121.50643,25.28144],[121.50599,25.28222],[121.50767,25.28276],[121.50804,25.27998],[121.50864,25.27939],[121.50836,25.2781],[121.51044,25.27757],[121.51177,25.27656],[121.51373,25.27608],[121.51511,25.27616],[121.51537,25.27476],[121.51644,25.27286],[121.51736,25.27227],[121.51969,25.26904],[121.52118,25.26876],[121.52256,25.26629],[121.52367,25.26607],[121.52408,25.26368],[121.52616,25.26237],[121.52683,25.26096],[121.52802,25.2615],[121.52866,25.26051],[121.52967,25.26012],[121.5308,25.26091],[121.53178,25.26079],[121.5309,25.26382],[121.53229,25.26492],[121.53203,25.2657],[121.53336,25.2664],[121.53421,25.26596],[121.53885,25.26621],[121.54034,25.26565],[121.54141,25.26649],[121.54163,25.26775],[121.54311,25.26809],[121.54583,25.26691],[121.5475,25.26539],[121.54797,25.26621],[121.55003,25.26315],[121.5504,25.2618],[121.54968,25.25948],[121.54886,25.2592],[121.54782,25.25701],[121.54794,25.25485],[121.54643,25.25353],[121.54687,25.25143],[121.54772,25.24983],[121.54734,25.2482],[121.54627,25.24627],[121.54472,25.24531],[121.54586,25.24349],[121.54457,25.24144],[121.54548,25.24096],[121.54643,25.24189],[121.54816,25.24282],[121.54876,25.24413],[121.55056,25.24545],[121.55186,25.24523],[121.55255,25.24391],[121.55078,25.24265],[121.55252,25.24105],[121.55403,25.23979],[121.55495,25.23824],[121.55546,25.23586],[121.55647,25.23384],[121.55568,25.23118],[121.55609,25.22918],[121.55564,25.22756],[121.55751,25.22666],[121.55801,25.22565],[121.56032,25.22321],[121.56265,25.22203],[121.56319,25.2197],[121.56433,25.2183],[121.56515,25.21589],[121.566,25.21502],[121.56436,25.21387],[121.56243,25.2141],[121.56123,25.21289],[121.56013,25.21098],[121.55921,25.21014],[121.55681,25.20868],[121.55501,25.20843],[121.55432,25.20619],[121.55312,25.20419],[121.55179,25.20358],[121.55151,25.20209],[121.55258,25.20088],[121.55258,25.19881],[121.55179,25.19766],[121.55069,25.19713],[121.54905,25.19811],[121.54813,25.198],[121.54756,25.19715],[121.54633,25.19696],[121.54457,25.19539],[121.54324,25.19365],[121.54277,25.1911],[121.54283,25.18936],[121.54283,25.1893],[121.54283,25.18927],[121.54071,25.18717],[121.53579,25.18664],[121.53576,25.18658],[121.53573,25.1865],[121.53459,25.18445],[121.53336,25.18358],[121.53121,25.18364],[121.52926,25.18299],[121.52714,25.18321],[121.52569,25.18277],[121.52171,25.17912]]]}},{"type":"Feature","properties":{"TOWNCODE":"65000270","TOWNNAME":"金山區","COUNTYNAME":"新北市"},"geometry":{"type":"Polygon","coordinates":[[[121.59589,25.1656],[121.5933,25.16482],[121.59277,25.16423],[121.58986,25.16375],[121.58844,25.16299],[121.58642,25.16353],[121.5832,25.1658],[121.58248,25.16543],[121.57888,25.1656],[121.57708,25.167],[121.57705,25.16709],[121.57701,25.16712],[121.5773,25.16995],[121.57929,25.17191],[121.58172,25.17379],[121.58298,25.17559],[121.58326,25.17755],[121.58128,25.18044],[121.58096,25.18206],[121.58279,25.18442],[121.58184,25.18579],[121.58292,25.18843],[121.58399,25.1888],[121.5838,25.19191],[121.58273,25.19312],[121.58377,25.1946],[121.58304,25.19499],[121.58055,25.19536],[121.57919,25.19413],[121.57727,25.19528],[121.5761,25.19533],[121.57506,25.19547],[121.57319,25.19497],[121.57177,25.19539],[121.57095,25.19617],[121.57076,25.19758],[121.56994,25.19828],[121.56638,25.19954],[121.56489,25.20094],[121.56508,25.20215],[121.56442,25.20478],[121.56347,25.20582],[121.56275,25.2093],[121.55921,25.21014],[121.56013,25.21098],[121.56123,25.21289],[121.56243,25.2141],[121.56436,25.21387],[121.566,25.21502],[121.56726,25.21673],[121.5677,25.21802],[121.56998,25.21926],[121.57133,25.22038],[121.57367,25.22074],[121.57458,25.22041],[121.5778,25.22083],[121.57957,25.22186],[121.58109,25.22321],[121.58191,25.22509],[121.58159,25.22823],[121.58301,25.23185],[121.58399,25.23331],[121.58721,25.23541],[121.58841,25.2369],[121.59033,25.23816],[121.59078,25.23909],[121.59406,25.24192],[121.59422,25.24245],[121.597,25.24298],[121.59772,25.24318],[121.59886,25.24441],[121.59999,25.24669],[121.60018,25.24823],[121.60047,25.24915],[121.60167,25.25019],[121.60334,25.25224],[121.60416,25.25308],[121.60662,25.25319],[121.61038,25.25398],[121.61363,25.25398],[121.61581,25.25342],[121.61641,25.25468],[121.61811,25.2565],[121.61862,25.25805],[121.61691,25.26279],[121.61729,25.265],[121.61603,25.26694],[121.61717,25.26842],[121.61701,25.26966],[121.61795,25.27333],[121.61988,25.27445],[121.62076,25.27574],[121.62313,25.27392],[121.62976,25.26677],[121.63412,25.26004],[121.63509,25.25664],[121.63557,25.25274],[121.63588,25.25011],[121.63516,25.24517],[121.6339,25.24063],[121.63415,25.23956],[121.63642,25.23639],[121.63816,25.23594],[121.63765,25.23538],[121.63882,25.23395],[121.64273,25.23092],[121.64576,25.23033],[121.64627,25.23146],[121.64728,25.23123],[121.64595,25.23011],[121.6487,25.23008],[121.64772,25.23112],[121.64851,25.23272],[121.65129,25.23334],[121.65264,25.2328],[121.65154,25.23148],[121.65135,25.2305],[121.65306,25.23],[121.65343,25.22893],[121.65249,25.22705],[121.65167,25.22593],[121.65031,25.22512],[121.65141,25.22512],[121.65018,25.22271],[121.64598,25.22161],[121.64368,25.22001],[121.64333,25.21822],[121.6434,25.21735],[121.64248,25.21651],[121.6415,25.21583],[121.63992,25.21558],[121.6379,25.21575],[121.63598,25.21485],[121.63446,25.21356],[121.63266,25.21323],[121.62976,25.2114],[121.62957,25.2107],[121.62834,25.20992],[121.62446,25.20641],[121.62389,25.20624],[121.62212,25.20341],[121.62127,25.2031],[121.61991,25.20355],[121.61843,25.20209],[121.61669,25.201],[121.61584,25.19929],[121.61322,25.19648],[121.61265,25.19699],[121.61148,25.19617],[121.61054,25.19463],[121.6124,25.19323],[121.61186,25.19152],[121.61085,25.19104],[121.61133,25.19014],[121.61095,25.18723],[121.61003,25.18641],[121.60965,25.18442],[121.60732,25.18148],[121.60725,25.17822],[121.60694,25.17746],[121.60542,25.1764],[121.6041,25.17629],[121.60397,25.17516],[121.60296,25.17362],[121.59977,25.16981],[121.59775,25.16765],[121.59668,25.1656],[121.59589,25.1656]]]}},{"type":"Feature","properties":{"TOWNCODE":"65000220","TOWNNAME":"石門區","COUNTYNAME":"新北市"},"geometry":{"type":"Polygon","coordinates":[[[121.5677,25.21802],[121.56726,25.21673],[121.566,25.21502],[121.56515,25.21589],[121.56433,25.2183],[121.56319,25.2197],[121.56265,25.22203],[121.56032,25.22321],[121.55801,25.22565],[121.55751,25.22666],[121.55564,25.22756],[121.55609,25.22918],[121.55568,25.23118],[121.55647,25.23384],[121.55546,25.23586],[121.55495,25.23824],[121.55403,25.23979],[121.55252,25.24105],[121.55078,25.24265],[121.55255,25.24391],[121.55186,25.24523],[121.55056,25.24545],[121.54876,25.24413],[121.54816,25.24282],[121.54643,25.24189],[121.54548,25.24096],[121.54457,25.24144],[121.54586,25.24349],[121.54472,25.24531],[121.54627,25.24627],[121.54734,25.2482],[121.54772,25.24983],[121.54687,25.25143],[121.54643,25.25353],[121.54794,25.25485],[121.54782,25.25701],[121.54886,25.2592],[121.54968,25.25948],[121.5504,25.2618],[121.55003,25.26315],[121.54797,25.26621],[121.5475,25.26539],[121.54583,25.26691],[121.54311,25.26809],[121.54163,25.26775],[121.54141,25.26649],[121.54034,25.26565],[121.53885,25.26621],[121.53421,25.26596],[121.53336,25.2664],[121.53203,25.2657],[121.53229,25.26492],[121.5309,25.26382],[121.53178,25.26079],[121.5308,25.26091],[121.52967,25.26012],[121.52866,25.26051],[121.52802,25.2615],[121.52683,25.26096],[121.52616,25.26237],[121.52408,25.26368],[121.52367,25.26607],[121.52256,25.26629],[121.52118,25.26876],[121.51969,25.26904],[121.51736,25.27227],[121.51644,25.27286],[121.51537,25.27476],[121.51511,25.27616],[121.51373,25.27608],[121.51177,25.27656],[121.51044,25.27757],[121.50836,25.2781],[121.50864,25.27939],[121.50804,25.27998],[121.50767,25.28276],[121.50899,25.28292],[121.51051,25.28433],[121.5095,25.28438],[121.50937,25.28548],[121.50845,25.28694],[121.50836,25.28873],[121.50931,25.29131],[121.51073,25.29198],[121.51186,25.29179],[121.51278,25.29095],[121.51363,25.28935],[121.51404,25.28668],[121.51477,25.28593],[121.51691,25.28489],[121.51859,25.28478],[121.52083,25.28553],[121.52083,25.28651],[121.52297,25.28702],[121.52594,25.28601],[121.52679,25.28635],[121.52853,25.28708],[121.53049,25.28834],[121.53169,25.28966],[121.53333,25.28988],[121.5345,25.29111],[121.53484,25.29249],[121.53361,25.29498],[121.53377,25.29706],[121.53715,25.30031],[121.53939,25.29919],[121.54071,25.29785],[121.54122,25.29456],[121.54586,25.29235],[121.54747,25.29173],[121.54772,25.29198],[121.5504,25.29162],[121.55183,25.29196],[121.55381,25.29302],[121.5577,25.29229],[121.56041,25.29198],[121.56215,25.29302],[121.56391,25.2935],[121.56559,25.29322],[121.56543,25.29403],[121.56669,25.2949],[121.56717,25.29678],[121.56931,25.29846],[121.57222,25.29841],[121.57446,25.29905],[121.57771,25.29891],[121.57957,25.29773],[121.58263,25.2963],[121.58535,25.29445],[121.58756,25.29305],[121.59065,25.29207],[121.59374,25.29207],[121.59539,25.29139],[121.59706,25.29156],[121.5976,25.28996],[121.60239,25.28772],[121.60473,25.28562],[121.60634,25.28385],[121.60795,25.28144],[121.61568,25.27925],[121.61786,25.27816],[121.62076,25.27574],[121.61988,25.27445],[121.61795,25.27333],[121.61701,25.26966],[121.61717,25.26842],[121.61603,25.26694],[121.61729,25.265],[121.61691,25.26279],[121.61862,25.25805],[121.61811,25.2565],[121.61641,25.25468],[121.61581,25.25342],[121.61363,25.25398],[121.61038,25.25398],[121.60662,25.25319],[121.60416,25.25308],[121.60334,25.25224],[121.60167,25.25019],[121.60047,25.24915],[121.60018,25.24823],[121.59999,25.24669],[121.59886,25.24441],[121.59772,25.24318],[121.597,25.24298],[121.59422,25.24245],[121.59406,25.24192],[121.59078,25.23909],[121.59033,25.23816],[121.58841,25.2369],[121.58721,25.23541],[121.58399,25.23331],[121.58301,25.23185],[121.58159,25.22823],[121.58191,25.22509],[121.58109,25.22321],[121.57957,25.22186],[121.5778,25.22083],[121.57458,25.22041],[121.57367,25.22074],[121.57133,25.22038],[121.56998,25.21926],[121.5677,25.21802]]]}},{"type":"Feature","properties":{"TOWNCODE":"63000080","TOWNNAME":"文山區","COUNTYNAME":"臺北市"},"geometry":{"type":"Polygon","coordinates":[[[121.60924,24.96402],[121.60845,24.96318],[121.60527,24.96298],[121.6034,24.96228],[121.60217,24.96122],[121.60107,24.96088],[121.59838,24.96124],[121.59684,24.9606],[121.59681,24.96063],[121.59677,24.96066],[121.59485,24.96158],[121.5934,24.96422],[121.59194,24.96394],[121.59119,24.96458],[121.58873,24.96338],[121.58809,24.96369],[121.58573,24.96321],[121.58443,24.96458],[121.58219,24.96475],[121.58052,24.9654],[121.57866,24.96657],[121.57739,24.96649],[121.57455,24.96685],[121.57433,24.96528],[121.57297,24.96413],[121.57039,24.96444],[121.56843,24.96408],[121.56492,24.96416],[121.56486,24.96422],[121.56439,24.96464],[121.56123,24.96469],[121.55994,24.96657],[121.55991,24.9666],[121.55991,24.96663],[121.55849,24.96854],[121.55748,24.97227],[121.55609,24.97336],[121.55523,24.97642],[121.5552,24.97647],[121.5552,24.9765],[121.55369,24.97743],[121.55312,24.97967],[121.55312,24.97973],[121.55356,24.98312],[121.55359,24.98326],[121.55378,24.9852],[121.55284,24.98635],[121.55284,24.98638],[121.55284,24.98638],[121.55151,24.98739],[121.55069,24.98696],[121.55069,24.98694],[121.55066,24.98688],[121.55104,24.98587],[121.54996,24.98447],[121.5499,24.98441],[121.54987,24.98438],[121.54902,24.98374],[121.54709,24.98329],[121.54488,24.98377],[121.54482,24.98382],[121.54479,24.98382],[121.54479,24.98385],[121.54415,24.98503],[121.54482,24.98702],[121.54419,24.9882],[121.54242,24.98806],[121.54226,24.98806],[121.54223,24.98803],[121.5422,24.98803],[121.54213,24.98803],[121.53983,24.98775],[121.5398,24.98775],[121.53977,24.98775],[121.53819,24.98797],[121.53686,24.98873],[121.53658,24.98971],[121.53699,24.991],[121.53699,24.99109],[121.53702,24.99114],[121.53708,24.99221],[121.53626,24.99409],[121.5351,24.99513],[121.53506,24.9951],[121.53503,24.99507],[121.53434,24.99333],[121.53345,24.99215],[121.53342,24.99215],[121.53336,24.9921],[121.53169,24.99053],[121.53137,24.99255],[121.53175,24.99322],[121.53137,24.99544],[121.53055,24.9979],[121.5309,24.99933],[121.53162,25.00118],[121.53339,25.00253],[121.53386,25.0036],[121.53254,25.00629],[121.53184,25.00867],[121.53573,25.01097],[121.53705,25.01128],[121.5379,25.00845],[121.53907,25.00862],[121.541,25.00814],[121.54362,25.00856],[121.54516,25.00808],[121.54668,25.00848],[121.54927,25.00985],[121.55126,25.0098],[121.55255,25.00887],[121.55448,25.01013],[121.55583,25.01162],[121.55703,25.01201],[121.5582,25.01224],[121.56041,25.01027],[121.56111,25.01008],[121.56306,25.00803],[121.56429,25.00778],[121.56597,25.00814],[121.56934,25.00977],[121.56994,25.01061],[121.5719,25.01193],[121.57218,25.01333],[121.57515,25.01319],[121.57629,25.01426],[121.57802,25.01386],[121.58046,25.01224],[121.58266,25.01257],[121.58355,25.01308],[121.58794,25.01341],[121.59128,25.01426],[121.59172,25.01487],[121.59349,25.01456],[121.59545,25.01549],[121.59728,25.01437],[121.59747,25.01305],[121.59652,25.01193],[121.59564,25.00716],[121.59599,25.00435],[121.59602,25.00433],[121.59605,25.0043],[121.59614,25.00427],[121.59709,25.00455],[121.59936,25.00284],[121.59943,25.00281],[121.59946,25.00278],[121.60056,25.00071],[121.60053,24.99849],[121.59971,24.99762],[121.59958,24.99642],[121.59835,24.9951],[121.59832,24.9951],[121.59845,24.99367],[121.59927,24.99314],[121.59908,24.99176],[121.60189,24.99044],[121.60186,24.98795],[121.59987,24.98646],[121.60069,24.98032],[121.59933,24.97869],[121.59968,24.97782],[121.59971,24.97779],[121.59977,24.97771],[121.6005,24.9767],[121.60283,24.97591],[121.60511,24.97443],[121.60823,24.97451],[121.61006,24.97426],[121.61126,24.97462],[121.61344,24.97336],[121.61414,24.97359],[121.61549,24.97224],[121.61717,24.97115],[121.61723,24.97112],[121.61919,24.97058],[121.61997,24.96927],[121.61963,24.96716],[121.61786,24.96688],[121.61694,24.9675],[121.61496,24.96615],[121.61366,24.96643],[121.61205,24.9654],[121.61047,24.965],[121.60924,24.96402]]]}},{"type":"Feature","properties":{"TOWNCODE":"63000050","TOWNNAME":"中正區","COUNTYNAME":"臺北市"},"geometry":{"type":"Polygon","coordinates":[[[121.53705,25.01128],[121.53573,25.01097],[121.53184,25.00867],[121.53087,25.00966],[121.5273,25.01081],[121.52607,25.01153],[121.52443,25.01361],[121.52181,25.01728],[121.52054,25.01863],[121.51963,25.01933],[121.51625,25.02073],[121.5124,25.02174],[121.51221,25.02404],[121.5101,25.02463],[121.50912,25.02494],[121.50713,25.02676],[121.50482,25.0292],[121.50413,25.02999],[121.50416,25.03134],[121.5053,25.03338],[121.5065,25.03602],[121.50688,25.03728],[121.50729,25.03922],[121.50814,25.04211],[121.50849,25.0432],[121.50896,25.04511],[121.50965,25.04732],[121.5107,25.04833],[121.51152,25.04867],[121.51205,25.04985],[121.51335,25.04943],[121.51739,25.04842],[121.51865,25.04836],[121.52073,25.04802],[121.52421,25.04786],[121.52642,25.04738],[121.53285,25.04547],[121.53292,25.04544],[121.53285,25.04227],[121.53279,25.03812],[121.53267,25.03364],[121.52998,25.03378],[121.52774,25.03408],[121.52727,25.03414],[121.5243,25.0354],[121.52256,25.03232],[121.52196,25.02951],[121.52174,25.02803],[121.52253,25.02702],[121.52335,25.02584],[121.52528,25.0232],[121.52771,25.0211],[121.52922,25.01967],[121.53263,25.01639],[121.53339,25.01569],[121.53611,25.01296],[121.53705,25.01128]]]}},{"type":"Feature","properties":{"TOWNCODE":"63000020","TOWNNAME":"信義區","COUNTYNAME":"臺北市"},"geometry":{"type":"Polygon","coordinates":[[[121.57218,25.01333],[121.5719,25.01193],[121.56994,25.01061],[121.56934,25.00977],[121.56597,25.00814],[121.56527,25.00999],[121.5636,25.01131],[121.56332,25.01339],[121.56066,25.01611],[121.56013,25.01726],[121.55896,25.01846],[121.55659,25.02065],[121.55473,25.02242],[121.55268,25.02435],[121.55599,25.02747],[121.55738,25.02937],[121.55744,25.03305],[121.55748,25.0342],[121.55751,25.03501],[121.55757,25.0377],[121.55763,25.04129],[121.55766,25.04519],[121.55773,25.04522],[121.56243,25.04716],[121.56575,25.04831],[121.56934,25.04926],[121.57272,25.04945],[121.57777,25.04948],[121.58008,25.04945],[121.58004,25.04884],[121.58058,25.04755],[121.58074,25.04533],[121.58197,25.04418],[121.58285,25.04342],[121.585,25.04177],[121.5867,25.04155],[121.58715,25.03967],[121.58936,25.03711],[121.58961,25.03451],[121.59191,25.03173],[121.59198,25.03111],[121.59125,25.02999],[121.58803,25.02805],[121.58667,25.02679],[121.58554,25.0248],[121.58497,25.02261],[121.58364,25.01883],[121.58191,25.01818],[121.57862,25.01518],[121.57802,25.01386],[121.57629,25.01426],[121.57515,25.01319],[121.57218,25.01333]]]}},{"type":"Feature","properties":{"TOWNCODE":"63000030","TOWNNAME":"大安區","COUNTYNAME":"臺北市"},"geometry":{"type":"Polygon","coordinates":[[[121.54516,25.00808],[121.54362,25.00856],[121.541,25.00814],[121.53907,25.00862],[121.5379,25.00845],[121.53705,25.01128],[121.53611,25.01296],[121.53339,25.01569],[121.53263,25.01639],[121.52922,25.01967],[121.52771,25.0211],[121.52528,25.0232],[121.52335,25.02584],[121.52253,25.02702],[121.52174,25.02803],[121.52196,25.02951],[121.52256,25.03232],[121.5243,25.0354],[121.52727,25.03414],[121.52774,25.03408],[121.52998,25.03378],[121.53267,25.03364],[121.53279,25.03812],[121.53285,25.04227],[121.53292,25.04544],[121.53487,25.045],[121.53661,25.04477],[121.54071,25.04466],[121.54384,25.04491],[121.54674,25.04522],[121.54889,25.04497],[121.55242,25.04455],[121.55299,25.04446],[121.55369,25.04443],[121.55403,25.04443],[121.55552,25.04474],[121.55766,25.04519],[121.55763,25.04129],[121.55757,25.0377],[121.55751,25.03501],[121.55748,25.0342],[121.55744,25.03305],[121.55738,25.02937],[121.55599,25.02747],[121.55268,25.02435],[121.55473,25.02242],[121.55659,25.02065],[121.55896,25.01846],[121.56013,25.01726],[121.56066,25.01611],[121.56332,25.01339],[121.5636,25.01131],[121.56527,25.00999],[121.56597,25.00814],[121.56429,25.00778],[121.56306,25.00803],[121.56111,25.01008],[121.56041,25.01027],[121.5582,25.01224],[121.55703,25.01201],[121.55583,25.01162],[121.55448,25.01013],[121.55255,25.00887],[121.55126,25.0098],[121.54927,25.00985],[121.54668,25.00848],[121.54516,25.00808]]]}},{"type":"Feature","properties":{"TOWNCODE":"63000070","TOWNNAME":"萬華區","COUNTYNAME":"臺北市"},"geometry":{"type":"Polygon","coordinates":[[[121.49403,25.00918],[121.49267,25.00954],[121.49027,25.01282],[121.48955,25.01316],[121.48869,25.01569],[121.48869,25.01574],[121.4886,25.01661],[121.4886,25.01667],[121.48854,25.01925],[121.48854,25.01928],[121.48841,25.02076],[121.48841,25.02079],[121.48841,25.02082],[121.48857,25.02169],[121.48857,25.02186],[121.48857,25.02188],[121.48873,25.02354],[121.48869,25.02357],[121.48866,25.02365],[121.48866,25.02368],[121.48759,25.02604],[121.48756,25.02702],[121.48753,25.02707],[121.48753,25.0271],[121.48734,25.02741],[121.48727,25.02747],[121.48661,25.02828],[121.48655,25.02845],[121.48648,25.02853],[121.48535,25.03075],[121.48529,25.03083],[121.48525,25.03092],[121.48424,25.03338],[121.48421,25.03341],[121.48415,25.03358],[121.48371,25.03507],[121.48364,25.03529],[121.48412,25.03765],[121.48525,25.03922],[121.4891,25.0427],[121.49352,25.04286],[121.49567,25.04295],[121.50018,25.04508],[121.50202,25.04679],[121.50464,25.04974],[121.50634,25.04895],[121.50899,25.04828],[121.5107,25.04833],[121.50965,25.04732],[121.50896,25.04511],[121.50849,25.0432],[121.50814,25.04211],[121.50729,25.03922],[121.50688,25.03728],[121.5065,25.03602],[121.5053,25.03338],[121.50416,25.03134],[121.50413,25.02999],[121.50482,25.0292],[121.50713,25.02676],[121.50912,25.02494],[121.5101,25.02463],[121.51221,25.02404],[121.5124,25.02174],[121.51003,25.02166],[121.50845,25.0209],[121.5059,25.01857],[121.50369,25.01599],[121.50154,25.01322],[121.50028,25.01196],[121.49728,25.01002],[121.49539,25.00932],[121.49403,25.00918]]]}},{"type":"Feature","properties":{"TOWNCODE":"63000090","TOWNNAME":"南港區","COUNTYNAME":"臺北市"},"geometry":{"type":"Polygon","coordinates":[[[121.62806,25.01953],[121.6279,25.0195],[121.62705,25.01958],[121.62616,25.01863],[121.6225,25.01737],[121.62155,25.01787],[121.62149,25.0179],[121.62143,25.01793],[121.62064,25.01835],[121.61922,25.01813],[121.61739,25.01846],[121.61597,25.0197],[121.61587,25.01967],[121.6135,25.01914],[121.60981,25.0202],[121.60937,25.0209],[121.6082,25.01944],[121.60413,25.01908],[121.60306,25.01681],[121.60271,25.01515],[121.5975,25.01479],[121.59728,25.01437],[121.59545,25.01549],[121.59349,25.01456],[121.59172,25.01487],[121.59128,25.01426],[121.58794,25.01341],[121.58355,25.01308],[121.58266,25.01257],[121.58046,25.01224],[121.57802,25.01386],[121.57862,25.01518],[121.58191,25.01818],[121.58364,25.01883],[121.58497,25.02261],[121.58554,25.0248],[121.58667,25.02679],[121.58803,25.02805],[121.59125,25.02999],[121.59198,25.03111],[121.59191,25.03173],[121.58961,25.03451],[121.58936,25.03711],[121.58715,25.03967],[121.5867,25.04155],[121.585,25.04177],[121.58285,25.04342],[121.58197,25.04418],[121.58074,25.04533],[121.58058,25.04755],[121.58004,25.04884],[121.58008,25.04945],[121.57967,25.05046],[121.57992,25.0529],[121.58093,25.05313],[121.58415,25.0538],[121.58737,25.05518],[121.59002,25.05711],[121.59201,25.05922],[121.59314,25.05966],[121.59567,25.05863],[121.59848,25.05857],[121.60009,25.05896],[121.60492,25.05938],[121.60858,25.06017],[121.61066,25.06154],[121.61186,25.06303],[121.61268,25.06429],[121.61426,25.06452],[121.61612,25.06396],[121.61868,25.063],[121.62165,25.06034],[121.62253,25.05843],[121.62427,25.05546],[121.62424,25.05537],[121.62348,25.05501],[121.62165,25.05652],[121.6202,25.05616],[121.62076,25.0549],[121.62076,25.05487],[121.62076,25.05478],[121.62102,25.05369],[121.61818,25.05232],[121.61631,25.05055],[121.61631,25.04909],[121.61631,25.04906],[121.61634,25.04898],[121.61644,25.04873],[121.61644,25.0487],[121.61647,25.04867],[121.61647,25.04814],[121.61928,25.04326],[121.61934,25.0432],[121.62035,25.04211],[121.62039,25.04202],[121.62196,25.04006],[121.62335,25.03947],[121.62351,25.03933],[121.62357,25.03927],[121.62493,25.03773],[121.62616,25.0379],[121.62948,25.03672],[121.63014,25.03515],[121.63178,25.03557],[121.63345,25.03574],[121.63809,25.03358],[121.63992,25.03201],[121.64223,25.03122],[121.64406,25.02991],[121.64586,25.02943],[121.64693,25.02797],[121.64797,25.02864],[121.64886,25.02791],[121.65025,25.02761],[121.65195,25.02811],[121.65324,25.02747],[121.6541,25.02791],[121.65536,25.02761],[121.65681,25.02794],[121.65804,25.02906],[121.66079,25.03044],[121.66401,25.02996],[121.66483,25.02954],[121.66584,25.02996],[121.66486,25.0273],[121.6654,25.02601],[121.66404,25.02317],[121.66347,25.02295],[121.66284,25.02275],[121.66069,25.0234],[121.66063,25.0234],[121.66057,25.0234],[121.65823,25.02357],[121.65773,25.02323],[121.65549,25.02371],[121.65381,25.02444],[121.65211,25.02399],[121.6499,25.02396],[121.64706,25.02186],[121.64611,25.02174],[121.64466,25.02374],[121.64299,25.02455],[121.64027,25.02354],[121.64024,25.02354],[121.64011,25.02357],[121.63749,25.02407],[121.63569,25.0232],[121.6356,25.02402],[121.63456,25.02432],[121.63244,25.02564],[121.63093,25.02472],[121.63027,25.02222],[121.629,25.02],[121.62806,25.01953]]]}},{"type":"Feature","properties":{"TOWNCODE":"63000040","TOWNNAME":"中山區","COUNTYNAME":"臺北市"},"geometry":{"type":"Polygon","coordinates":[[[121.54071,25.04466],[121.53661,25.04477],[121.53487,25.045],[121.53292,25.04544],[121.53285,25.04547],[121.52642,25.04738],[121.52421,25.04786],[121.52073,25.04802],[121.51865,25.04836],[121.51998,25.05018],[121.52029,25.05262],[121.52061,25.05762],[121.52035,25.06031],[121.51934,25.06283],[121.519,25.06466],[121.51928,25.066],[121.51963,25.0685],[121.5201,25.07184],[121.52073,25.0736],[121.5225,25.07711],[121.52345,25.07641],[121.52499,25.07433],[121.52578,25.07503],[121.5243,25.08034],[121.52525,25.08193],[121.52569,25.08135],[121.52888,25.08451],[121.53096,25.08502],[121.53282,25.08766],[121.53396,25.08816],[121.53592,25.09012],[121.53832,25.09167],[121.53993,25.09209],[121.54147,25.09287],[121.5422,25.09192],[121.54387,25.09178],[121.54501,25.09038],[121.54763,25.09066],[121.54895,25.09125],[121.54958,25.09186],[121.5511,25.09175],[121.55217,25.0924],[121.5535,25.08982],[121.55495,25.08861],[121.55729,25.08777],[121.55684,25.08693],[121.55776,25.08451],[121.55899,25.08499],[121.56111,25.08432],[121.5624,25.08118],[121.56439,25.07879],[121.56868,25.07747],[121.57111,25.07652],[121.5725,25.07464],[121.57146,25.07431],[121.57058,25.07576],[121.56915,25.07618],[121.56322,25.07257],[121.5618,25.07245],[121.55789,25.07433],[121.55628,25.07487],[121.55265,25.07562],[121.55239,25.07296],[121.54949,25.07184],[121.54879,25.07108],[121.53876,25.0713],[121.53857,25.06942],[121.5391,25.06886],[121.54204,25.06828],[121.54434,25.06687],[121.54434,25.06645],[121.54428,25.06233],[121.54428,25.06208],[121.54425,25.06014],[121.54419,25.05773],[121.54415,25.05456],[121.54406,25.05181],[121.54397,25.04822],[121.54393,25.04755],[121.54384,25.04491],[121.54071,25.04466]]]}},{"type":"Feature","properties":{"TOWNCODE":"63000010","TOWNNAME":"松山區","COUNTYNAME":"臺北市"},"geometry":{"type":"Polygon","coordinates":[[[121.55369,25.04443],[121.55299,25.04446],[121.55242,25.04455],[121.54889,25.04497],[121.54674,25.04522],[121.54384,25.04491],[121.54393,25.04755],[121.54397,25.04822],[121.54406,25.05181],[121.54415,25.05456],[121.54419,25.05773],[121.54425,25.06014],[121.54428,25.06208],[121.54428,25.06233],[121.54434,25.06645],[121.54434,25.06687],[121.54204,25.06828],[121.5391,25.06886],[121.53857,25.06942],[121.53876,25.0713],[121.54879,25.07108],[121.54949,25.07184],[121.55239,25.07296],[121.55265,25.07562],[121.55628,25.07487],[121.55789,25.07433],[121.5618,25.07245],[121.56322,25.07257],[121.56915,25.07618],[121.57058,25.07576],[121.57146,25.07431],[121.57209,25.0722],[121.57206,25.06976],[121.57133,25.06774],[121.56956,25.06497],[121.56941,25.06393],[121.57108,25.0591],[121.57162,25.05619],[121.57136,25.05394],[121.57168,25.05215],[121.5726,25.05175],[121.5748,25.0519],[121.57992,25.0529],[121.57967,25.05046],[121.58008,25.04945],[121.57777,25.04948],[121.57272,25.04945],[121.56934,25.04926],[121.56575,25.04831],[121.56243,25.04716],[121.55773,25.04522],[121.55766,25.04519],[121.55552,25.04474],[121.55403,25.04443],[121.55369,25.04443]]]}},{"type":"Feature","properties":{"TOWNCODE":"63000060","TOWNNAME":"大同區","COUNTYNAME":"臺北市"},"geometry":{"type":"Polygon","coordinates":[[[121.51865,25.04836],[121.51739,25.04842],[121.51335,25.04943],[121.51205,25.04985],[121.51152,25.04867],[121.5107,25.04833],[121.50899,25.04828],[121.50634,25.04895],[121.50464,25.04974],[121.50568,25.05204],[121.50628,25.05403],[121.50606,25.05678],[121.50552,25.05809],[121.50555,25.06034],[121.5065,25.06368],[121.50688,25.06569],[121.507,25.06872],[121.50703,25.07049],[121.50659,25.07229],[121.50618,25.07442],[121.50467,25.07812],[121.50823,25.0784],[121.51126,25.07896],[121.51332,25.07997],[121.51354,25.08078],[121.51414,25.07941],[121.51622,25.08025],[121.51625,25.08022],[121.51846,25.07888],[121.5225,25.07711],[121.52073,25.0736],[121.5201,25.07184],[121.51963,25.0685],[121.51928,25.066],[121.519,25.06466],[121.51934,25.06283],[121.52035,25.06031],[121.52061,25.05762],[121.52029,25.05262],[121.51998,25.05018],[121.51865,25.04836]]]}},{"type":"Feature","properties":{"TOWNCODE":"63000100","TOWNNAME":"內湖區","COUNTYNAME":"臺北市"},"geometry":{"type":"Polygon","coordinates":[[[121.61795,25.06628],[121.61795,25.0662],[121.61713,25.06586],[121.61612,25.06396],[121.61426,25.06452],[121.61268,25.06429],[121.61186,25.06303],[121.61066,25.06154],[121.60858,25.06017],[121.60492,25.05938],[121.60009,25.05896],[121.59848,25.05857],[121.59567,25.05863],[121.59314,25.05966],[121.59201,25.05922],[121.59002,25.05711],[121.58737,25.05518],[121.58415,25.0538],[121.58093,25.05313],[121.57992,25.0529],[121.5748,25.0519],[121.5726,25.05175],[121.57168,25.05215],[121.57136,25.05394],[121.57162,25.05619],[121.57108,25.0591],[121.56941,25.06393],[121.56956,25.06497],[121.57133,25.06774],[121.57206,25.06976],[121.57209,25.0722],[121.57146,25.07431],[121.5725,25.07464],[121.57111,25.07652],[121.56868,25.07747],[121.56439,25.07879],[121.5624,25.08118],[121.56111,25.08432],[121.55899,25.08499],[121.55776,25.08451],[121.55684,25.08693],[121.55729,25.08777],[121.55495,25.08861],[121.5535,25.08982],[121.55217,25.0924],[121.55448,25.09273],[121.55489,25.09408],[121.55593,25.09436],[121.55694,25.09629],[121.55763,25.09632],[121.5588,25.09873],[121.55956,25.09815],[121.56199,25.09801],[121.56508,25.09899],[121.56698,25.09913],[121.56871,25.1023],[121.56941,25.10434],[121.57032,25.10544],[121.57269,25.10606],[121.57392,25.10673],[121.5766,25.10687],[121.57711,25.10594],[121.579,25.1051],[121.5803,25.10695],[121.58172,25.10678],[121.58525,25.10855],[121.58661,25.1108],[121.58803,25.11377],[121.58983,25.11422],[121.5903,25.11366],[121.59371,25.11509],[121.59567,25.11413],[121.59551,25.11349],[121.59747,25.10953],[121.59943,25.10861],[121.59946,25.10858],[121.60293,25.10816],[121.60476,25.10735],[121.60801,25.10676],[121.61038,25.10519],[121.61385,25.10448],[121.61546,25.10384],[121.6172,25.10143],[121.61723,25.1014],[121.61726,25.10129],[121.62329,25.09691],[121.62553,25.097],[121.626,25.09646],[121.62604,25.09643],[121.6261,25.09632],[121.62506,25.09366],[121.62632,25.09147],[121.626,25.09052],[121.62806,25.08839],[121.62862,25.08645],[121.62758,25.08432],[121.62768,25.08255],[121.62594,25.08193],[121.62417,25.08],[121.62427,25.07812],[121.62474,25.0777],[121.62342,25.07728],[121.62275,25.07464],[121.62174,25.07484],[121.62067,25.07327],[121.62064,25.07324],[121.62064,25.07321],[121.62061,25.0729],[121.62064,25.07282],[121.62127,25.07184],[121.62146,25.06957],[121.61849,25.0676],[121.6177,25.06763],[121.61767,25.06763],[121.61761,25.0676],[121.61795,25.06628]]]}},{"type":"Feature","properties":{"TOWNCODE":"63000110","TOWNNAME":"士林區","COUNTYNAME":"臺北市"},"geometry":{"type":"Polygon","coordinates":[[[121.46265,25.10317],[121.46139,25.10384],[121.45795,25.10645],[121.45779,25.10659],[121.4577,25.1067],[121.45719,25.10864],[121.45833,25.11169],[121.45902,25.1127],[121.46085,25.11604],[121.46092,25.11618],[121.4618,25.11523],[121.46688,25.11169],[121.46893,25.11088],[121.47231,25.11066],[121.47534,25.11144],[121.47793,25.11239],[121.48052,25.11301],[121.48712,25.115],[121.48907,25.11534],[121.49207,25.11467],[121.49498,25.11281],[121.49589,25.11158],[121.49681,25.10878],[121.49706,25.10698],[121.49693,25.10047],[121.49734,25.0982],[121.50069,25.09666],[121.50258,25.09641],[121.50634,25.09638],[121.50785,25.09593],[121.50883,25.09593],[121.51092,25.09753],[121.51205,25.09789],[121.51309,25.09829],[121.51691,25.09935],[121.51852,25.1035],[121.51928,25.10384],[121.51991,25.10426],[121.52108,25.10648],[121.52118,25.10892],[121.52244,25.10951],[121.52279,25.11096],[121.52515,25.11136],[121.52582,25.11281],[121.52541,25.11377],[121.52499,25.11612],[121.52354,25.1175],[121.52398,25.11862],[121.5249,25.12022],[121.52575,25.12084],[121.52559,25.12168],[121.52635,25.1233],[121.52951,25.12429],[121.52973,25.12532],[121.52979,25.12617],[121.53109,25.12695],[121.5314,25.12835],[121.5308,25.13203],[121.53109,25.13382],[121.53039,25.13422],[121.53061,25.13598],[121.53153,25.13733],[121.53345,25.13758],[121.53516,25.13918],[121.53652,25.13915],[121.53724,25.1398],[121.53926,25.14044],[121.54002,25.14156],[121.54112,25.14126],[121.54236,25.14252],[121.5439,25.14184],[121.54576,25.14159],[121.54611,25.14252],[121.54791,25.14339],[121.54886,25.14479],[121.54949,25.14967],[121.55053,25.15146],[121.55318,25.15427],[121.55334,25.15494],[121.55394,25.1562],[121.55517,25.15907],[121.55643,25.16058],[121.5583,25.16103],[121.56066,25.16235],[121.56117,25.16333],[121.56101,25.16456],[121.56309,25.16998],[121.56199,25.17191],[121.56088,25.17458],[121.56101,25.17542],[121.56281,25.17783],[121.56502,25.17845],[121.56575,25.17937],[121.56638,25.18176],[121.56717,25.18212],[121.56726,25.1833],[121.56802,25.1838],[121.56758,25.18551],[121.56818,25.18613],[121.56729,25.18717],[121.56701,25.18874],[121.56887,25.19031],[121.57149,25.19163],[121.57209,25.19312],[121.57465,25.19469],[121.57569,25.19463],[121.5761,25.19533],[121.57727,25.19528],[121.57919,25.19413],[121.58055,25.19536],[121.58304,25.19499],[121.58377,25.1946],[121.58273,25.19312],[121.5838,25.19191],[121.58399,25.1888],[121.58292,25.18843],[121.58184,25.18579],[121.58279,25.18442],[121.58096,25.18206],[121.58128,25.18044],[121.58326,25.17755],[121.58298,25.17559],[121.58172,25.17379],[121.57929,25.17191],[121.5773,25.16995],[121.57701,25.16712],[121.57705,25.16709],[121.57708,25.167],[121.57888,25.1656],[121.58248,25.16543],[121.5832,25.1658],[121.58642,25.16353],[121.58844,25.16299],[121.58986,25.16375],[121.59052,25.16027],[121.59182,25.15758],[121.5916,25.15511],[121.59081,25.15466],[121.59037,25.15332],[121.58945,25.15264],[121.58964,25.15217],[121.59182,25.15093],[121.59295,25.15079],[121.59371,25.15006],[121.5939,25.14804],[121.59542,25.1463],[121.59602,25.14476],[121.59576,25.14358],[121.59819,25.14103],[121.59838,25.14033],[121.60066,25.13926],[121.60167,25.13789],[121.6034,25.13708],[121.6041,25.13615],[121.60571,25.13674],[121.60457,25.13455],[121.60486,25.13273],[121.60463,25.13077],[121.60782,25.1302],[121.60754,25.12919],[121.60444,25.12591],[121.60432,25.12583],[121.60429,25.1258],[121.60337,25.12555],[121.60274,25.12619],[121.60173,25.12603],[121.60078,25.12185],[121.5998,25.12033],[121.59889,25.12011],[121.5975,25.11621],[121.59567,25.11413],[121.59371,25.11509],[121.5903,25.11366],[121.58983,25.11422],[121.58803,25.11377],[121.58661,25.1108],[121.58525,25.10855],[121.58172,25.10678],[121.5803,25.10695],[121.579,25.1051],[121.57711,25.10594],[121.5766,25.10687],[121.57392,25.10673],[121.57269,25.10606],[121.57032,25.10544],[121.56941,25.10434],[121.56871,25.1023],[121.56698,25.09913],[121.56508,25.09899],[121.56199,25.09801],[121.55956,25.09815],[121.5588,25.09873],[121.55763,25.09632],[121.55694,25.09629],[121.55593,25.09436],[121.55489,25.09408],[121.55448,25.09273],[121.55217,25.0924],[121.5511,25.09175],[121.54958,25.09186],[121.54895,25.09125],[121.54763,25.09066],[121.54501,25.09038],[121.54387,25.09178],[121.5422,25.09192],[121.54147,25.09287],[121.53993,25.09209],[121.53832,25.09167],[121.53592,25.09012],[121.53396,25.08816],[121.53282,25.08766],[121.53096,25.08502],[121.52888,25.08451],[121.52569,25.08135],[121.52525,25.08193],[121.5243,25.08034],[121.52578,25.07503],[121.52499,25.07433],[121.52345,25.07641],[121.5225,25.07711],[121.51846,25.07888],[121.51625,25.08022],[121.51622,25.08025],[121.51414,25.07941],[121.51354,25.08078],[121.51332,25.07997],[121.51126,25.07896],[121.50823,25.0784],[121.50467,25.07812],[121.50347,25.08126],[121.50167,25.08449],[121.49977,25.08724],[121.49857,25.08836],[121.49535,25.09119],[121.49261,25.09346],[121.4891,25.09686],[121.48607,25.09876],[121.48412,25.09946],[121.48109,25.10087],[121.47831,25.1014],[121.4732,25.1016],[121.46638,25.10165],[121.46265,25.10317]]]}},{"type":"Feature","properties":{"TOWNCODE":"63000120","TOWNNAME":"北投區","COUNTYNAME":"臺北市"},"geometry":{"type":"Polygon","coordinates":[[[121.46433,25.12409],[121.46436,25.12409],[121.46467,25.126],[121.46429,25.12757],[121.46562,25.13155],[121.46833,25.13444],[121.46897,25.13565],[121.47077,25.13668],[121.47083,25.13674],[121.47092,25.1368],[121.47196,25.13772],[121.47301,25.13974],[121.47484,25.14114],[121.47588,25.14235],[121.47591,25.14238],[121.47594,25.14238],[121.47657,25.14367],[121.47894,25.14555],[121.47907,25.14563],[121.4791,25.14566],[121.4809,25.14717],[121.48099,25.14726],[121.48099,25.14729],[121.48285,25.15023],[121.48399,25.15082],[121.48677,25.1509],[121.48677,25.15093],[121.4875,25.15149],[121.48762,25.15301],[121.49071,25.15735],[121.49217,25.16005],[121.49217,25.16008],[121.49223,25.16016],[121.49365,25.16131],[121.49374,25.16137],[121.49564,25.16288],[121.49744,25.16375],[121.49914,25.16563],[121.49971,25.16754],[121.50041,25.1686],[121.50176,25.1693],[121.50167,25.17127],[121.50284,25.17334],[121.5029,25.17334],[121.50309,25.17331],[121.50486,25.17323],[121.50606,25.17101],[121.50707,25.17118],[121.51044,25.16944],[121.5113,25.16942],[121.513,25.17096],[121.51395,25.17099],[121.51897,25.1695],[121.51909,25.16944],[121.51916,25.16942],[121.52004,25.16942],[121.52124,25.17155],[121.52124,25.17236],[121.52256,25.17469],[121.522,25.17696],[121.52231,25.17761],[121.52171,25.17912],[121.52569,25.18277],[121.52714,25.18321],[121.52926,25.18299],[121.53121,25.18364],[121.53336,25.18358],[121.53459,25.18445],[121.53573,25.1865],[121.53576,25.18658],[121.53579,25.18664],[121.54071,25.18717],[121.54283,25.18927],[121.54283,25.1893],[121.54283,25.18936],[121.54277,25.1911],[121.54324,25.19365],[121.54457,25.19539],[121.54633,25.19696],[121.54756,25.19715],[121.54813,25.198],[121.54905,25.19811],[121.55069,25.19713],[121.55179,25.19766],[121.55258,25.19881],[121.55258,25.20088],[121.55151,25.20209],[121.55179,25.20358],[121.55312,25.20419],[121.55432,25.20619],[121.55501,25.20843],[121.55681,25.20868],[121.55921,25.21014],[121.56275,25.2093],[121.56347,25.20582],[121.56442,25.20478],[121.56508,25.20215],[121.56489,25.20094],[121.56638,25.19954],[121.56994,25.19828],[121.57076,25.19758],[121.57095,25.19617],[121.57177,25.19539],[121.57319,25.19497],[121.57506,25.19547],[121.5761,25.19533],[121.57569,25.19463],[121.57465,25.19469],[121.57209,25.19312],[121.57149,25.19163],[121.56887,25.19031],[121.56701,25.18874],[121.56729,25.18717],[121.56818,25.18613],[121.56758,25.18551],[121.56802,25.1838],[121.56726,25.1833],[121.56717,25.18212],[121.56638,25.18176],[121.56575,25.17937],[121.56502,25.17845],[121.56281,25.17783],[121.56101,25.17542],[121.56088,25.17458],[121.56199,25.17191],[121.56309,25.16998],[121.56101,25.16456],[121.56117,25.16333],[121.56066,25.16235],[121.5583,25.16103],[121.55643,25.16058],[121.55517,25.15907],[121.55394,25.1562],[121.55334,25.15494],[121.55318,25.15427],[121.55053,25.15146],[121.54949,25.14967],[121.54886,25.14479],[121.54791,25.14339],[121.54611,25.14252],[121.54576,25.14159],[121.5439,25.14184],[121.54236,25.14252],[121.54112,25.14126],[121.54002,25.14156],[121.53926,25.14044],[121.53724,25.1398],[121.53652,25.13915],[121.53516,25.13918],[121.53345,25.13758],[121.53153,25.13733],[121.53061,25.13598],[121.53039,25.13422],[121.53109,25.13382],[121.5308,25.13203],[121.5314,25.12835],[121.53109,25.12695],[121.52979,25.12617],[121.52973,25.12532],[121.52951,25.12429],[121.52635,25.1233],[121.52559,25.12168],[121.52575,25.12084],[121.5249,25.12022],[121.52398,25.11862],[121.52354,25.1175],[121.52499,25.11612],[121.52541,25.11377],[121.52582,25.11281],[121.52515,25.11136],[121.52279,25.11096],[121.52244,25.10951],[121.52118,25.10892],[121.52108,25.10648],[121.51991,25.10426],[121.51928,25.10384],[121.51852,25.1035],[121.51691,25.09935],[121.51309,25.09829],[121.51205,25.09789],[121.51092,25.09753],[121.50883,25.09593],[121.50785,25.09593],[121.50634,25.09638],[121.50258,25.09641],[121.50069,25.09666],[121.49734,25.0982],[121.49693,25.10047],[121.49706,25.10698],[121.49681,25.10878],[121.49589,25.11158],[121.49498,25.11281],[121.49207,25.11467],[121.48907,25.11534],[121.48712,25.115],[121.48052,25.11301],[121.47793,25.11239],[121.47534,25.11144],[121.47231,25.11066],[121.46893,25.11088],[121.46688,25.11169],[121.4618,25.11523],[121.46092,25.11618],[121.46092,25.11621],[121.45937,25.12193],[121.45877,25.12294],[121.46089,25.12294],[121.46158,25.12342],[121.46426,25.12406],[121.46433,25.12409]]]}}]}