{"type":"FeatureCollection","features":[{"type":"Feature","properties":{"VILLCODE":"65000290003","VILLNAME":"福山里","TOWNCODE":"65000290","TOWNNAME":"烏來區","COUNTYNAME":"新北市"},"geometry":{"type":"Polygon","coordinates":[[[121.48001,24.67384],[121.47919,24.67544],[121.47705,24.6783],[121.47601,24.6792],[121.47547,24.68088],[121.4755,24.68329],[121.47421,24.68481],[121.47304,24.68969],[121.47465,24.69266],[121.47481,24.6937],[121.47424,24.69608],[121.47061,24.69675],[121.46982,24.69619],[121.46698,24.69774],[121.46366,24.70102],[121.46041,24.70259],[121.45653,24.70323],[121.4523,24.70511],[121.45034,24.70559],[121.44914,24.70856],[121.4488,24.71218],[121.44646,24.7142],[121.44517,24.71479],[121.44447,24.71639],[121.44438,24.71664],[121.44154,24.72315],[121.44097,24.72609],[121.43832,24.7266],[121.43636,24.7287],[121.43428,24.73002],[121.43437,24.73106],[121.43535,24.73288],[121.43506,24.73411],[121.43352,24.73608],[121.43279,24.73756],[121.43311,24.73919],[121.43197,24.74225],[121.43036,24.74345],[121.43014,24.74556],[121.42875,24.74789],[121.42923,24.74996],[121.42847,24.75153],[121.42847,24.75344],[121.42717,24.75515],[121.42601,24.75748],[121.42585,24.75787],[121.42553,24.75905],[121.42594,24.76031],[121.42512,24.76121],[121.42354,24.76169],[121.42342,24.76312],[121.42512,24.76648],[121.42597,24.76752],[121.42623,24.7678],[121.42941,24.77016],[121.43143,24.77195],[121.43162,24.77203],[121.43576,24.77296],[121.4381,24.7749],[121.44056,24.77916],[121.44248,24.78053],[121.44406,24.78065],[121.44561,24.78152],[121.4458,24.78163],[121.44693,24.78272],[121.44756,24.78421],[121.44952,24.78595],[121.44886,24.78825],[121.45034,24.78976],[121.45041,24.78985],[121.45047,24.79001],[121.4505,24.79018],[121.45467,24.79077],[121.45606,24.7913],[121.45928,24.79355],[121.46174,24.7956],[121.46455,24.79585],[121.46846,24.79503],[121.47225,24.79644],[121.47468,24.79604],[121.47534,24.79545],[121.47708,24.7952],[121.47919,24.79554],[121.48235,24.79658],[121.48494,24.79576],[121.4868,24.79663],[121.48731,24.79977],[121.48797,24.80084],[121.48876,24.80555],[121.48974,24.81012],[121.49119,24.81234],[121.49416,24.81489],[121.49627,24.815],[121.49801,24.81635],[121.50315,24.8173],[121.50552,24.81986],[121.50684,24.82087],[121.50845,24.82101],[121.51019,24.81913],[121.51221,24.81974],[121.51584,24.81986],[121.51792,24.81843],[121.51796,24.81722],[121.51931,24.81666],[121.52118,24.81526],[121.52219,24.81363],[121.52386,24.81287],[121.52474,24.8113],[121.52607,24.81099],[121.52746,24.80998],[121.52967,24.81018],[121.53197,24.80782],[121.53399,24.80681],[121.53677,24.80631],[121.53989,24.80446],[121.5409,24.80423],[121.54668,24.8051],[121.54766,24.80499],[121.54993,24.80328],[121.55211,24.80306],[121.55441,24.80165],[121.55722,24.8014],[121.56227,24.80182],[121.56571,24.80034],[121.56796,24.79812],[121.57256,24.79812],[121.57395,24.79739],[121.57765,24.79456],[121.5827,24.79153],[121.58427,24.79027],[121.58775,24.79007],[121.59125,24.78858],[121.5921,24.78774],[121.59207,24.78774],[121.59346,24.78466],[121.59321,24.78258],[121.59431,24.78104],[121.59447,24.77882],[121.5957,24.77599],[121.59756,24.77254],[121.59731,24.77161],[121.59554,24.76898],[121.59624,24.76732],[121.5958,24.76648],[121.59346,24.76483],[121.59049,24.76073],[121.59081,24.7588],[121.58939,24.75723],[121.58898,24.75515],[121.58974,24.75358],[121.58999,24.75187],[121.59081,24.75089],[121.59226,24.7503],[121.5946,24.75019],[121.5952,24.74878],[121.59614,24.74825],[121.59438,24.74626],[121.5928,24.74595],[121.59169,24.74491],[121.59191,24.74331],[121.59482,24.74096],[121.59539,24.73911],[121.59422,24.73468],[121.59501,24.73249],[121.59371,24.73047],[121.59406,24.72926],[121.59671,24.72921],[121.59674,24.72921],[121.5969,24.72918],[121.59785,24.72929],[121.59753,24.72769],[121.59393,24.72584],[121.59264,24.72461],[121.59043,24.72346],[121.58914,24.72175],[121.58705,24.72012],[121.58576,24.72006],[121.58345,24.72057],[121.57963,24.72231],[121.57856,24.72245],[121.5778,24.72177],[121.57768,24.71888],[121.57727,24.71745],[121.5773,24.71487],[121.57566,24.71103],[121.5748,24.71011],[121.57237,24.71041],[121.57045,24.71395],[121.5695,24.71266],[121.56748,24.71151],[121.56549,24.7117],[121.56325,24.7128],[121.56183,24.7126],[121.55823,24.71092],[121.55637,24.71123],[121.55441,24.70837],[121.55123,24.70598],[121.55031,24.70567],[121.54753,24.70626],[121.54321,24.70565],[121.54314,24.70556],[121.54308,24.70551],[121.54296,24.70466],[121.54084,24.70231],[121.53847,24.70057],[121.53784,24.69973],[121.5386,24.69819],[121.53847,24.69642],[121.53885,24.69457],[121.53753,24.69381],[121.53778,24.69227],[121.53762,24.69011],[121.53686,24.68851],[121.5362,24.68826],[121.53333,24.68842],[121.53188,24.6877],[121.52913,24.68761],[121.52821,24.68887],[121.52711,24.68854],[121.52701,24.6854],[121.52496,24.6845],[121.52449,24.68382],[121.52443,24.68371],[121.52439,24.68368],[121.5238,24.68329],[121.5148,24.68324],[121.51369,24.6843],[121.51221,24.68447],[121.51016,24.68324],[121.50744,24.68245],[121.50552,24.6799],[121.50438,24.67937],[121.50296,24.67942],[121.49917,24.67802],[121.49712,24.67634],[121.49684,24.67552],[121.4939,24.67356],[121.49273,24.67319],[121.48926,24.67423],[121.48847,24.67516],[121.48686,24.67519],[121.48503,24.67387],[121.48301,24.67384],[121.48181,24.67434],[121.48001,24.67384]]]}},{"type":"Feature","properties":{"VILLCODE":"65000290004","VILLNAME":"信賢里","TOWNCODE":"65000290","TOWNNAME":"烏來區","COUNTYNAME":"新北市"},"geometry":{"type":"Polygon","coordinates":[[[121.4505,24.79063],[121.45037,24.79094],[121.45202,24.792],[121.45391,24.79178],[121.45558,24.79229],[121.45628,24.79324],[121.45565,24.79506],[121.4559,24.79686],[121.45533,24.7989],[121.45735,24.80014],[121.45792,24.80101],[121.45937,24.80154],[121.4612,24.80451],[121.46231,24.80566],[121.46411,24.80623],[121.46663,24.80631],[121.46906,24.80726],[121.47247,24.81052],[121.47316,24.81324],[121.47569,24.81422],[121.47774,24.81579],[121.47859,24.81607],[121.48172,24.81585],[121.48248,24.81714],[121.48345,24.81764],[121.48402,24.81921],[121.48308,24.82053],[121.48207,24.82263],[121.48039,24.8235],[121.48125,24.8253],[121.48364,24.82824],[121.48342,24.82981],[121.4839,24.83155],[121.48513,24.83234],[121.48674,24.83422],[121.4903,24.83447],[121.49444,24.83649],[121.49476,24.83725],[121.49472,24.83966],[121.49605,24.84145],[121.49671,24.84431],[121.49649,24.84687],[121.49719,24.84827],[121.4969,24.84961],[121.49864,24.84917],[121.50255,24.84964],[121.50609,24.84903],[121.50877,24.84947],[121.51218,24.8511],[121.51486,24.85298],[121.51732,24.85368],[121.52086,24.85584],[121.52291,24.85579],[121.52679,24.85478],[121.52875,24.85405],[121.52979,24.85402],[121.53083,24.85292],[121.53386,24.85065],[121.53588,24.84945],[121.53945,24.84855],[121.54232,24.84675],[121.54599,24.8437],[121.54772,24.84095],[121.54832,24.83915],[121.54999,24.83873],[121.55242,24.83699],[121.55356,24.83582],[121.55498,24.83346],[121.55501,24.83214],[121.55662,24.83046],[121.55552,24.8288],[121.55552,24.82749],[121.55697,24.82611],[121.56148,24.8235],[121.5624,24.82263],[121.56309,24.82047],[121.56515,24.8191],[121.56543,24.81803],[121.56499,24.81621],[121.56622,24.81481],[121.56956,24.812],[121.57086,24.81024],[121.57095,24.80895],[121.57026,24.80763],[121.56837,24.80642],[121.5665,24.80479],[121.56603,24.8039],[121.56672,24.8016],[121.56571,24.80034],[121.56227,24.80182],[121.55722,24.8014],[121.55441,24.80165],[121.55211,24.80306],[121.54993,24.80328],[121.54766,24.80499],[121.54668,24.8051],[121.5409,24.80423],[121.53989,24.80446],[121.53677,24.80631],[121.53399,24.80681],[121.53197,24.80782],[121.52967,24.81018],[121.52746,24.80998],[121.52607,24.81099],[121.52474,24.8113],[121.52386,24.81287],[121.52219,24.81363],[121.52118,24.81526],[121.51931,24.81666],[121.51796,24.81722],[121.51792,24.81843],[121.51584,24.81986],[121.51221,24.81974],[121.51019,24.81913],[121.50845,24.82101],[121.50684,24.82087],[121.50552,24.81986],[121.50315,24.8173],[121.49801,24.81635],[121.49627,24.815],[121.49416,24.81489],[121.49119,24.81234],[121.48974,24.81012],[121.48876,24.80555],[121.48797,24.80084],[121.48731,24.79977],[121.4868,24.79663],[121.48494,24.79576],[121.48235,24.79658],[121.47919,24.79554],[121.47708,24.7952],[121.47534,24.79545],[121.47468,24.79604],[121.47225,24.79644],[121.46846,24.79503],[121.46455,24.79585],[121.46174,24.7956],[121.45928,24.79355],[121.45606,24.7913],[121.45467,24.79077],[121.4505,24.79018],[121.4505,24.79021],[121.4505,24.79063]]]}},{"type":"Feature","properties":{"VILLCODE":"65000090014","VILLNAME":"五寮里","TOWNCODE":"65000090","TOWNNAME":"三峽區","COUNTYNAME":"新北市"},"geometry":{"type":"Polygon","coordinates":[[[121.34504,24.86695],[121.34592,24.86815],[121.34937,24.86877],[121.35056,24.87009],[121.35312,24.8711],[121.35318,24.87116],[121.35486,24.87152],[121.35735,24.87287],[121.35868,24.8739],[121.36221,24.87578],[121.36442,24.87578],[121.36508,24.87643],[121.36581,24.87514],[121.36878,24.87517],[121.37373,24.87651],[121.37484,24.8762],[121.37635,24.87371],[121.37793,24.87343],[121.38147,24.87365],[121.38185,24.87326],[121.38159,24.87113],[121.38093,24.86995],[121.38046,24.86639],[121.37812,24.86212],[121.37758,24.86072],[121.37938,24.85865],[121.38046,24.85629],[121.3827,24.85595],[121.38428,24.855],[121.38696,24.85492],[121.38582,24.85357],[121.38503,24.85194],[121.38443,24.84729],[121.3856,24.84563],[121.3875,24.84451],[121.38759,24.8421],[121.3875,24.84204],[121.38503,24.84081],[121.38456,24.83803],[121.38333,24.83697],[121.38093,24.83649],[121.3779,24.83447],[121.37364,24.83329],[121.37285,24.83371],[121.37282,24.835],[121.37064,24.83548],[121.37023,24.83612],[121.36729,24.83674],[121.36417,24.83814],[121.36256,24.83798],[121.36007,24.83817],[121.35779,24.83952],[121.35486,24.84398],[121.3517,24.84445],[121.34883,24.84552],[121.34675,24.84588],[121.34248,24.84468],[121.34138,24.84384],[121.33958,24.84339],[121.33598,24.84395],[121.33586,24.84493],[121.33614,24.84689],[121.33696,24.84821],[121.34018,24.84872],[121.34198,24.84858],[121.34671,24.8502],[121.34813,24.84978],[121.34851,24.84855],[121.35031,24.84872],[121.34981,24.84942],[121.35246,24.84908],[121.3518,24.85012],[121.35334,24.8506],[121.35479,24.85335],[121.35675,24.8536],[121.35786,24.85315],[121.35782,24.85444],[121.35558,24.85506],[121.35429,24.8566],[121.35366,24.85842],[121.35145,24.85935],[121.3493,24.8598],[121.34734,24.86207],[121.34652,24.86507],[121.34526,24.86678],[121.34504,24.86695]]]}},{"type":"Feature","properties":{"VILLCODE":"65000290005","VILLNAME":"孝義里","TOWNCODE":"65000290","TOWNNAME":"烏來區","COUNTYNAME":"新北市"},"geometry":{"type":"Polygon","coordinates":[[[121.70751,24.83884],[121.70328,24.83523],[121.70173,24.83436],[121.6999,24.83489],[121.69908,24.83553],[121.69778,24.83422],[121.69772,24.83424],[121.69639,24.83455],[121.69671,24.83374],[121.69611,24.83197],[121.69643,24.83046],[121.69595,24.82967],[121.69453,24.8292],[121.69185,24.82715],[121.69106,24.8272],[121.68891,24.82622],[121.68768,24.82499],[121.68768,24.82434],[121.68967,24.82272],[121.69011,24.8214],[121.68895,24.81932],[121.68932,24.81733],[121.68844,24.81618],[121.68724,24.81624],[121.68626,24.8175],[121.68307,24.81691],[121.68077,24.81753],[121.67891,24.81531],[121.67673,24.81411],[121.67531,24.8147],[121.67417,24.81413],[121.67266,24.81514],[121.67102,24.81686],[121.669,24.81798],[121.66877,24.81694],[121.66874,24.81688],[121.66871,24.81686],[121.66729,24.81621],[121.66578,24.81478],[121.6648,24.81442],[121.66303,24.81262],[121.66095,24.81181],[121.66073,24.81085],[121.65312,24.81127],[121.65182,24.81169],[121.6504,24.81296],[121.64867,24.81265],[121.6475,24.81388],[121.6464,24.81077],[121.64573,24.8097],[121.64434,24.80917],[121.64204,24.81043],[121.6403,24.81029],[121.63879,24.81071],[121.63721,24.80942],[121.63437,24.80911],[121.63222,24.80923],[121.63004,24.80892],[121.62802,24.80799],[121.626,24.80883],[121.62569,24.80858],[121.62641,24.80578],[121.62613,24.80334],[121.6248,24.8016],[121.62515,24.79947],[121.62604,24.79649],[121.62531,24.79498],[121.62357,24.79436],[121.62171,24.79273],[121.62045,24.79257],[121.61717,24.79383],[121.61584,24.79391],[121.61335,24.79318],[121.60965,24.79377],[121.60716,24.79041],[121.60564,24.78912],[121.60293,24.78945],[121.60157,24.78878],[121.60135,24.7887],[121.60129,24.78867],[121.59889,24.78771],[121.59327,24.78735],[121.59223,24.78774],[121.5921,24.78774],[121.59125,24.78858],[121.58775,24.79007],[121.58427,24.79027],[121.5827,24.79153],[121.57765,24.79456],[121.57395,24.79739],[121.57256,24.79812],[121.56796,24.79812],[121.56571,24.80034],[121.56672,24.8016],[121.56603,24.8039],[121.5665,24.80479],[121.56837,24.80642],[121.57026,24.80763],[121.57095,24.80895],[121.57086,24.81024],[121.56956,24.812],[121.56622,24.81481],[121.56499,24.81621],[121.56543,24.81803],[121.56515,24.8191],[121.56309,24.82047],[121.5624,24.82263],[121.56148,24.8235],[121.55697,24.82611],[121.55779,24.82754],[121.56111,24.82973],[121.56142,24.83127],[121.56272,24.83259],[121.5641,24.83475],[121.56445,24.83666],[121.56366,24.83747],[121.56373,24.83946],[121.56445,24.8412],[121.566,24.84336],[121.56897,24.84628],[121.57051,24.84743],[121.57099,24.84956],[121.57004,24.85194],[121.56808,24.8522],[121.56764,24.85295],[121.56799,24.85416],[121.56729,24.85657],[121.56789,24.85938],[121.56956,24.86162],[121.57051,24.86375],[121.57051,24.8665],[121.56982,24.8679],[121.56985,24.86973],[121.56938,24.87141],[121.57035,24.87452],[121.57054,24.87688],[121.57136,24.87688],[121.57338,24.8748],[121.57575,24.87508],[121.57815,24.87418],[121.57979,24.8743],[121.58336,24.8734],[121.58516,24.87261],[121.58592,24.87163],[121.58822,24.87009],[121.59005,24.86933],[121.59141,24.86706],[121.5928,24.86614],[121.59554,24.86636],[121.59655,24.86599],[121.59772,24.86414],[121.59968,24.86392],[121.60129,24.86322],[121.60542,24.8633],[121.60927,24.86308],[121.61212,24.86196],[121.61492,24.86128],[121.61568,24.86072],[121.61795,24.86193],[121.61969,24.86162],[121.62045,24.86311],[121.62102,24.86322],[121.62307,24.86229],[121.62585,24.86142],[121.62957,24.86148],[121.63194,24.85935],[121.63405,24.85893],[121.63519,24.85741],[121.63689,24.85918],[121.63753,24.85932],[121.63847,24.86089],[121.64065,24.86198],[121.64153,24.86196],[121.64333,24.86061],[121.64466,24.86072],[121.64564,24.85952],[121.65062,24.85694],[121.65129,24.85604],[121.65299,24.85522],[121.65378,24.8534],[121.65457,24.85284],[121.65501,24.85138],[121.65716,24.84967],[121.65795,24.8504],[121.65975,24.85082],[121.66208,24.85001],[121.66477,24.84964],[121.66562,24.85037],[121.6665,24.84995],[121.66988,24.84807],[121.67313,24.84925],[121.67367,24.84891],[121.67742,24.8497],[121.67787,24.84897],[121.6796,24.84967],[121.68175,24.84964],[121.68213,24.85018],[121.68456,24.8499],[121.68535,24.84942],[121.68658,24.84992],[121.68781,24.84984],[121.68863,24.84835],[121.69059,24.84821],[121.69175,24.84647],[121.69204,24.84502],[121.69434,24.84358],[121.69662,24.84358],[121.6974,24.84308],[121.7022,24.84272],[121.70492,24.84171],[121.70596,24.84016],[121.70751,24.83884]]]}},{"type":"Feature","properties":{"VILLCODE":"65000290001","VILLNAME":"烏來里","TOWNCODE":"65000290","TOWNNAME":"烏來區","COUNTYNAME":"新北市"},"geometry":{"type":"Polygon","coordinates":[[[121.55697,24.82611],[121.55552,24.82749],[121.55552,24.8288],[121.55662,24.83046],[121.55501,24.83214],[121.55498,24.83346],[121.55356,24.83582],[121.55242,24.83699],[121.54999,24.83873],[121.54832,24.83915],[121.54772,24.84095],[121.54599,24.8437],[121.54232,24.84675],[121.53945,24.84855],[121.53588,24.84945],[121.53386,24.85065],[121.53083,24.85292],[121.52979,24.85402],[121.53169,24.8559],[121.53311,24.85912],[121.53427,24.8626],[121.53623,24.86529],[121.5403,24.86956],[121.54128,24.87127],[121.54119,24.87287],[121.54157,24.87418],[121.54368,24.87531],[121.54611,24.87536],[121.54709,24.8748],[121.54782,24.87205],[121.54744,24.87048],[121.54772,24.86953],[121.5505,24.86824],[121.55094,24.86863],[121.55508,24.86964],[121.5577,24.87079],[121.55946,24.87093],[121.56158,24.87174],[121.56581,24.87452],[121.56543,24.87716],[121.56682,24.87699],[121.56789,24.87758],[121.56994,24.8766],[121.57054,24.87688],[121.57035,24.87452],[121.56938,24.87141],[121.56985,24.86973],[121.56982,24.8679],[121.57051,24.8665],[121.57051,24.86375],[121.56956,24.86162],[121.56789,24.85938],[121.56729,24.85657],[121.56799,24.85416],[121.56764,24.85295],[121.56808,24.8522],[121.57004,24.85194],[121.57099,24.84956],[121.57051,24.84743],[121.56897,24.84628],[121.566,24.84336],[121.56445,24.8412],[121.56373,24.83946],[121.56366,24.83747],[121.56445,24.83666],[121.5641,24.83475],[121.56272,24.83259],[121.56142,24.83127],[121.56111,24.82973],[121.55779,24.82754],[121.55697,24.82611]]]}},{"type":"Feature","properties":{"VILLCODE":"65000090016","VILLNAME":"有木里","TOWNCODE":"65000090","TOWNNAME":"三峽區","COUNTYNAME":"新北市"},"geometry":{"type":"Polygon","coordinates":[[[121.45037,24.79094],[121.45028,24.79102],[121.44949,24.79108],[121.44731,24.79004],[121.44573,24.79013],[121.44457,24.79108],[121.44267,24.79203],[121.44169,24.79332],[121.43828,24.79534],[121.43709,24.79818],[121.43806,24.80109],[121.43794,24.80421],[121.43699,24.80544],[121.43724,24.80819],[121.43652,24.8104],[121.43645,24.8122],[121.43229,24.81346],[121.42998,24.81492],[121.42856,24.8168],[121.42774,24.81739],[121.42721,24.81876],[121.42534,24.82005],[121.42503,24.8228],[121.42408,24.82502],[121.42354,24.82547],[121.41938,24.82558],[121.41758,24.82524],[121.41622,24.82692],[121.41609,24.82875],[121.41436,24.83074],[121.41385,24.83197],[121.41388,24.8322],[121.41493,24.83354],[121.41565,24.83548],[121.41246,24.83713],[121.41149,24.83828],[121.41032,24.83868],[121.40883,24.84061],[121.4088,24.84064],[121.41054,24.84364],[121.41073,24.8444],[121.41016,24.84602],[121.41085,24.84961],[121.41164,24.85113],[121.41171,24.85225],[121.41287,24.85525],[121.41341,24.85834],[121.41676,24.86187],[121.41793,24.86266],[121.42099,24.86557],[121.42329,24.86745],[121.42342,24.86961],[121.42578,24.87099],[121.42717,24.87121],[121.43049,24.87225],[121.43409,24.87267],[121.43743,24.87536],[121.43844,24.87657],[121.43983,24.87993],[121.44012,24.8812],[121.44144,24.88136],[121.4421,24.88038],[121.44359,24.87963],[121.44482,24.87769],[121.44592,24.87707],[121.44842,24.87643],[121.45015,24.87547],[121.4528,24.87556],[121.45287,24.87217],[121.45391,24.87116],[121.45763,24.86894],[121.46003,24.86863],[121.46388,24.8702],[121.46581,24.87194],[121.46673,24.87402],[121.46884,24.87623],[121.47178,24.87707],[121.47263,24.87629],[121.47462,24.8755],[121.47522,24.87418],[121.47711,24.87284],[121.47762,24.87121],[121.47929,24.87006],[121.4791,24.86902],[121.47768,24.86633],[121.47768,24.86566],[121.47878,24.86454],[121.47875,24.86386],[121.48036,24.86173],[121.48298,24.86179],[121.48541,24.86297],[121.48661,24.86238],[121.48835,24.86218],[121.49141,24.85853],[121.49283,24.85657],[121.49273,24.85368],[121.49406,24.85186],[121.49611,24.8511],[121.4969,24.84961],[121.49719,24.84827],[121.49649,24.84687],[121.49671,24.84431],[121.49605,24.84145],[121.49472,24.83966],[121.49476,24.83725],[121.49444,24.83649],[121.4903,24.83447],[121.48674,24.83422],[121.48513,24.83234],[121.4839,24.83155],[121.48342,24.82981],[121.48364,24.82824],[121.48125,24.8253],[121.48039,24.8235],[121.48207,24.82263],[121.48308,24.82053],[121.48402,24.81921],[121.48345,24.81764],[121.48248,24.81714],[121.48172,24.81585],[121.47859,24.81607],[121.47774,24.81579],[121.47569,24.81422],[121.47316,24.81324],[121.47247,24.81052],[121.46906,24.80726],[121.46663,24.80631],[121.46411,24.80623],[121.46231,24.80566],[121.4612,24.80451],[121.45937,24.80154],[121.45792,24.80101],[121.45735,24.80014],[121.45533,24.7989],[121.4559,24.79686],[121.45565,24.79506],[121.45628,24.79324],[121.45558,24.79229],[121.45391,24.79178],[121.45202,24.792],[121.45037,24.79094]]]}},{"type":"Feature","properties":{"VILLCODE":"65000090015","VILLNAME":"插角里","TOWNCODE":"65000090","TOWNNAME":"三峽區","COUNTYNAME":"新北市"},"geometry":{"type":"Polygon","coordinates":[[[121.38791,24.84229],[121.38759,24.8421],[121.3875,24.84451],[121.3856,24.84563],[121.38443,24.84729],[121.38503,24.85194],[121.38582,24.85357],[121.38696,24.85492],[121.3893,24.85651],[121.39192,24.85635],[121.39577,24.85853],[121.39845,24.86207],[121.39832,24.86395],[121.39684,24.86706],[121.39678,24.86824],[121.39738,24.87104],[121.39728,24.87236],[121.39656,24.87404],[121.39652,24.87573],[121.39851,24.87831],[121.39996,24.87937],[121.40252,24.8801],[121.40328,24.88125],[121.40726,24.88574],[121.41057,24.8881],[121.41224,24.88768],[121.41455,24.88776],[121.41644,24.88846],[121.41938,24.88871],[121.42168,24.88689],[121.4226,24.88661],[121.4249,24.88776],[121.42582,24.88776],[121.42746,24.88611],[121.4296,24.88456],[121.43143,24.88389],[121.43402,24.88338],[121.4375,24.8817],[121.44012,24.8812],[121.43983,24.87993],[121.43844,24.87657],[121.43743,24.87536],[121.43409,24.87267],[121.43049,24.87225],[121.42717,24.87121],[121.42578,24.87099],[121.42342,24.86961],[121.42329,24.86745],[121.42099,24.86557],[121.41793,24.86266],[121.41676,24.86187],[121.41341,24.85834],[121.41287,24.85525],[121.41171,24.85225],[121.41164,24.85113],[121.41085,24.84961],[121.41016,24.84602],[121.41073,24.8444],[121.41054,24.84364],[121.4088,24.84064],[121.40874,24.8407],[121.40767,24.84134],[121.40745,24.84148],[121.40464,24.84249],[121.40268,24.84358],[121.40113,24.84193],[121.3999,24.84157],[121.39798,24.84179],[121.39706,24.84277],[121.39725,24.84372],[121.39365,24.84398],[121.39245,24.84325],[121.38914,24.84221],[121.38791,24.84229]]]}},{"type":"Feature","properties":{"VILLCODE":"65000090013","VILLNAME":"金圳里","TOWNCODE":"65000090","TOWNNAME":"三峽區","COUNTYNAME":"新北市"},"geometry":{"type":"Polygon","coordinates":[[[121.35318,24.87116],[121.35322,24.87118],[121.35438,24.87323],[121.35341,24.87497],[121.35353,24.87646],[121.35284,24.87671],[121.35277,24.87671],[121.35366,24.87808],[121.35353,24.87999],[121.35517,24.88066],[121.35808,24.87993],[121.36035,24.87968],[121.36237,24.8789],[121.36246,24.88308],[121.36306,24.88442],[121.36774,24.88838],[121.37152,24.88984],[121.37462,24.89062],[121.37534,24.89006],[121.37585,24.88855],[121.37601,24.88605],[121.37686,24.88437],[121.38109,24.88829],[121.385,24.88984],[121.3875,24.88984],[121.39185,24.88919],[121.39476,24.8904],[121.39738,24.8902],[121.39908,24.89107],[121.40034,24.89113],[121.40132,24.89045],[121.40672,24.89104],[121.40789,24.88953],[121.41032,24.88866],[121.41057,24.8881],[121.40726,24.88574],[121.40328,24.88125],[121.40252,24.8801],[121.39996,24.87937],[121.39851,24.87831],[121.39652,24.87573],[121.39656,24.87404],[121.39728,24.87236],[121.39738,24.87104],[121.39678,24.86824],[121.39684,24.86706],[121.39832,24.86395],[121.39845,24.86207],[121.39577,24.85853],[121.39192,24.85635],[121.3893,24.85651],[121.38696,24.85492],[121.38428,24.855],[121.3827,24.85595],[121.38046,24.85629],[121.37938,24.85865],[121.37758,24.86072],[121.37812,24.86212],[121.38046,24.86639],[121.38093,24.86995],[121.38159,24.87113],[121.38185,24.87326],[121.38147,24.87365],[121.37793,24.87343],[121.37635,24.87371],[121.37484,24.8762],[121.37373,24.87651],[121.36878,24.87517],[121.36581,24.87514],[121.36508,24.87643],[121.36442,24.87578],[121.36221,24.87578],[121.35868,24.8739],[121.35735,24.87287],[121.35486,24.87152],[121.35318,24.87116]]]}},{"type":"Feature","properties":{"VILLCODE":"65000290002","VILLNAME":"忠治里","TOWNCODE":"65000290","TOWNNAME":"烏來區","COUNTYNAME":"新北市"},"geometry":{"type":"Polygon","coordinates":[[[121.52979,24.85402],[121.52875,24.85405],[121.52679,24.85478],[121.52291,24.85579],[121.52086,24.85584],[121.51732,24.85368],[121.51486,24.85298],[121.51218,24.8511],[121.50877,24.84947],[121.50609,24.84903],[121.50255,24.84964],[121.49864,24.84917],[121.4969,24.84961],[121.49611,24.8511],[121.49406,24.85186],[121.49273,24.85368],[121.49283,24.85657],[121.49141,24.85853],[121.48835,24.86218],[121.49119,24.86454],[121.49273,24.86647],[121.49469,24.86829],[121.49785,24.87003],[121.49921,24.87034],[121.50186,24.87292],[121.50359,24.8734],[121.50653,24.87536],[121.5071,24.87626],[121.50886,24.87752],[121.51243,24.87907],[121.5147,24.87957],[121.51802,24.88097],[121.5207,24.8833],[121.5237,24.88375],[121.52651,24.88366],[121.52938,24.8851],[121.53251,24.88762],[121.53409,24.88953],[121.53503,24.89146],[121.53693,24.89219],[121.53835,24.89337],[121.53986,24.89379],[121.54071,24.8934],[121.5439,24.89017],[121.54662,24.88835],[121.54791,24.88863],[121.55028,24.89096],[121.55435,24.89166],[121.55593,24.89135],[121.55703,24.8907],[121.55912,24.89062],[121.56417,24.88678],[121.56458,24.88344],[121.56426,24.88243],[121.56483,24.88027],[121.56436,24.87842],[121.56458,24.87713],[121.56543,24.87716],[121.56581,24.87452],[121.56158,24.87174],[121.55946,24.87093],[121.5577,24.87079],[121.55508,24.86964],[121.55094,24.86863],[121.5505,24.86824],[121.54772,24.86953],[121.54744,24.87048],[121.54782,24.87205],[121.54709,24.8748],[121.54611,24.87536],[121.54368,24.87531],[121.54157,24.87418],[121.54119,24.87287],[121.54128,24.87127],[121.5403,24.86956],[121.53623,24.86529],[121.53427,24.8626],[121.53311,24.85912],[121.53169,24.8559],[121.52979,24.85402]]]}},{"type":"Feature","properties":{"VILLCODE":"65000090012","VILLNAME":"添福里","TOWNCODE":"65000090","TOWNNAME":"三峽區","COUNTYNAME":"新北市"},"geometry":{"type":"Polygon","coordinates":[[[121.39476,24.8904],[121.39185,24.88919],[121.3875,24.88984],[121.385,24.88984],[121.38109,24.88829],[121.37686,24.88437],[121.37601,24.88605],[121.37585,24.88855],[121.37534,24.89006],[121.37462,24.89062],[121.37339,24.89651],[121.37197,24.89676],[121.37165,24.89805],[121.37058,24.89971],[121.36818,24.89999],[121.36818,24.90052],[121.37058,24.90198],[121.37017,24.90422],[121.3672,24.9068],[121.36742,24.90868],[121.37156,24.90846],[121.37351,24.90922],[121.37692,24.9084],[121.37818,24.90683],[121.3802,24.90675],[121.3815,24.90445],[121.3821,24.90417],[121.38791,24.89746],[121.39106,24.89629],[121.39169,24.89407],[121.39324,24.89275],[121.39476,24.8904]]]}},{"type":"Feature","properties":{"VILLCODE":"65000060027","VILLNAME":"龜山里","TOWNCODE":"65000060","TOWNNAME":"新店區","COUNTYNAME":"新北市"},"geometry":{"type":"Polygon","coordinates":[[[121.57575,24.87508],[121.57338,24.8748],[121.57136,24.87688],[121.57054,24.87688],[121.56994,24.8766],[121.56789,24.87758],[121.56682,24.87699],[121.56543,24.87716],[121.56458,24.87713],[121.56436,24.87842],[121.56483,24.88027],[121.56426,24.88243],[121.56458,24.88344],[121.56417,24.88678],[121.55912,24.89062],[121.55703,24.8907],[121.55593,24.89135],[121.55435,24.89166],[121.55028,24.89096],[121.54791,24.88863],[121.54662,24.88835],[121.5439,24.89017],[121.54071,24.8934],[121.54078,24.8957],[121.54131,24.89783],[121.54302,24.901],[121.54425,24.90131],[121.54835,24.90313],[121.54927,24.9038],[121.5487,24.90731],[121.54816,24.90885],[121.54681,24.90888],[121.54337,24.90593],[121.54226,24.90579],[121.54075,24.90779],[121.54068,24.91009],[121.54425,24.91306],[121.54558,24.91272],[121.54526,24.91163],[121.54734,24.91236],[121.54933,24.90967],[121.55258,24.9072],[121.55504,24.90616],[121.55855,24.90422],[121.5607,24.90358],[121.56515,24.9033],[121.56653,24.90372],[121.56859,24.90271],[121.56919,24.90164],[121.57168,24.90016],[121.57623,24.89873],[121.57825,24.89688],[121.57888,24.89542],[121.57806,24.89292],[121.57818,24.89068],[121.57761,24.88908],[121.57664,24.88779],[121.57638,24.88599],[121.57683,24.88439],[121.5779,24.88322],[121.57695,24.88184],[121.57787,24.8801],[121.57768,24.87864],[121.57676,24.87786],[121.57575,24.87508]]]}},{"type":"Feature","properties":{"VILLCODE":"65000090026","VILLNAME":"二鬮里","TOWNCODE":"65000090","TOWNNAME":"三峽區","COUNTYNAME":"新北市"},"geometry":{"type":"Polygon","coordinates":[[[121.35277,24.87671],[121.35268,24.87671],[121.35176,24.87719],[121.35164,24.87738],[121.35056,24.87859],[121.34725,24.87867],[121.34624,24.87926],[121.34564,24.88072],[121.34564,24.8808],[121.34476,24.88577],[121.34381,24.88667],[121.34135,24.88745],[121.34116,24.88874],[121.34122,24.88883],[121.34214,24.89258],[121.34062,24.89233],[121.33838,24.89334],[121.33756,24.89267],[121.33526,24.89177],[121.33333,24.8918],[121.3332,24.8932],[121.3321,24.89362],[121.3333,24.89606],[121.3333,24.8971],[121.33324,24.89825],[121.33358,24.89918],[121.33241,24.89974],[121.33232,24.89982],[121.33371,24.90033],[121.3375,24.90383],[121.3404,24.9049],[121.34233,24.90666],[121.34517,24.90798],[121.34772,24.90854],[121.34892,24.90941],[121.35047,24.90944],[121.35227,24.91014],[121.35445,24.91006],[121.35543,24.91126],[121.35782,24.91152],[121.3631,24.91323],[121.36294,24.91028],[121.36051,24.90852],[121.35956,24.90647],[121.35814,24.90546],[121.35874,24.90226],[121.3583,24.89875],[121.3576,24.89707],[121.35637,24.89267],[121.35637,24.8916],[121.35729,24.88885],[121.35748,24.88664],[121.35722,24.88512],[121.35808,24.87993],[121.35517,24.88066],[121.35353,24.87999],[121.35366,24.87808],[121.35277,24.87671]]]}},{"type":"Feature","properties":{"VILLCODE":"65000090011","VILLNAME":"嘉添里","TOWNCODE":"65000090","TOWNNAME":"三峽區","COUNTYNAME":"新北市"},"geometry":{"type":"Polygon","coordinates":[[[121.40672,24.89104],[121.40132,24.89045],[121.40034,24.89113],[121.39908,24.89107],[121.39738,24.8902],[121.39476,24.8904],[121.39324,24.89275],[121.39169,24.89407],[121.39106,24.89629],[121.38791,24.89746],[121.3821,24.90417],[121.3815,24.90445],[121.3802,24.90675],[121.37818,24.90683],[121.37692,24.9084],[121.37351,24.90922],[121.37156,24.90846],[121.36742,24.90868],[121.36805,24.91121],[121.36748,24.913],[121.37234,24.91426],[121.37604,24.91435],[121.38039,24.91477],[121.38456,24.91471],[121.38608,24.91418],[121.38989,24.91356],[121.39223,24.91286],[121.3963,24.91275],[121.40132,24.91182],[121.40391,24.91202],[121.40442,24.9116],[121.40432,24.90866],[121.407,24.90579],[121.40849,24.90237],[121.41007,24.90139],[121.41117,24.90021],[121.41221,24.89839],[121.41199,24.89688],[121.41013,24.89511],[121.40858,24.89261],[121.40672,24.89104]]]}},{"type":"Feature","properties":{"VILLCODE":"65000060028","VILLNAME":"廣興里","TOWNCODE":"65000060","TOWNNAME":"新店區","COUNTYNAME":"新北市"},"geometry":{"type":"Polygon","coordinates":[[[121.48835,24.86218],[121.48661,24.86238],[121.48541,24.86297],[121.48298,24.86179],[121.48036,24.86173],[121.47875,24.86386],[121.47878,24.86454],[121.47768,24.86566],[121.47768,24.86633],[121.4791,24.86902],[121.47929,24.87006],[121.47762,24.87121],[121.47711,24.87284],[121.47522,24.87418],[121.47462,24.8755],[121.47263,24.87629],[121.47178,24.87707],[121.47275,24.87935],[121.47436,24.88159],[121.4755,24.88501],[121.47534,24.88619],[121.47768,24.88798],[121.47888,24.88995],[121.48027,24.89059],[121.48396,24.89682],[121.48525,24.89808],[121.48633,24.89822],[121.48579,24.89951],[121.48658,24.90049],[121.48841,24.90122],[121.49065,24.9017],[121.49109,24.90265],[121.49374,24.90215],[121.49756,24.90378],[121.50028,24.90333],[121.50189,24.90128],[121.50527,24.90024],[121.50716,24.89892],[121.50915,24.89889],[121.5106,24.90083],[121.51284,24.90142],[121.51303,24.90372],[121.51246,24.90551],[121.51262,24.91104],[121.51313,24.91323],[121.51511,24.91485],[121.51701,24.91519],[121.52086,24.91766],[121.52294,24.91788],[121.52383,24.91847],[121.52651,24.91884],[121.52825,24.91786],[121.53118,24.91825],[121.53402,24.91982],[121.53386,24.91589],[121.53453,24.91516],[121.53601,24.91463],[121.5374,24.91525],[121.5421,24.91931],[121.54292,24.91951],[121.54472,24.91828],[121.54564,24.9171],[121.54734,24.91236],[121.54526,24.91163],[121.54558,24.91272],[121.54425,24.91306],[121.54068,24.91009],[121.54075,24.90779],[121.54226,24.90579],[121.54337,24.90593],[121.54681,24.90888],[121.54816,24.90885],[121.5487,24.90731],[121.54927,24.9038],[121.54835,24.90313],[121.54425,24.90131],[121.54302,24.901],[121.54131,24.89783],[121.54078,24.8957],[121.54071,24.8934],[121.53986,24.89379],[121.53835,24.89337],[121.53693,24.89219],[121.53503,24.89146],[121.53409,24.88953],[121.53251,24.88762],[121.52938,24.8851],[121.52651,24.88366],[121.5237,24.88375],[121.5207,24.8833],[121.51802,24.88097],[121.5147,24.87957],[121.51243,24.87907],[121.50886,24.87752],[121.5071,24.87626],[121.50653,24.87536],[121.50359,24.8734],[121.50186,24.87292],[121.49921,24.87034],[121.49785,24.87003],[121.49469,24.86829],[121.49273,24.86647],[121.49119,24.86454],[121.48835,24.86218]]]}},{"type":"Feature","properties":{"VILLCODE":"65000090010","VILLNAME":"大埔里","TOWNCODE":"65000090","TOWNNAME":"三峽區","COUNTYNAME":"新北市"},"geometry":{"type":"Polygon","coordinates":[[[121.37462,24.89062],[121.37152,24.88984],[121.36774,24.88838],[121.36306,24.88442],[121.36246,24.88308],[121.36237,24.8789],[121.36035,24.87968],[121.35808,24.87993],[121.35722,24.88512],[121.35748,24.88664],[121.35729,24.88885],[121.35637,24.8916],[121.35637,24.89267],[121.3576,24.89707],[121.3583,24.89875],[121.35874,24.90226],[121.35814,24.90546],[121.35956,24.90647],[121.36051,24.90852],[121.36294,24.91028],[121.3631,24.91323],[121.36426,24.9146],[121.36385,24.91671],[121.36531,24.91839],[121.36606,24.92058],[121.36448,24.92215],[121.36575,24.92461],[121.36742,24.9249],[121.36736,24.92405],[121.3683,24.92411],[121.3689,24.92433],[121.36849,24.91993],[121.36805,24.91836],[121.36748,24.913],[121.36805,24.91121],[121.36742,24.90868],[121.3672,24.9068],[121.37017,24.90422],[121.37058,24.90198],[121.36818,24.90052],[121.36818,24.89999],[121.37058,24.89971],[121.37165,24.89805],[121.37197,24.89676],[121.37339,24.89651],[121.37462,24.89062]]]}},{"type":"Feature","properties":{"VILLCODE":"65000090022","VILLNAME":"竹崙里","TOWNCODE":"65000090","TOWNNAME":"三峽區","COUNTYNAME":"新北市"},"geometry":{"type":"Polygon","coordinates":[[[121.46884,24.87623],[121.46673,24.87402],[121.46581,24.87194],[121.46388,24.8702],[121.46003,24.86863],[121.45763,24.86894],[121.45391,24.87116],[121.45287,24.87217],[121.4528,24.87556],[121.45015,24.87547],[121.44842,24.87643],[121.44592,24.87707],[121.44482,24.87769],[121.44359,24.87963],[121.4421,24.88038],[121.44144,24.88136],[121.44012,24.8812],[121.4375,24.8817],[121.43402,24.88338],[121.43143,24.88389],[121.4296,24.88456],[121.42746,24.88611],[121.42582,24.88776],[121.4249,24.88776],[121.4226,24.88661],[121.42168,24.88689],[121.41938,24.88871],[121.41644,24.88846],[121.41455,24.88776],[121.41224,24.88768],[121.41057,24.8881],[121.41032,24.88866],[121.40789,24.88953],[121.40672,24.89104],[121.40858,24.89261],[121.41013,24.89511],[121.41199,24.89688],[121.41221,24.89839],[121.41117,24.90021],[121.41007,24.90139],[121.40849,24.90237],[121.407,24.90579],[121.40432,24.90866],[121.40442,24.9116],[121.4052,24.91261],[121.40549,24.91396],[121.40618,24.91449],[121.40618,24.91595],[121.40726,24.91858],[121.40741,24.91965],[121.40981,24.92128],[121.41104,24.92167],[121.41619,24.92198],[121.41969,24.92358],[121.42452,24.92484],[121.42588,24.92464],[121.4273,24.92307],[121.43235,24.92355],[121.43664,24.92461],[121.4386,24.92607],[121.43929,24.92619],[121.43971,24.9252],[121.44154,24.92307],[121.44185,24.92032],[121.44119,24.91755],[121.44233,24.91701],[121.44621,24.91356],[121.44772,24.91087],[121.44857,24.90992],[121.45287,24.90919],[121.45419,24.90961],[121.45568,24.90871],[121.45609,24.90773],[121.4564,24.9047],[121.45792,24.90209],[121.46104,24.90069],[121.46297,24.89758],[121.4631,24.89042],[121.4642,24.88832],[121.46357,24.88627],[121.46379,24.88524],[121.46496,24.88358],[121.4665,24.87808],[121.46884,24.87623]]]}},{"type":"Feature","properties":{"VILLCODE":"65000090005","VILLNAME":"弘道里","TOWNCODE":"65000090","TOWNNAME":"三峽區","COUNTYNAME":"新北市"},"geometry":{"type":"Polygon","coordinates":[[[121.33232,24.89982],[121.33229,24.89982],[121.33197,24.89988],[121.33062,24.89786],[121.3291,24.8973],[121.32784,24.89592],[121.3267,24.89595],[121.32556,24.89724],[121.32244,24.89856],[121.32127,24.89993],[121.32032,24.90018],[121.3219,24.90232],[121.32206,24.90372],[121.32294,24.90406],[121.32317,24.90417],[121.3255,24.90622],[121.32626,24.90737],[121.3261,24.90863],[121.3261,24.90866],[121.3286,24.90927],[121.33235,24.91348],[121.33248,24.91513],[121.33418,24.91654],[121.33586,24.91696],[121.33911,24.91875],[121.33971,24.9224],[121.34368,24.92464],[121.34536,24.92282],[121.34886,24.92304],[121.35151,24.92397],[121.35464,24.92722],[121.35577,24.92798],[121.3583,24.92762],[121.36215,24.92739],[121.36442,24.92515],[121.36575,24.92461],[121.36448,24.92215],[121.36606,24.92058],[121.36531,24.91839],[121.36385,24.91671],[121.36426,24.9146],[121.3631,24.91323],[121.35782,24.91152],[121.35543,24.91126],[121.35445,24.91006],[121.35227,24.91014],[121.35047,24.90944],[121.34892,24.90941],[121.34772,24.90854],[121.34517,24.90798],[121.34233,24.90666],[121.3404,24.9049],[121.3375,24.90383],[121.33371,24.90033],[121.33232,24.89982]]]}},{"type":"Feature","properties":{"VILLCODE":"65000200004","VILLNAME":"石[曹]里","TOWNCODE":"65000200","TOWNNAME":"坪林區","COUNTYNAME":"新北市"},"geometry":{"type":"Polygon","coordinates":[[[121.77701,24.8693],[121.77518,24.86661],[121.7755,24.86513],[121.77114,24.86487],[121.76915,24.86594],[121.76742,24.86487],[121.76786,24.86381],[121.76609,24.86252],[121.7654,24.861],[121.76432,24.85988],[121.76353,24.85991],[121.76268,24.86117],[121.76151,24.85988],[121.76196,24.85828],[121.76101,24.85769],[121.76101,24.85671],[121.75741,24.85674],[121.75359,24.85601],[121.75369,24.85514],[121.75119,24.85489],[121.75062,24.85447],[121.74879,24.85508],[121.74785,24.85492],[121.74737,24.85371],[121.74649,24.85321],[121.74639,24.85312],[121.74636,24.85309],[121.74197,24.85248],[121.7404,24.85346],[121.73825,24.85531],[121.7362,24.85573],[121.73269,24.85581],[121.73266,24.85581],[121.73213,24.85674],[121.72812,24.86019],[121.72761,24.86106],[121.72714,24.86594],[121.73074,24.86894],[121.73168,24.87104],[121.73396,24.87281],[121.73412,24.87348],[121.73342,24.87542],[121.73352,24.87834],[121.73389,24.88064],[121.73326,24.88249],[121.73162,24.88355],[121.72985,24.8854],[121.72547,24.88776],[121.72329,24.88981],[121.72307,24.89076],[121.72348,24.89292],[121.7224,24.8948],[121.72098,24.89561],[121.71865,24.8976],[121.71666,24.89696],[121.71483,24.89777],[121.71328,24.89716],[121.7124,24.89755],[121.71129,24.90066],[121.71151,24.90145],[121.71376,24.90324],[121.71363,24.90425],[121.71278,24.90493],[121.71205,24.90666],[121.71076,24.90686],[121.70839,24.90655],[121.70722,24.90714],[121.70691,24.90807],[121.70744,24.90981],[121.7082,24.9107],[121.71013,24.9109],[121.71095,24.91034],[121.71218,24.91042],[121.7124,24.91211],[121.71458,24.91418],[121.71795,24.91558],[121.72155,24.91847],[121.72376,24.91791],[121.7254,24.91811],[121.72787,24.91937],[121.73004,24.91959],[121.73304,24.91724],[121.73664,24.916],[121.7386,24.9169],[121.74175,24.91777],[121.74302,24.91788],[121.74482,24.91735],[121.748,24.91735],[121.74895,24.91757],[121.75075,24.92027],[121.75318,24.92041],[121.75552,24.92285],[121.75675,24.92375],[121.75984,24.92487],[121.7618,24.92467],[121.76322,24.92492],[121.76562,24.92635],[121.76669,24.9284],[121.77215,24.92638],[121.7755,24.92627],[121.77815,24.92529],[121.78074,24.9233],[121.77815,24.91971],[121.77887,24.91909],[121.78165,24.91791],[121.78399,24.91561],[121.78475,24.91401],[121.78503,24.91028],[121.78629,24.9063],[121.78781,24.90622],[121.79021,24.90369],[121.79119,24.90335],[121.79134,24.90232],[121.79223,24.90167],[121.79343,24.89976],[121.79179,24.89954],[121.79207,24.89755],[121.79308,24.89699],[121.79302,24.89626],[121.79059,24.89458],[121.79002,24.89345],[121.78819,24.89278],[121.78686,24.89292],[121.78566,24.89233],[121.78579,24.89093],[121.78582,24.89085],[121.78421,24.89026],[121.78301,24.8904],[121.78165,24.88941],[121.78222,24.88737],[121.78194,24.88459],[121.78225,24.88316],[121.78191,24.8824],[121.78241,24.88044],[121.78225,24.87921],[121.78421,24.87766],[121.78516,24.87413],[121.78456,24.87362],[121.7832,24.87421],[121.782,24.87315],[121.77916,24.87141],[121.77739,24.87082],[121.77704,24.86936],[121.77701,24.86933],[121.77701,24.8693]]]}},{"type":"Feature","properties":{"VILLCODE":"65000090025","VILLNAME":"中正里","TOWNCODE":"65000090","TOWNNAME":"三峽區","COUNTYNAME":"新北市"},"geometry":{"type":"Polygon","coordinates":[[[121.38039,24.91477],[121.37604,24.91435],[121.37234,24.91426],[121.36748,24.913],[121.36805,24.91836],[121.36849,24.91993],[121.3701,24.92032],[121.37193,24.92719],[121.37449,24.92975],[121.37777,24.92627],[121.37913,24.92212],[121.37995,24.91853],[121.38039,24.91477]]]}},{"type":"Feature","properties":{"VILLCODE":"65000090003","VILLNAME":"八張里","TOWNCODE":"65000090","TOWNNAME":"三峽區","COUNTYNAME":"新北市"},"geometry":{"type":"Polygon","coordinates":[[[121.36878,24.92635],[121.36786,24.92708],[121.3678,24.9282],[121.36695,24.92924],[121.3672,24.93008],[121.36865,24.93179],[121.36998,24.93286],[121.36954,24.92832],[121.36878,24.92635]]]}},{"type":"Feature","properties":{"VILLCODE":"65000090023","VILLNAME":"介壽里","TOWNCODE":"65000090","TOWNNAME":"三峽區","COUNTYNAME":"新北市"},"geometry":{"type":"Polygon","coordinates":[[[121.3963,24.91275],[121.39223,24.91286],[121.38989,24.91356],[121.38608,24.91418],[121.38456,24.91471],[121.38039,24.91477],[121.37995,24.91853],[121.37913,24.92212],[121.37777,24.92627],[121.37449,24.92975],[121.37657,24.93121],[121.37799,24.93062],[121.38011,24.93031],[121.38336,24.93062],[121.38677,24.93337],[121.3869,24.93196],[121.38639,24.93101],[121.38472,24.92958],[121.38428,24.92753],[121.38469,24.92647],[121.38585,24.92557],[121.3868,24.92403],[121.38898,24.92318],[121.39182,24.92335],[121.39495,24.92279],[121.39725,24.92083],[121.39744,24.91895],[121.39564,24.91438],[121.3963,24.91275]]]}},{"type":"Feature","properties":{"VILLCODE":"65000090024","VILLNAME":"安溪里","TOWNCODE":"65000090","TOWNNAME":"三峽區","COUNTYNAME":"新北市"},"geometry":{"type":"Polygon","coordinates":[[[121.36849,24.91993],[121.3689,24.92433],[121.3683,24.92411],[121.36878,24.92635],[121.36954,24.92832],[121.36998,24.93286],[121.3707,24.93339],[121.37193,24.9325],[121.37449,24.92975],[121.37193,24.92719],[121.3701,24.92032],[121.36849,24.91993]]]}},{"type":"Feature","properties":{"VILLCODE":"65000090004","VILLNAME":"中埔里","TOWNCODE":"65000090","TOWNNAME":"三峽區","COUNTYNAME":"新北市"},"geometry":{"type":"Polygon","coordinates":[[[121.3683,24.92411],[121.36736,24.92405],[121.36742,24.9249],[121.36575,24.92461],[121.36442,24.92515],[121.36215,24.92739],[121.3583,24.92762],[121.35577,24.92798],[121.35464,24.92722],[121.35151,24.92397],[121.34886,24.92304],[121.34536,24.92282],[121.34368,24.92464],[121.34536,24.92655],[121.3469,24.92734],[121.34955,24.92714],[121.35034,24.92832],[121.35375,24.93048],[121.35909,24.93252],[121.36073,24.93365],[121.36319,24.93227],[121.36414,24.93216],[121.36644,24.93275],[121.36578,24.93353],[121.36761,24.93393],[121.3684,24.93331],[121.36865,24.93179],[121.3672,24.93008],[121.36695,24.92924],[121.3678,24.9282],[121.36786,24.92708],[121.36878,24.92635],[121.3683,24.92411]]]}},{"type":"Feature","properties":{"VILLCODE":"65000090001","VILLNAME":"三峽里","TOWNCODE":"65000090","TOWNNAME":"三峽區","COUNTYNAME":"新北市"},"geometry":{"type":"Polygon","coordinates":[[[121.36998,24.93286],[121.36865,24.93179],[121.3684,24.93331],[121.36843,24.93443],[121.3701,24.93418],[121.3707,24.93339],[121.36998,24.93286]]]}},{"type":"Feature","properties":{"VILLCODE":"65000090002","VILLNAME":"秀川里","TOWNCODE":"65000090","TOWNNAME":"三峽區","COUNTYNAME":"新北市"},"geometry":{"type":"Polygon","coordinates":[[[121.3707,24.93339],[121.3701,24.93418],[121.37039,24.93482],[121.37266,24.93485],[121.37285,24.93426],[121.3707,24.93339]]]}},{"type":"Feature","properties":{"VILLCODE":"65000090007","VILLNAME":"礁溪里","TOWNCODE":"65000090","TOWNNAME":"三峽區","COUNTYNAME":"新北市"},"geometry":{"type":"Polygon","coordinates":[[[121.38677,24.93337],[121.38336,24.93062],[121.38011,24.93031],[121.37799,24.93062],[121.37657,24.93121],[121.37449,24.92975],[121.37193,24.9325],[121.3707,24.93339],[121.37285,24.93426],[121.37566,24.93443],[121.37556,24.93541],[121.37683,24.93524],[121.382,24.9325],[121.38286,24.93244],[121.38718,24.93468],[121.38677,24.93337]]]}},{"type":"Feature","properties":{"VILLCODE":"65000200003","VILLNAME":"大林里","TOWNCODE":"65000200","TOWNNAME":"坪林區","COUNTYNAME":"新北市"},"geometry":{"type":"Polygon","coordinates":[[[121.73266,24.85581],[121.7326,24.85581],[121.73052,24.85531],[121.72714,24.85312],[121.72626,24.85169],[121.72483,24.85065],[121.7219,24.84987],[121.71956,24.84656],[121.71975,24.84558],[121.71865,24.84563],[121.71559,24.84434],[121.71521,24.84291],[121.71429,24.84179],[121.7111,24.84128],[121.71107,24.84123],[121.71101,24.84117],[121.70899,24.84058],[121.70842,24.83913],[121.70751,24.83884],[121.70596,24.84016],[121.70492,24.84171],[121.7022,24.84272],[121.6974,24.84308],[121.69662,24.84358],[121.69434,24.84358],[121.69204,24.84502],[121.69175,24.84647],[121.69059,24.84821],[121.68863,24.84835],[121.68781,24.84984],[121.68658,24.84992],[121.68535,24.84942],[121.68456,24.8499],[121.68213,24.85018],[121.68175,24.84964],[121.6796,24.84967],[121.67787,24.84897],[121.67742,24.8497],[121.67367,24.84891],[121.67313,24.84925],[121.66988,24.84807],[121.6665,24.84995],[121.66836,24.85259],[121.67121,24.85522],[121.67212,24.85789],[121.67285,24.85873],[121.67263,24.86033],[121.67313,24.86252],[121.67455,24.86378],[121.67613,24.86386],[121.67679,24.86487],[121.67547,24.86762],[121.67323,24.86897],[121.67187,24.87096],[121.67177,24.87264],[121.67364,24.8732],[121.67572,24.87295],[121.67742,24.87315],[121.68001,24.87483],[121.68086,24.87629],[121.68251,24.87769],[121.68345,24.88024],[121.68424,24.881],[121.68563,24.88358],[121.68784,24.88501],[121.68819,24.88714],[121.68996,24.88812],[121.68996,24.88933],[121.6892,24.89056],[121.68926,24.89191],[121.69037,24.89393],[121.69242,24.89542],[121.69365,24.89889],[121.69286,24.89974],[121.69204,24.90246],[121.69258,24.90341],[121.69475,24.90535],[121.69425,24.90854],[121.69482,24.90955],[121.69639,24.91042],[121.69671,24.91129],[121.69652,24.91306],[121.6952,24.91752],[121.69393,24.91878],[121.69377,24.92007],[121.69431,24.92189],[121.69699,24.92504],[121.69905,24.92624],[121.69971,24.92762],[121.69993,24.93126],[121.69905,24.93283],[121.69883,24.93429],[121.69933,24.93586],[121.70154,24.93648],[121.70637,24.93415],[121.70836,24.93395],[121.71063,24.93429],[121.71079,24.93269],[121.71259,24.93048],[121.71489,24.92891],[121.71584,24.92734],[121.71502,24.9254],[121.716,24.92456],[121.71723,24.92046],[121.71843,24.91895],[121.72155,24.91847],[121.71795,24.91558],[121.71458,24.91418],[121.7124,24.91211],[121.71218,24.91042],[121.71095,24.91034],[121.71013,24.9109],[121.7082,24.9107],[121.70744,24.90981],[121.70691,24.90807],[121.70722,24.90714],[121.70839,24.90655],[121.71076,24.90686],[121.71205,24.90666],[121.71278,24.90493],[121.71363,24.90425],[121.71376,24.90324],[121.71151,24.90145],[121.71129,24.90066],[121.7124,24.89755],[121.71328,24.89716],[121.71483,24.89777],[121.71666,24.89696],[121.71865,24.8976],[121.72098,24.89561],[121.7224,24.8948],[121.72348,24.89292],[121.72307,24.89076],[121.72329,24.88981],[121.72547,24.88776],[121.72985,24.8854],[121.73162,24.88355],[121.73326,24.88249],[121.73389,24.88064],[121.73352,24.87834],[121.73342,24.87542],[121.73412,24.87348],[121.73396,24.87281],[121.73168,24.87104],[121.73074,24.86894],[121.72714,24.86594],[121.72761,24.86106],[121.72812,24.86019],[121.73213,24.85674],[121.73266,24.85581]]]}},{"type":"Feature","properties":{"VILLCODE":"65000090018","VILLNAME":"溪南里","TOWNCODE":"65000090","TOWNNAME":"三峽區","COUNTYNAME":"新北市"},"geometry":{"type":"Polygon","coordinates":[[[121.40442,24.9116],[121.40391,24.91202],[121.40132,24.91182],[121.3963,24.91275],[121.39564,24.91438],[121.39744,24.91895],[121.39725,24.92083],[121.39495,24.92279],[121.39182,24.92335],[121.38898,24.92318],[121.3868,24.92403],[121.38585,24.92557],[121.38469,24.92647],[121.38428,24.92753],[121.38472,24.92958],[121.38639,24.93101],[121.3869,24.93196],[121.38677,24.93337],[121.38718,24.93468],[121.38933,24.93774],[121.39264,24.93867],[121.39479,24.93595],[121.39602,24.93494],[121.39918,24.93286],[121.40258,24.93233],[121.4047,24.92941],[121.40801,24.92748],[121.41262,24.92551],[121.41458,24.92487],[121.41616,24.92613],[121.41969,24.92358],[121.41619,24.92198],[121.41104,24.92167],[121.40981,24.92128],[121.40741,24.91965],[121.40726,24.91858],[121.40618,24.91595],[121.40618,24.91449],[121.40549,24.91396],[121.4052,24.91261],[121.40442,24.9116]]]}},{"type":"Feature","properties":{"VILLCODE":"65000060026","VILLNAME":"屈尺里","TOWNCODE":"65000060","TOWNNAME":"新店區","COUNTYNAME":"新北市"},"geometry":{"type":"Polygon","coordinates":[[[121.56653,24.90372],[121.56515,24.9033],[121.5607,24.90358],[121.55855,24.90422],[121.55504,24.90616],[121.55258,24.9072],[121.54933,24.90967],[121.54734,24.91236],[121.54564,24.9171],[121.54472,24.91828],[121.54292,24.91951],[121.5421,24.91931],[121.5374,24.91525],[121.53601,24.91463],[121.53453,24.91516],[121.53386,24.91589],[121.53402,24.91982],[121.5332,24.92363],[121.53238,24.92554],[121.53383,24.92778],[121.53623,24.9279],[121.53626,24.93797],[121.53718,24.93757],[121.54011,24.9378],[121.54157,24.93869],[121.54185,24.93499],[121.54283,24.93337],[121.54305,24.93],[121.54482,24.9291],[121.54611,24.92933],[121.54712,24.92849],[121.54993,24.92795],[121.55246,24.92579],[121.55441,24.92574],[121.55855,24.92473],[121.56107,24.92318],[121.56237,24.92313],[121.56398,24.92212],[121.5654,24.92234],[121.56622,24.92173],[121.56893,24.92105],[121.56979,24.92265],[121.57111,24.92389],[121.57316,24.9236],[121.57433,24.92419],[121.57714,24.92419],[121.57888,24.92537],[121.58027,24.92686],[121.58033,24.92762],[121.58251,24.9284],[121.58503,24.92804],[121.58797,24.9249],[121.59024,24.92495],[121.59135,24.92621],[121.59273,24.927],[121.59428,24.92708],[121.59485,24.92506],[121.59561,24.92386],[121.59576,24.91968],[121.59681,24.91743],[121.59665,24.91446],[121.59706,24.91185],[121.59857,24.91053],[121.59728,24.91017],[121.59529,24.91101],[121.59406,24.91323],[121.5927,24.9141],[121.59037,24.91455],[121.58869,24.91424],[121.58503,24.91171],[121.58064,24.90955],[121.57837,24.90877],[121.57316,24.90899],[121.57111,24.90807],[121.57089,24.90714],[121.56925,24.90549],[121.56653,24.90372]]]}},{"type":"Feature","properties":{"VILLCODE":"65000090006","VILLNAME":"永舘里","TOWNCODE":"65000090","TOWNNAME":"三峽區","COUNTYNAME":"新北市"},"geometry":{"type":"Polygon","coordinates":[[[121.3684,24.93331],[121.36761,24.93393],[121.36578,24.93353],[121.36673,24.93544],[121.36834,24.93592],[121.36853,24.93656],[121.36815,24.939],[121.36834,24.93897],[121.37055,24.9385],[121.3708,24.93926],[121.37197,24.93937],[121.3738,24.93836],[121.37253,24.93777],[121.37414,24.93634],[121.37484,24.93648],[121.37556,24.93541],[121.37566,24.93443],[121.37285,24.93426],[121.37266,24.93485],[121.37039,24.93482],[121.3701,24.93418],[121.36843,24.93443],[121.3684,24.93331]]]}},{"type":"Feature","properties":{"VILLCODE":"65000080012","VILLNAME":"二甲里","TOWNCODE":"65000080","TOWNNAME":"鶯歌區","COUNTYNAME":"新北市"},"geometry":{"type":"Polygon","coordinates":[[[121.33977,24.92851],[121.33734,24.92865],[121.33715,24.92871],[121.33428,24.92972],[121.33324,24.92983],[121.32942,24.92935],[121.32926,24.92933],[121.33197,24.93222],[121.33617,24.93499],[121.33712,24.93701],[121.3392,24.93923],[121.34012,24.9397],[121.34188,24.9399],[121.34318,24.93878],[121.34577,24.94094],[121.34709,24.94001],[121.3475,24.93973],[121.34599,24.9378],[121.34555,24.93808],[121.34425,24.93718],[121.34687,24.93443],[121.34397,24.93132],[121.33977,24.92851]]]}},{"type":"Feature","properties":{"VILLCODE":"65000090020","VILLNAME":"成福里","TOWNCODE":"65000090","TOWNNAME":"三峽區","COUNTYNAME":"新北市"},"geometry":{"type":"Polygon","coordinates":[[[121.43929,24.92619],[121.4386,24.92607],[121.43664,24.92461],[121.43235,24.92355],[121.4273,24.92307],[121.42588,24.92464],[121.42452,24.92484],[121.41969,24.92358],[121.41616,24.92613],[121.41553,24.92663],[121.41654,24.9279],[121.41597,24.92863],[121.4166,24.93168],[121.41726,24.93774],[121.41856,24.9378],[121.41995,24.93878],[121.42222,24.93825],[121.42578,24.9385],[121.42689,24.93909],[121.42844,24.93889],[121.43058,24.93928],[121.43197,24.93993],[121.43257,24.94088],[121.43418,24.94029],[121.43592,24.93752],[121.43671,24.93558],[121.43709,24.93567],[121.438,24.93196],[121.43898,24.92989],[121.4387,24.92781],[121.43929,24.92619]]]}},{"type":"Feature","properties":{"VILLCODE":"65000090019","VILLNAME":"溪東里","TOWNCODE":"65000090","TOWNNAME":"三峽區","COUNTYNAME":"新北市"},"geometry":{"type":"Polygon","coordinates":[[[121.41616,24.92613],[121.41458,24.92487],[121.41262,24.92551],[121.40801,24.92748],[121.4047,24.92941],[121.40258,24.93233],[121.39918,24.93286],[121.39602,24.93494],[121.3987,24.93446],[121.40025,24.93743],[121.40157,24.93858],[121.40239,24.94024],[121.40442,24.94035],[121.40543,24.93984],[121.40587,24.93858],[121.40694,24.94055],[121.40921,24.94189],[121.41,24.94139],[121.41411,24.94111],[121.41467,24.93942],[121.41597,24.93897],[121.41726,24.93774],[121.4166,24.93168],[121.41597,24.92863],[121.41654,24.9279],[121.41553,24.92663],[121.41616,24.92613]]]}},{"type":"Feature","properties":{"VILLCODE":"65000090008","VILLNAME":"鳶山里","TOWNCODE":"65000090","TOWNNAME":"三峽區","COUNTYNAME":"新北市"},"geometry":{"type":"Polygon","coordinates":[[[121.3261,24.90866],[121.3261,24.90874],[121.32594,24.90944],[121.32351,24.91],[121.32313,24.91168],[121.32149,24.91323],[121.32029,24.91354],[121.3196,24.91494],[121.31767,24.91628],[121.31761,24.91634],[121.32032,24.91884],[121.3214,24.92035],[121.32462,24.92332],[121.32736,24.92464],[121.32989,24.92498],[121.33425,24.92473],[121.33554,24.92506],[121.33851,24.92719],[121.3398,24.92851],[121.33977,24.92851],[121.34397,24.93132],[121.34687,24.93443],[121.3487,24.93656],[121.35012,24.93718],[121.357,24.94102],[121.3577,24.94077],[121.36019,24.94192],[121.36363,24.94184],[121.36139,24.93914],[121.36158,24.93864],[121.36647,24.93906],[121.36815,24.939],[121.36853,24.93656],[121.36834,24.93592],[121.36673,24.93544],[121.36578,24.93353],[121.36644,24.93275],[121.36414,24.93216],[121.36319,24.93227],[121.36073,24.93365],[121.35909,24.93252],[121.35375,24.93048],[121.35034,24.92832],[121.34955,24.92714],[121.3469,24.92734],[121.34536,24.92655],[121.34368,24.92464],[121.33971,24.9224],[121.33911,24.91875],[121.33586,24.91696],[121.33418,24.91654],[121.33248,24.91513],[121.33235,24.91348],[121.3286,24.90927],[121.3261,24.90866]]]}},{"type":"Feature","properties":{"VILLCODE":"65000060069","VILLNAME":"華城里","TOWNCODE":"65000060","TOWNNAME":"新店區","COUNTYNAME":"新北市"},"geometry":{"type":"Polygon","coordinates":[[[121.49078,24.91239],[121.49087,24.9139],[121.49176,24.91586],[121.49387,24.91738],[121.49378,24.91968],[121.4963,24.92184],[121.49636,24.92366],[121.49406,24.92307],[121.49472,24.92363],[121.49333,24.92358],[121.494,24.92425],[121.49428,24.92649],[121.49551,24.92767],[121.49605,24.92921],[121.49535,24.93196],[121.4963,24.93179],[121.4975,24.93297],[121.4988,24.93241],[121.4994,24.93149],[121.50145,24.93275],[121.50189,24.93345],[121.50173,24.93541],[121.50274,24.93648],[121.50255,24.93841],[121.50464,24.93785],[121.50741,24.93976],[121.50956,24.94113],[121.51215,24.94186],[121.51309,24.9406],[121.51553,24.94049],[121.51584,24.94088],[121.51751,24.94332],[121.51871,24.94083],[121.51849,24.93968],[121.52045,24.93886],[121.52073,24.93746],[121.519,24.93687],[121.51799,24.93595],[121.51647,24.93623],[121.51524,24.93524],[121.51603,24.93345],[121.51931,24.9323],[121.51957,24.93143],[121.51755,24.93039],[121.51442,24.92989],[121.51044,24.93031],[121.5112,24.92916],[121.51051,24.92834],[121.50896,24.92812],[121.50858,24.92722],[121.50959,24.92607],[121.5089,24.92518],[121.50719,24.92576],[121.507,24.92459],[121.50618,24.92358],[121.50798,24.92226],[121.51085,24.92102],[121.51022,24.91929],[121.50918,24.91842],[121.50833,24.91645],[121.50773,24.913],[121.50615,24.91202],[121.50527,24.91098],[121.5029,24.91051],[121.50217,24.9095],[121.50126,24.91009],[121.49898,24.91037],[121.49826,24.91079],[121.49652,24.91056],[121.49577,24.91132],[121.49393,24.91149],[121.49258,24.9123],[121.49078,24.91239]]]}},{"type":"Feature","properties":{"VILLCODE":"65000060068","VILLNAME":"達觀里","TOWNCODE":"65000060","TOWNNAME":"新店區","COUNTYNAME":"新北市"},"geometry":{"type":"Polygon","coordinates":[[[121.50741,24.93976],[121.50464,24.93785],[121.50255,24.93841],[121.50176,24.94088],[121.50183,24.94231],[121.50391,24.94492],[121.50394,24.94557],[121.50539,24.94573],[121.50659,24.94495],[121.50684,24.94383],[121.50804,24.94203],[121.50808,24.94083],[121.50741,24.93976]]]}},{"type":"Feature","properties":{"VILLCODE":"65000080011","VILLNAME":"二橋里","TOWNCODE":"65000080","TOWNNAME":"鶯歌區","COUNTYNAME":"新北市"},"geometry":{"type":"Polygon","coordinates":[[[121.31578,24.93847],[121.31853,24.94021],[121.32414,24.94329],[121.32437,24.94338],[121.32787,24.94428],[121.33043,24.94453],[121.33163,24.94562],[121.33163,24.94576],[121.33298,24.94487],[121.33772,24.94318],[121.33993,24.94223],[121.34012,24.9397],[121.3392,24.93923],[121.33712,24.93701],[121.33617,24.93499],[121.33197,24.93222],[121.32926,24.92933],[121.32919,24.9293],[121.32471,24.92868],[121.32206,24.92804],[121.32323,24.93129],[121.3219,24.93233],[121.32092,24.93252],[121.3207,24.93365],[121.3183,24.93471],[121.31578,24.93847]]]}},{"type":"Feature","properties":{"VILLCODE":"65000060025","VILLNAME":"粗坑里","TOWNCODE":"65000060","TOWNNAME":"新店區","COUNTYNAME":"新北市"},"geometry":{"type":"Polygon","coordinates":[[[121.58033,24.92762],[121.58027,24.92686],[121.57888,24.92537],[121.57714,24.92419],[121.57433,24.92419],[121.57316,24.9236],[121.57111,24.92389],[121.56979,24.92265],[121.56893,24.92105],[121.56622,24.92173],[121.5654,24.92234],[121.56398,24.92212],[121.56237,24.92313],[121.56107,24.92318],[121.55855,24.92473],[121.55441,24.92574],[121.55246,24.92579],[121.54993,24.92795],[121.54712,24.92849],[121.54611,24.92933],[121.54482,24.9291],[121.54305,24.93],[121.54283,24.93337],[121.54185,24.93499],[121.54157,24.93869],[121.54368,24.94091],[121.5452,24.94456],[121.54526,24.94551],[121.54687,24.94531],[121.54747,24.94587],[121.55037,24.94501],[121.55179,24.94484],[121.55369,24.94276],[121.55558,24.9429],[121.55732,24.94254],[121.55842,24.94341],[121.56107,24.94341],[121.56287,24.9438],[121.56354,24.94329],[121.56499,24.93979],[121.56628,24.93819],[121.5665,24.93724],[121.56736,24.93682],[121.57143,24.93648],[121.57326,24.93466],[121.57654,24.93494],[121.5778,24.93356],[121.57831,24.93179],[121.58033,24.92762]]]}},{"type":"Feature","properties":{"VILLCODE":"65000090021","VILLNAME":"安坑里","TOWNCODE":"65000090","TOWNNAME":"三峽區","COUNTYNAME":"新北市"},"geometry":{"type":"Polygon","coordinates":[[[121.47178,24.87707],[121.46884,24.87623],[121.4665,24.87808],[121.46496,24.88358],[121.46379,24.88524],[121.46357,24.88627],[121.4642,24.88832],[121.4631,24.89042],[121.46297,24.89758],[121.46104,24.90069],[121.45792,24.90209],[121.4564,24.9047],[121.45609,24.90773],[121.45568,24.90871],[121.45419,24.90961],[121.45287,24.90919],[121.44857,24.90992],[121.44772,24.91087],[121.44621,24.91356],[121.44233,24.91701],[121.44119,24.91755],[121.44185,24.92032],[121.44154,24.92307],[121.43971,24.9252],[121.43929,24.92619],[121.4387,24.92781],[121.43898,24.92989],[121.438,24.93196],[121.43709,24.93567],[121.43892,24.93611],[121.43986,24.93704],[121.44233,24.93768],[121.44466,24.9399],[121.44744,24.94133],[121.44823,24.94172],[121.45012,24.94352],[121.45167,24.94436],[121.45413,24.94436],[121.45574,24.94526],[121.45609,24.9463],[121.45707,24.9461],[121.45751,24.9461],[121.45738,24.9454],[121.45839,24.94327],[121.45871,24.93942],[121.46089,24.93754],[121.45972,24.93544],[121.46006,24.93415],[121.46208,24.93395],[121.46401,24.93323],[121.46616,24.93196],[121.4671,24.93199],[121.46846,24.93073],[121.47067,24.93121],[121.4713,24.93073],[121.47339,24.93084],[121.47642,24.9291],[121.47714,24.92916],[121.47828,24.9286],[121.4802,24.92882],[121.4827,24.92851],[121.48472,24.92792],[121.48576,24.92624],[121.48522,24.9245],[121.48683,24.92223],[121.48825,24.92223],[121.48945,24.92049],[121.48993,24.91923],[121.49207,24.9171],[121.49176,24.91586],[121.49087,24.9139],[121.49078,24.91239],[121.48958,24.91135],[121.49018,24.91017],[121.48939,24.90823],[121.49097,24.90487],[121.49251,24.90358],[121.49109,24.90265],[121.49065,24.9017],[121.48841,24.90122],[121.48658,24.90049],[121.48579,24.89951],[121.48633,24.89822],[121.48525,24.89808],[121.48396,24.89682],[121.48027,24.89059],[121.47888,24.88995],[121.47768,24.88798],[121.47534,24.88619],[121.4755,24.88501],[121.47436,24.88159],[121.47275,24.87935],[121.47178,24.87707]]]}},{"type":"Feature","properties":{"VILLCODE":"65000090009","VILLNAME":"龍埔里","TOWNCODE":"65000090","TOWNNAME":"三峽區","COUNTYNAME":"新北市"},"geometry":{"type":"Polygon","coordinates":[[[121.38718,24.93468],[121.38286,24.93244],[121.382,24.9325],[121.37683,24.93524],[121.37556,24.93541],[121.37484,24.93648],[121.37414,24.93634],[121.37253,24.93777],[121.3738,24.93836],[121.37197,24.93937],[121.3708,24.93926],[121.37055,24.9385],[121.36834,24.93897],[121.36878,24.94108],[121.36931,24.94127],[121.37339,24.94116],[121.37506,24.94032],[121.37771,24.93794],[121.37831,24.9397],[121.37923,24.94341],[121.38103,24.94405],[121.38519,24.9438],[121.38933,24.94509],[121.39359,24.94512],[121.39485,24.94635],[121.39602,24.94638],[121.39659,24.94573],[121.39583,24.9447],[121.39678,24.94313],[121.39264,24.93867],[121.38933,24.93774],[121.38718,24.93468]]]}},{"type":"Feature","properties":{"VILLCODE":"65000200006","VILLNAME":"水德里","TOWNCODE":"65000200","TOWNNAME":"坪林區","COUNTYNAME":"新北市"},"geometry":{"type":"Polygon","coordinates":[[[121.75552,24.92285],[121.75318,24.92041],[121.75075,24.92027],[121.74895,24.91757],[121.748,24.91735],[121.74482,24.91735],[121.74302,24.91788],[121.74175,24.91777],[121.7386,24.9169],[121.73664,24.916],[121.73304,24.91724],[121.73004,24.91959],[121.72787,24.91937],[121.7254,24.91811],[121.72376,24.91791],[121.72155,24.91847],[121.71843,24.91895],[121.71723,24.92046],[121.716,24.92456],[121.71502,24.9254],[121.71584,24.92734],[121.71489,24.92891],[121.71259,24.93048],[121.71079,24.93269],[121.71063,24.93429],[121.71224,24.93508],[121.71335,24.93696],[121.71391,24.93883],[121.71338,24.94136],[121.71454,24.94228],[121.71713,24.94153],[121.71855,24.94142],[121.7195,24.94012],[121.72092,24.9397],[121.72373,24.94007],[121.72537,24.9392],[121.72641,24.94007],[121.72613,24.94066],[121.72319,24.94268],[121.72215,24.94425],[121.72228,24.94503],[121.72427,24.94641],[121.72553,24.94702],[121.72676,24.94702],[121.72878,24.94635],[121.73011,24.94545],[121.732,24.94498],[121.73383,24.94565],[121.73569,24.9459],[121.73674,24.94559],[121.73866,24.94343],[121.73999,24.94324],[121.74324,24.94113],[121.74532,24.93926],[121.74731,24.93558],[121.74775,24.93423],[121.75239,24.93017],[121.75485,24.92703],[121.75552,24.92285]]]}},{"type":"Feature","properties":{"VILLCODE":"65000090028","VILLNAME":"龍恩里","TOWNCODE":"65000090","TOWNNAME":"三峽區","COUNTYNAME":"新北市"},"geometry":{"type":"Polygon","coordinates":[[[121.36834,24.93897],[121.36815,24.939],[121.36647,24.93906],[121.36158,24.93864],[121.36139,24.93914],[121.36363,24.94184],[121.36019,24.94192],[121.3577,24.94077],[121.357,24.94102],[121.35912,24.94217],[121.35972,24.94372],[121.36139,24.94554],[121.36212,24.94501],[121.36426,24.94607],[121.36521,24.94731],[121.36796,24.94719],[121.3695,24.94658],[121.37165,24.94756],[121.37702,24.94043],[121.37831,24.9397],[121.37771,24.93794],[121.37506,24.94032],[121.37339,24.94116],[121.36931,24.94127],[121.36878,24.94108],[121.36834,24.93897]]]}},{"type":"Feature","properties":{"VILLCODE":"65000060057","VILLNAME":"吉祥里","TOWNCODE":"65000060","TOWNNAME":"新店區","COUNTYNAME":"新北市"},"geometry":{"type":"Polygon","coordinates":[[[121.49766,24.94846],[121.49804,24.94871],[121.49958,24.94559],[121.49857,24.94503],[121.49772,24.94531],[121.49624,24.94388],[121.49539,24.94436],[121.49595,24.94534],[121.49545,24.94683],[121.49662,24.94924],[121.49766,24.94846]]]}},{"type":"Feature","properties":{"VILLCODE":"65000090027","VILLNAME":"龍學里","TOWNCODE":"65000090","TOWNNAME":"三峽區","COUNTYNAME":"新北市"},"geometry":{"type":"Polygon","coordinates":[[[121.37923,24.94341],[121.37831,24.9397],[121.37702,24.94043],[121.37165,24.94756],[121.3737,24.94874],[121.37607,24.94969],[121.37806,24.94557],[121.37812,24.94557],[121.37815,24.94534],[121.37923,24.94341]]]}},{"type":"Feature","properties":{"VILLCODE":"65000060020","VILLNAME":"玫瑰里","TOWNCODE":"65000060","TOWNNAME":"新店區","COUNTYNAME":"新北市"},"geometry":{"type":"Polygon","coordinates":[[[121.49662,24.94924],[121.49545,24.94683],[121.49595,24.94534],[121.49539,24.94436],[121.49302,24.94601],[121.49251,24.94708],[121.4934,24.95031],[121.4946,24.95081],[121.49526,24.95118],[121.49662,24.94924]]]}},{"type":"Feature","properties":{"VILLCODE":"65000200002","VILLNAME":"坪林里","TOWNCODE":"65000200","TOWNNAME":"坪林區","COUNTYNAME":"新北市"},"geometry":{"type":"Polygon","coordinates":[[[121.71063,24.93429],[121.70836,24.93395],[121.70637,24.93415],[121.70154,24.93648],[121.69933,24.93586],[121.69924,24.93906],[121.70091,24.94313],[121.70059,24.94453],[121.69958,24.94632],[121.69939,24.94921],[121.69961,24.94989],[121.70094,24.95008],[121.70274,24.9491],[121.70539,24.947],[121.7065,24.947],[121.70754,24.94764],[121.70814,24.94876],[121.70918,24.94941],[121.71155,24.95011],[121.71278,24.94975],[121.71338,24.95098],[121.7159,24.95118],[121.71773,24.94963],[121.71941,24.94902],[121.72054,24.94918],[121.72263,24.94806],[121.72427,24.94641],[121.72228,24.94503],[121.72215,24.94425],[121.72319,24.94268],[121.72613,24.94066],[121.72641,24.94007],[121.72537,24.9392],[121.72373,24.94007],[121.72092,24.9397],[121.7195,24.94012],[121.71855,24.94142],[121.71713,24.94153],[121.71454,24.94228],[121.71338,24.94136],[121.71391,24.93883],[121.71335,24.93696],[121.71224,24.93508],[121.71063,24.93429]]]}},{"type":"Feature","properties":{"VILLCODE":"65000060063","VILLNAME":"美城里","TOWNCODE":"65000060","TOWNNAME":"新店區","COUNTYNAME":"新北市"},"geometry":{"type":"Polygon","coordinates":[[[121.53503,24.94882],[121.53415,24.9475],[121.53039,24.94803],[121.52802,24.94773],[121.52727,24.94983],[121.52891,24.95031],[121.52982,24.95132],[121.53503,24.94882]]]}},{"type":"Feature","properties":{"VILLCODE":"65000060055","VILLNAME":"明城里","TOWNCODE":"65000060","TOWNNAME":"新店區","COUNTYNAME":"新北市"},"geometry":{"type":"Polygon","coordinates":[[[121.50394,24.94557],[121.50391,24.94492],[121.50183,24.94231],[121.50129,24.94812],[121.50138,24.94963],[121.50274,24.95101],[121.50306,24.95179],[121.50413,24.94989],[121.50394,24.94557]]]}},{"type":"Feature","properties":{"VILLCODE":"65000060029","VILLNAME":"直潭里","TOWNCODE":"65000060","TOWNNAME":"新店區","COUNTYNAME":"新北市"},"geometry":{"type":"Polygon","coordinates":[[[121.54157,24.93869],[121.54011,24.9378],[121.53718,24.93757],[121.53626,24.93797],[121.53623,24.9279],[121.53383,24.92778],[121.53238,24.92554],[121.53046,24.92885],[121.5303,24.93053],[121.53064,24.93261],[121.53124,24.93404],[121.52881,24.9376],[121.52777,24.93841],[121.52481,24.94268],[121.52452,24.9447],[121.52566,24.94543],[121.52787,24.94624],[121.53068,24.94672],[121.53355,24.94666],[121.53415,24.9475],[121.53503,24.94882],[121.53699,24.95165],[121.53977,24.95174],[121.54087,24.95185],[121.54302,24.95129],[121.54337,24.95106],[121.54482,24.94792],[121.54526,24.94551],[121.5452,24.94456],[121.54368,24.94091],[121.54157,24.93869]]]}},{"type":"Feature","properties":{"VILLCODE":"65000090017","VILLNAME":"溪北里","TOWNCODE":"65000090","TOWNNAME":"三峽區","COUNTYNAME":"新北市"},"geometry":{"type":"Polygon","coordinates":[[[121.39602,24.93494],[121.39479,24.93595],[121.39264,24.93867],[121.39678,24.94313],[121.39725,24.94251],[121.4006,24.94444],[121.40167,24.94568],[121.40258,24.94817],[121.40757,24.95216],[121.40868,24.95126],[121.40846,24.94961],[121.40883,24.94601],[121.40975,24.94363],[121.40921,24.94189],[121.40694,24.94055],[121.40587,24.93858],[121.40543,24.93984],[121.40442,24.94035],[121.40239,24.94024],[121.40157,24.93858],[121.40025,24.93743],[121.3987,24.93446],[121.39602,24.93494]]]}},{"type":"Feature","properties":{"VILLCODE":"65000060021","VILLNAME":"塗潭里","TOWNCODE":"65000060","TOWNNAME":"新店區","COUNTYNAME":"新北市"},"geometry":{"type":"Polygon","coordinates":[[[121.53402,24.91982],[121.53118,24.91825],[121.52825,24.91786],[121.52651,24.91884],[121.52383,24.91847],[121.52294,24.91788],[121.52086,24.91766],[121.51701,24.91519],[121.51511,24.91485],[121.51313,24.91323],[121.51262,24.91104],[121.51246,24.90551],[121.51303,24.90372],[121.51284,24.90142],[121.5106,24.90083],[121.50915,24.89889],[121.50716,24.89892],[121.50527,24.90024],[121.50189,24.90128],[121.50028,24.90333],[121.49756,24.90378],[121.49374,24.90215],[121.49109,24.90265],[121.49251,24.90358],[121.49097,24.90487],[121.48939,24.90823],[121.49018,24.91017],[121.48958,24.91135],[121.49078,24.91239],[121.49258,24.9123],[121.49393,24.91149],[121.49577,24.91132],[121.49652,24.91056],[121.49826,24.91079],[121.49898,24.91037],[121.50126,24.91009],[121.50217,24.9095],[121.5029,24.91051],[121.50527,24.91098],[121.50615,24.91202],[121.50773,24.913],[121.50833,24.91645],[121.50918,24.91842],[121.51022,24.91929],[121.51085,24.92102],[121.50798,24.92226],[121.50618,24.92358],[121.507,24.92459],[121.50719,24.92576],[121.5089,24.92518],[121.50959,24.92607],[121.50858,24.92722],[121.50896,24.92812],[121.51051,24.92834],[121.5112,24.92916],[121.51044,24.93031],[121.51442,24.92989],[121.51755,24.93039],[121.51957,24.93143],[121.51931,24.9323],[121.51603,24.93345],[121.51524,24.93524],[121.51647,24.93623],[121.51799,24.93595],[121.519,24.93687],[121.52073,24.93746],[121.52045,24.93886],[121.51849,24.93968],[121.51871,24.94083],[121.51751,24.94332],[121.51909,24.9445],[121.5201,24.94461],[121.52443,24.94658],[121.52642,24.94983],[121.52755,24.95244],[121.52982,24.95132],[121.52891,24.95031],[121.52727,24.94983],[121.52802,24.94773],[121.53039,24.94803],[121.53415,24.9475],[121.53355,24.94666],[121.53068,24.94672],[121.52787,24.94624],[121.52566,24.94543],[121.52452,24.9447],[121.52481,24.94268],[121.52777,24.93841],[121.52881,24.9376],[121.53124,24.93404],[121.53064,24.93261],[121.5303,24.93053],[121.53046,24.92885],[121.53238,24.92554],[121.5332,24.92363],[121.53402,24.91982]]]}},{"type":"Feature","properties":{"VILLCODE":"65000070024","VILLNAME":"南園里","TOWNCODE":"65000070","TOWNNAME":"樹林區","COUNTYNAME":"新北市"},"geometry":{"type":"Polygon","coordinates":[[[121.39659,24.94573],[121.39602,24.94638],[121.39485,24.94635],[121.39359,24.94512],[121.38933,24.94509],[121.38519,24.9438],[121.38103,24.94405],[121.37923,24.94341],[121.37815,24.94534],[121.37812,24.94557],[121.37888,24.94674],[121.37976,24.94941],[121.3826,24.95106],[121.38267,24.9521],[121.38377,24.95283],[121.38671,24.95249],[121.39094,24.95266],[121.39289,24.95193],[121.39412,24.95005],[121.39573,24.94885],[121.39763,24.94663],[121.39659,24.94573]]]}},{"type":"Feature","properties":{"VILLCODE":"65000080007","VILLNAME":"同慶里","TOWNCODE":"65000080","TOWNNAME":"鶯歌區","COUNTYNAME":"新北市"},"geometry":{"type":"Polygon","coordinates":[[[121.35056,24.95289],[121.35038,24.95174],[121.35107,24.95053],[121.35063,24.95014],[121.34851,24.95014],[121.34491,24.94969],[121.34233,24.95148],[121.34368,24.9521],[121.34447,24.95193],[121.347,24.9532],[121.35056,24.95289]]]}},{"type":"Feature","properties":{"VILLCODE":"65000130026","VILLNAME":"祖田里","TOWNCODE":"65000130","TOWNNAME":"土城區","COUNTYNAME":"新北市"},"geometry":{"type":"Polygon","coordinates":[[[121.43709,24.93567],[121.43671,24.93558],[121.43592,24.93752],[121.43418,24.94029],[121.43257,24.94088],[121.43197,24.93993],[121.43058,24.93928],[121.42844,24.93889],[121.42689,24.93909],[121.42578,24.9385],[121.42222,24.93825],[121.41995,24.93878],[121.41856,24.9378],[121.41726,24.93774],[121.41597,24.93897],[121.41467,24.93942],[121.41411,24.94111],[121.41,24.94139],[121.40921,24.94189],[121.40975,24.94363],[121.40883,24.94601],[121.40846,24.94961],[121.40868,24.95126],[121.40757,24.95216],[121.40915,24.95331],[121.41227,24.95205],[121.41429,24.95297],[121.41578,24.95328],[121.41701,24.9528],[121.41957,24.95031],[121.41931,24.94854],[121.42054,24.94677],[121.42358,24.94711],[121.42477,24.94655],[121.42676,24.94686],[121.42793,24.94632],[121.42935,24.94503],[121.43235,24.9452],[121.43342,24.94481],[121.43475,24.94509],[121.4363,24.94478],[121.4369,24.94515],[121.44002,24.94529],[121.44087,24.94576],[121.44289,24.94573],[121.44419,24.94587],[121.44583,24.94495],[121.44589,24.94352],[121.44744,24.94133],[121.44466,24.9399],[121.44233,24.93768],[121.43986,24.93704],[121.43892,24.93611],[121.43709,24.93567]]]}},{"type":"Feature","properties":{"VILLCODE":"65000060059","VILLNAME":"小城里","TOWNCODE":"65000060","TOWNNAME":"新店區","COUNTYNAME":"新北市"},"geometry":{"type":"Polygon","coordinates":[[[121.49857,24.94503],[121.49958,24.94559],[121.49804,24.94871],[121.49766,24.94846],[121.49826,24.95193],[121.4994,24.95235],[121.49892,24.95334],[121.49958,24.95356],[121.50157,24.95087],[121.50274,24.95101],[121.50138,24.94963],[121.50129,24.94812],[121.50183,24.94231],[121.4988,24.94329],[121.49914,24.94422],[121.49857,24.94503]]]}},{"type":"Feature","properties":{"VILLCODE":"65000190011","VILLNAME":"永安里","TOWNCODE":"65000190","TOWNNAME":"石碇區","COUNTYNAME":"新北市"},"geometry":{"type":"Polygon","coordinates":[[[121.64466,24.86072],[121.64333,24.86061],[121.64153,24.86196],[121.64065,24.86198],[121.63847,24.86089],[121.63753,24.85932],[121.63689,24.85918],[121.63519,24.85741],[121.63405,24.85893],[121.63194,24.85935],[121.62957,24.86148],[121.62585,24.86142],[121.62307,24.86229],[121.62102,24.86322],[121.62045,24.86311],[121.61969,24.86162],[121.61795,24.86193],[121.61568,24.86072],[121.61492,24.86128],[121.61212,24.86196],[121.60927,24.86308],[121.60542,24.8633],[121.60129,24.86322],[121.59968,24.86392],[121.59772,24.86414],[121.59655,24.86599],[121.59554,24.86636],[121.5928,24.86614],[121.59141,24.86706],[121.59005,24.86933],[121.58822,24.87009],[121.58592,24.87163],[121.58516,24.87261],[121.58336,24.8734],[121.57979,24.8743],[121.57815,24.87418],[121.57575,24.87508],[121.57676,24.87786],[121.57768,24.87864],[121.57787,24.8801],[121.57695,24.88184],[121.5779,24.88322],[121.57683,24.88439],[121.57638,24.88599],[121.57664,24.88779],[121.57761,24.88908],[121.57818,24.89068],[121.57806,24.89292],[121.57888,24.89542],[121.57825,24.89688],[121.57623,24.89873],[121.57168,24.90016],[121.56919,24.90164],[121.56859,24.90271],[121.56653,24.90372],[121.56925,24.90549],[121.57089,24.90714],[121.57111,24.90807],[121.57316,24.90899],[121.57837,24.90877],[121.58064,24.90955],[121.58503,24.91171],[121.58869,24.91424],[121.59037,24.91455],[121.5927,24.9141],[121.59406,24.91323],[121.59529,24.91101],[121.59728,24.91017],[121.59883,24.90849],[121.60056,24.90759],[121.60107,24.90787],[121.60094,24.90986],[121.60025,24.913],[121.60015,24.91626],[121.60066,24.92027],[121.60195,24.92245],[121.60366,24.92335],[121.60669,24.92346],[121.60915,24.92265],[121.61319,24.92001],[121.61559,24.91777],[121.61638,24.91525],[121.61619,24.91334],[121.6165,24.91222],[121.61735,24.91188],[121.61915,24.91261],[121.62105,24.91449],[121.62206,24.9164],[121.62222,24.91945],[121.62307,24.92436],[121.62496,24.92832],[121.62521,24.92978],[121.62484,24.93095],[121.62316,24.93337],[121.6236,24.93404],[121.62572,24.93407],[121.62869,24.93544],[121.6308,24.93555],[121.63241,24.93496],[121.6333,24.93387],[121.63339,24.93283],[121.63263,24.93062],[121.63266,24.92877],[121.63408,24.92703],[121.63557,24.92837],[121.63541,24.92989],[121.63828,24.93342],[121.63762,24.93752],[121.63901,24.94142],[121.64251,24.94416],[121.64327,24.94607],[121.64447,24.94759],[121.6464,24.9491],[121.64718,24.95084],[121.64848,24.95101],[121.64987,24.95017],[121.65179,24.95011],[121.65384,24.95092],[121.65602,24.9516],[121.65757,24.95165],[121.66155,24.95241],[121.66391,24.95387],[121.66527,24.95376],[121.66717,24.95247],[121.66568,24.94977],[121.66612,24.94817],[121.6659,24.94554],[121.66647,24.94425],[121.66663,24.94099],[121.6671,24.93973],[121.6696,24.93889],[121.67016,24.93014],[121.67143,24.92857],[121.67455,24.92669],[121.67528,24.92565],[121.67626,24.9231],[121.6779,24.92215],[121.6766,24.92145],[121.67512,24.92161],[121.67316,24.91993],[121.66909,24.91769],[121.66593,24.91707],[121.66357,24.91572],[121.66322,24.91494],[121.6642,24.91278],[121.66429,24.91079],[121.66603,24.90835],[121.6647,24.90692],[121.66316,24.90647],[121.66183,24.90529],[121.66208,24.90347],[121.66019,24.90133],[121.65732,24.89993],[121.65315,24.89853],[121.65283,24.89763],[121.65157,24.89758],[121.64886,24.89522],[121.64993,24.89289],[121.65104,24.89242],[121.65293,24.89017],[121.65151,24.88754],[121.6516,24.8849],[121.65081,24.8826],[121.64977,24.88108],[121.64971,24.88019],[121.65088,24.87881],[121.65258,24.87834],[121.65422,24.87696],[121.65359,24.87477],[121.65321,24.87219],[121.65321,24.87045],[121.65091,24.86942],[121.65031,24.86841],[121.64838,24.86787],[121.64782,24.86695],[121.64712,24.86386],[121.64466,24.86072]]]}},{"type":"Feature","properties":{"VILLCODE":"65000200001","VILLNAME":"粗窟里","TOWNCODE":"65000200","TOWNNAME":"坪林區","COUNTYNAME":"新北市"},"geometry":{"type":"Polygon","coordinates":[[[121.6665,24.84995],[121.66562,24.85037],[121.66477,24.84964],[121.66208,24.85001],[121.65975,24.85082],[121.65795,24.8504],[121.65716,24.84967],[121.65501,24.85138],[121.65457,24.85284],[121.65378,24.8534],[121.65299,24.85522],[121.65129,24.85604],[121.65062,24.85694],[121.64564,24.85952],[121.64466,24.86072],[121.64712,24.86386],[121.64782,24.86695],[121.64838,24.86787],[121.65031,24.86841],[121.65091,24.86942],[121.65321,24.87045],[121.65321,24.87219],[121.65359,24.87477],[121.65422,24.87696],[121.65258,24.87834],[121.65088,24.87881],[121.64971,24.88019],[121.64977,24.88108],[121.65081,24.8826],[121.6516,24.8849],[121.65151,24.88754],[121.65293,24.89017],[121.65104,24.89242],[121.64993,24.89289],[121.64886,24.89522],[121.65157,24.89758],[121.65283,24.89763],[121.65315,24.89853],[121.65732,24.89993],[121.66019,24.90133],[121.66208,24.90347],[121.66183,24.90529],[121.66316,24.90647],[121.6647,24.90692],[121.66603,24.90835],[121.66429,24.91079],[121.6642,24.91278],[121.66322,24.91494],[121.66357,24.91572],[121.66593,24.91707],[121.66909,24.91769],[121.67316,24.91993],[121.67512,24.92161],[121.6766,24.92145],[121.6779,24.92215],[121.67626,24.9231],[121.67528,24.92565],[121.67455,24.92669],[121.67143,24.92857],[121.67016,24.93014],[121.6696,24.93889],[121.6671,24.93973],[121.66663,24.94099],[121.66647,24.94425],[121.6659,24.94554],[121.66612,24.94817],[121.66568,24.94977],[121.66717,24.95247],[121.6684,24.95224],[121.67073,24.95263],[121.6731,24.95356],[121.67581,24.95412],[121.67888,24.95418],[121.68026,24.95446],[121.68311,24.9512],[121.68487,24.95087],[121.68715,24.94958],[121.69043,24.94837],[121.6922,24.94649],[121.69652,24.94523],[121.69958,24.94632],[121.70059,24.94453],[121.70091,24.94313],[121.69924,24.93906],[121.69933,24.93586],[121.69883,24.93429],[121.69905,24.93283],[121.69993,24.93126],[121.69971,24.92762],[121.69905,24.92624],[121.69699,24.92504],[121.69431,24.92189],[121.69377,24.92007],[121.69393,24.91878],[121.6952,24.91752],[121.69652,24.91306],[121.69671,24.91129],[121.69639,24.91042],[121.69482,24.90955],[121.69425,24.90854],[121.69475,24.90535],[121.69258,24.90341],[121.69204,24.90246],[121.69286,24.89974],[121.69365,24.89889],[121.69242,24.89542],[121.69037,24.89393],[121.68926,24.89191],[121.6892,24.89056],[121.68996,24.88933],[121.68996,24.88812],[121.68819,24.88714],[121.68784,24.88501],[121.68563,24.88358],[121.68424,24.881],[121.68345,24.88024],[121.68251,24.87769],[121.68086,24.87629],[121.68001,24.87483],[121.67742,24.87315],[121.67572,24.87295],[121.67364,24.8732],[121.67177,24.87264],[121.67187,24.87096],[121.67323,24.86897],[121.67547,24.86762],[121.67679,24.86487],[121.67613,24.86386],[121.67455,24.86378],[121.67313,24.86252],[121.67263,24.86033],[121.67285,24.85873],[121.67212,24.85789],[121.67121,24.85522],[121.66836,24.85259],[121.6665,24.84995]]]}},{"type":"Feature","properties":{"VILLCODE":"65000130025","VILLNAME":"頂新里","TOWNCODE":"65000130","TOWNNAME":"土城區","COUNTYNAME":"新北市"},"geometry":{"type":"Polygon","coordinates":[[[121.41578,24.95328],[121.41429,24.95297],[121.41227,24.95205],[121.40915,24.95331],[121.40997,24.95451],[121.41246,24.95381],[121.41313,24.95477],[121.41524,24.95485],[121.41578,24.95328]]]}},{"type":"Feature","properties":{"VILLCODE":"65000060019","VILLNAME":"日興里","TOWNCODE":"65000060","TOWNNAME":"新店區","COUNTYNAME":"新北市"},"geometry":{"type":"Polygon","coordinates":[[[121.47714,24.92916],[121.47642,24.9291],[121.47339,24.93084],[121.4713,24.93073],[121.47067,24.93121],[121.46846,24.93073],[121.4671,24.93199],[121.46616,24.93196],[121.46401,24.93323],[121.46208,24.93395],[121.46006,24.93415],[121.45972,24.93544],[121.46089,24.93754],[121.45871,24.93942],[121.45839,24.94327],[121.45738,24.9454],[121.45751,24.9461],[121.45975,24.94775],[121.46177,24.9475],[121.46366,24.9493],[121.46691,24.95154],[121.46695,24.95311],[121.46783,24.95443],[121.4695,24.95449],[121.4708,24.95513],[121.47357,24.95235],[121.47657,24.95249],[121.47853,24.95569],[121.48232,24.95564],[121.48481,24.95154],[121.48513,24.94913],[121.48241,24.94882],[121.48251,24.94458],[121.48131,24.94119],[121.48137,24.9401],[121.47995,24.93844],[121.47885,24.93844],[121.47736,24.93611],[121.47724,24.93269],[121.47673,24.93118],[121.47714,24.92916]]]}},{"type":"Feature","properties":{"VILLCODE":"65000060030","VILLNAME":"青潭里","TOWNCODE":"65000060","TOWNNAME":"新店區","COUNTYNAME":"新北市"},"geometry":{"type":"Polygon","coordinates":[[[121.56287,24.9438],[121.56107,24.94341],[121.55842,24.94341],[121.55732,24.94254],[121.55558,24.9429],[121.55369,24.94276],[121.55179,24.94484],[121.55037,24.94501],[121.54747,24.94587],[121.54687,24.94531],[121.54526,24.94551],[121.54482,24.94792],[121.54337,24.95106],[121.54302,24.95129],[121.54532,24.95174],[121.54558,24.95572],[121.54614,24.9551],[121.54823,24.9553],[121.54864,24.95362],[121.54946,24.95297],[121.55362,24.95092],[121.55476,24.94977],[121.55716,24.95084],[121.56019,24.95154],[121.56161,24.95019],[121.56243,24.94789],[121.56234,24.94618],[121.56287,24.9438]]]}},{"type":"Feature","properties":{"VILLCODE":"65000080009","VILLNAME":"南靖里","TOWNCODE":"65000080","TOWNNAME":"鶯歌區","COUNTYNAME":"新北市"},"geometry":{"type":"Polygon","coordinates":[[[121.34687,24.93443],[121.34425,24.93718],[121.34555,24.93808],[121.34599,24.9378],[121.3475,24.93973],[121.34709,24.94001],[121.34911,24.94237],[121.34949,24.94327],[121.34854,24.94545],[121.35085,24.94918],[121.35063,24.95014],[121.35107,24.95053],[121.35038,24.95174],[121.35056,24.95289],[121.35208,24.95182],[121.35296,24.9514],[121.35653,24.9507],[121.35795,24.94994],[121.36161,24.95247],[121.363,24.9542],[121.36692,24.95589],[121.36827,24.9555],[121.36616,24.95477],[121.36568,24.95263],[121.36594,24.9521],[121.36455,24.94921],[121.36322,24.94753],[121.36174,24.94674],[121.36139,24.94554],[121.35972,24.94372],[121.35912,24.94217],[121.357,24.94102],[121.35012,24.93718],[121.3487,24.93656],[121.34687,24.93443]]]}},{"type":"Feature","properties":{"VILLCODE":"65000080010","VILLNAME":"尖山里","TOWNCODE":"65000080","TOWNNAME":"鶯歌區","COUNTYNAME":"新北市"},"geometry":{"type":"Polygon","coordinates":[[[121.32809,24.95521],[121.32809,24.95527],[121.32812,24.95533],[121.32894,24.95594],[121.33406,24.9542],[121.33519,24.95244],[121.33586,24.95244],[121.33645,24.95025],[121.33797,24.94871],[121.33933,24.94815],[121.34195,24.94823],[121.34491,24.94969],[121.34851,24.95014],[121.35063,24.95014],[121.35085,24.94918],[121.34854,24.94545],[121.34949,24.94327],[121.34911,24.94237],[121.34709,24.94001],[121.34577,24.94094],[121.34318,24.93878],[121.34188,24.9399],[121.34012,24.9397],[121.33993,24.94223],[121.33772,24.94318],[121.33298,24.94487],[121.33163,24.94576],[121.3302,24.94655],[121.32837,24.94854],[121.32828,24.94865],[121.328,24.94918],[121.32809,24.95521]]]}},{"type":"Feature","properties":{"VILLCODE":"65000080001","VILLNAME":"東鶯里","TOWNCODE":"65000080","TOWNNAME":"鶯歌區","COUNTYNAME":"新北市"},"geometry":{"type":"Polygon","coordinates":[[[121.36161,24.95247],[121.35795,24.94994],[121.35653,24.9507],[121.35296,24.9514],[121.35208,24.95182],[121.35489,24.95406],[121.35697,24.95544],[121.35877,24.95572],[121.35984,24.95415],[121.36161,24.95247]]]}},{"type":"Feature","properties":{"VILLCODE":"65000080005","VILLNAME":"中鶯里","TOWNCODE":"65000080","TOWNNAME":"鶯歌區","COUNTYNAME":"新北市"},"geometry":{"type":"Polygon","coordinates":[[[121.35489,24.95406],[121.35208,24.95182],[121.35211,24.95488],[121.35208,24.95583],[121.35451,24.95597],[121.35489,24.95406]]]}},{"type":"Feature","properties":{"VILLCODE":"65000060033","VILLNAME":"國校里","TOWNCODE":"65000060","TOWNNAME":"新店區","COUNTYNAME":"新北市"},"geometry":{"type":"Polygon","coordinates":[[[121.54302,24.95129],[121.54087,24.95185],[121.53977,24.95174],[121.53939,24.95249],[121.53847,24.9523],[121.53734,24.95367],[121.53794,24.95622],[121.5385,24.9558],[121.54068,24.9542],[121.54157,24.95555],[121.54485,24.95687],[121.54558,24.95572],[121.54532,24.95174],[121.54302,24.95129]]]}},{"type":"Feature","properties":{"VILLCODE":"65000080020","VILLNAME":"建國里","TOWNCODE":"65000080","TOWNNAME":"鶯歌區","COUNTYNAME":"新北市"},"geometry":{"type":"Polygon","coordinates":[[[121.347,24.9532],[121.34447,24.95193],[121.34368,24.9521],[121.3422,24.95471],[121.34207,24.95575],[121.34267,24.95704],[121.34419,24.95704],[121.34959,24.95704],[121.3494,24.95589],[121.3469,24.95586],[121.347,24.9532]]]}},{"type":"Feature","properties":{"VILLCODE":"65000080003","VILLNAME":"南鶯里","TOWNCODE":"65000080","TOWNNAME":"鶯歌區","COUNTYNAME":"新北市"},"geometry":{"type":"Polygon","coordinates":[[[121.35056,24.95289],[121.347,24.9532],[121.3469,24.95586],[121.3494,24.95589],[121.34959,24.95704],[121.35107,24.95707],[121.35211,24.95488],[121.35208,24.95182],[121.35056,24.95289]]]}},{"type":"Feature","properties":{"VILLCODE":"65000070026","VILLNAME":"柑園里","TOWNCODE":"65000070","TOWNNAME":"樹林區","COUNTYNAME":"新北市"},"geometry":{"type":"Polygon","coordinates":[[[121.37812,24.94557],[121.37806,24.94557],[121.37607,24.94969],[121.37736,24.95008],[121.37724,24.95154],[121.38024,24.95294],[121.38301,24.95465],[121.38327,24.95597],[121.38456,24.95645],[121.3875,24.95636],[121.39116,24.95715],[121.39476,24.95729],[121.39507,24.95645],[121.39274,24.95625],[121.39435,24.95185],[121.39523,24.9505],[121.39646,24.94938],[121.39573,24.94885],[121.39412,24.95005],[121.39289,24.95193],[121.39094,24.95266],[121.38671,24.95249],[121.38377,24.95283],[121.38267,24.9521],[121.3826,24.95106],[121.37976,24.94941],[121.37888,24.94674],[121.37812,24.94557]]]}},{"type":"Feature","properties":{"VILLCODE":"65000060031","VILLNAME":"新店里","TOWNCODE":"65000060","TOWNNAME":"新店區","COUNTYNAME":"新北市"},"geometry":{"type":"Polygon","coordinates":[[[121.53977,24.95174],[121.53699,24.95165],[121.53592,24.95303],[121.53582,24.9576],[121.53715,24.95757],[121.53794,24.95622],[121.53734,24.95367],[121.53847,24.9523],[121.53939,24.95249],[121.53977,24.95174]]]}},{"type":"Feature","properties":{"VILLCODE":"65000080008","VILLNAME":"永昌里","TOWNCODE":"65000080","TOWNNAME":"鶯歌區","COUNTYNAME":"新北市"},"geometry":{"type":"Polygon","coordinates":[[[121.34368,24.9521],[121.34233,24.95148],[121.34491,24.94969],[121.34195,24.94823],[121.33933,24.94815],[121.33797,24.94871],[121.33645,24.95025],[121.33586,24.95244],[121.33649,24.95499],[121.33854,24.95827],[121.33949,24.95827],[121.34267,24.95704],[121.34207,24.95575],[121.3422,24.95471],[121.34368,24.9521]]]}},{"type":"Feature","properties":{"VILLCODE":"65000130024","VILLNAME":"頂福里","TOWNCODE":"65000130","TOWNNAME":"土城區","COUNTYNAME":"新北市"},"geometry":{"type":"Polygon","coordinates":[[[121.41701,24.9528],[121.41578,24.95328],[121.41524,24.95485],[121.41313,24.95477],[121.41246,24.95381],[121.40997,24.95451],[121.41054,24.95622],[121.41029,24.95872],[121.41297,24.95909],[121.41474,24.95892],[121.41578,24.95836],[121.41742,24.95639],[121.41849,24.9544],[121.41701,24.9528]]]}},{"type":"Feature","properties":{"VILLCODE":"65000060011","VILLNAME":"太平里","TOWNCODE":"65000060","TOWNNAME":"新店區","COUNTYNAME":"新北市"},"geometry":{"type":"Polygon","coordinates":[[[121.53503,24.94882],[121.52982,24.95132],[121.52755,24.95244],[121.5285,24.95451],[121.52992,24.96032],[121.53033,24.96049],[121.53143,24.96096],[121.53276,24.96029],[121.53566,24.96102],[121.53582,24.9576],[121.53592,24.95303],[121.53699,24.95165],[121.53503,24.94882]]]}},{"type":"Feature","properties":{"VILLCODE":"65000060034","VILLNAME":"文中里","TOWNCODE":"65000060","TOWNNAME":"新店區","COUNTYNAME":"新北市"},"geometry":{"type":"Polygon","coordinates":[[[121.54485,24.95687],[121.54157,24.95555],[121.54068,24.9542],[121.5385,24.9558],[121.53813,24.95788],[121.54195,24.95973],[121.544,24.96144],[121.54573,24.96024],[121.54595,24.95917],[121.54693,24.95774],[121.54485,24.95687]]]}},{"type":"Feature","properties":{"VILLCODE":"65000060032","VILLNAME":"張南里","TOWNCODE":"65000060","TOWNNAME":"新店區","COUNTYNAME":"新北市"},"geometry":{"type":"Polygon","coordinates":[[[121.5385,24.9558],[121.53794,24.95622],[121.53715,24.95757],[121.53582,24.9576],[121.53566,24.96102],[121.53718,24.96141],[121.5392,24.96192],[121.53806,24.95914],[121.53813,24.95788],[121.5385,24.9558]]]}},{"type":"Feature","properties":{"VILLCODE":"65000060035","VILLNAME":"廣明里","TOWNCODE":"65000060","TOWNNAME":"新店區","COUNTYNAME":"新北市"},"geometry":{"type":"Polygon","coordinates":[[[121.544,24.96144],[121.54195,24.95973],[121.53813,24.95788],[121.53806,24.95914],[121.5392,24.96192],[121.53923,24.96197],[121.54043,24.96108],[121.54122,24.96234],[121.544,24.96144]]]}},{"type":"Feature","properties":{"VILLCODE":"65000130023","VILLNAME":"頂埔里","TOWNCODE":"65000130","TOWNNAME":"土城區","COUNTYNAME":"新北市"},"geometry":{"type":"Polygon","coordinates":[[[121.42358,24.94711],[121.42054,24.94677],[121.41931,24.94854],[121.41957,24.95031],[121.41701,24.9528],[121.41849,24.9544],[121.41742,24.95639],[121.41578,24.95836],[121.41963,24.96105],[121.42496,24.96254],[121.42629,24.96312],[121.42503,24.96139],[121.42547,24.95909],[121.42686,24.95942],[121.42705,24.95746],[121.42667,24.95345],[121.42496,24.95176],[121.42509,24.94913],[121.42358,24.94711]]]}},{"type":"Feature","properties":{"VILLCODE":"65000070023","VILLNAME":"西園里","TOWNCODE":"65000070","TOWNNAME":"樹林區","COUNTYNAME":"新北市"},"geometry":{"type":"Polygon","coordinates":[[[121.37165,24.94756],[121.3695,24.94658],[121.36796,24.94719],[121.36521,24.94731],[121.36426,24.94607],[121.36212,24.94501],[121.36139,24.94554],[121.36174,24.94674],[121.36322,24.94753],[121.36455,24.94921],[121.36594,24.9521],[121.36568,24.95263],[121.36616,24.95477],[121.36827,24.9555],[121.37231,24.9567],[121.37421,24.95833],[121.37863,24.96085],[121.38039,24.96324],[121.38134,24.96203],[121.38399,24.95833],[121.38456,24.95645],[121.38327,24.95597],[121.38301,24.95465],[121.38024,24.95294],[121.37724,24.95154],[121.37736,24.95008],[121.37607,24.94969],[121.3737,24.94874],[121.37165,24.94756]]]}},{"type":"Feature","properties":{"VILLCODE":"65000080017","VILLNAME":"永吉里","TOWNCODE":"65000080","TOWNNAME":"鶯歌區","COUNTYNAME":"新北市"},"geometry":{"type":"Polygon","coordinates":[[[121.32907,24.96026],[121.3291,24.96029],[121.33147,24.96063],[121.33339,24.9597],[121.33418,24.9608],[121.33434,24.96063],[121.33658,24.96343],[121.33832,24.96369],[121.33851,24.96245],[121.33967,24.95965],[121.33949,24.95827],[121.33854,24.95827],[121.33649,24.95499],[121.33586,24.95244],[121.33519,24.95244],[121.33406,24.9542],[121.32894,24.95594],[121.32812,24.95533],[121.32812,24.95547],[121.32869,24.95743],[121.32897,24.96007],[121.32907,24.96026]]]}},{"type":"Feature","properties":{"VILLCODE":"65000060024","VILLNAME":"雙坑里","TOWNCODE":"65000060","TOWNNAME":"新店區","COUNTYNAME":"新北市"},"geometry":{"type":"Polygon","coordinates":[[[121.59428,24.92708],[121.59273,24.927],[121.59135,24.92621],[121.59024,24.92495],[121.58797,24.9249],[121.58503,24.92804],[121.58251,24.9284],[121.58033,24.92762],[121.57831,24.93179],[121.5778,24.93356],[121.57654,24.93494],[121.57326,24.93466],[121.57143,24.93648],[121.56736,24.93682],[121.5665,24.93724],[121.56628,24.93819],[121.56499,24.93979],[121.56354,24.94329],[121.56287,24.9438],[121.56234,24.94618],[121.56243,24.94789],[121.56344,24.94719],[121.56338,24.94607],[121.56455,24.9463],[121.56575,24.94579],[121.56635,24.94439],[121.56818,24.94355],[121.56941,24.9445],[121.56988,24.94324],[121.57045,24.94537],[121.57155,24.94585],[121.57225,24.94747],[121.57455,24.94823],[121.5737,24.94935],[121.57168,24.94907],[121.57004,24.94846],[121.57023,24.9512],[121.57187,24.95263],[121.57351,24.95308],[121.5749,24.95286],[121.57623,24.95336],[121.58156,24.95339],[121.58339,24.95555],[121.58487,24.95634],[121.58813,24.9574],[121.59015,24.95751],[121.59286,24.95805],[121.59428,24.9578],[121.59636,24.9592],[121.59681,24.96063],[121.59684,24.9606],[121.59838,24.96124],[121.60107,24.96088],[121.60217,24.96122],[121.6034,24.96228],[121.60527,24.96298],[121.60845,24.96318],[121.60924,24.96402],[121.61057,24.95942],[121.61022,24.95679],[121.60773,24.95634],[121.60845,24.95199],[121.60643,24.94961],[121.60703,24.94739],[121.60672,24.94649],[121.60561,24.94638],[121.60448,24.94702],[121.60113,24.94705],[121.60069,24.94565],[121.59965,24.94495],[121.59794,24.94458],[121.59804,24.94304],[121.59943,24.94127],[121.59987,24.93914],[121.59775,24.93757],[121.5964,24.9348],[121.59652,24.93292],[121.59554,24.93115],[121.59504,24.92877],[121.59428,24.92708]]]}},{"type":"Feature","properties":{"VILLCODE":"65000060064","VILLNAME":"安昌里","TOWNCODE":"65000060","TOWNNAME":"新店區","COUNTYNAME":"新北市"},"geometry":{"type":"Polygon","coordinates":[[[121.51092,24.95959],[121.50915,24.96099],[121.50801,24.96122],[121.50981,24.96245],[121.51142,24.96419],[121.51183,24.96256],[121.51148,24.96155],[121.51212,24.9606],[121.51092,24.95959]]]}},{"type":"Feature","properties":{"VILLCODE":"65000080004","VILLNAME":"北鶯里","TOWNCODE":"65000080","TOWNNAME":"鶯歌區","COUNTYNAME":"新北市"},"geometry":{"type":"Polygon","coordinates":[[[121.363,24.9542],[121.36161,24.95247],[121.35984,24.95415],[121.35877,24.95572],[121.35697,24.95544],[121.35489,24.95406],[121.35451,24.95597],[121.35208,24.95583],[121.35366,24.95704],[121.35524,24.95704],[121.35498,24.95847],[121.35429,24.95864],[121.35378,24.96113],[121.35442,24.962],[121.35451,24.96405],[121.3571,24.96436],[121.35937,24.96399],[121.36044,24.9643],[121.36082,24.96167],[121.35925,24.9588],[121.35956,24.95622],[121.36092,24.95502],[121.363,24.9542]]]}},{"type":"Feature","properties":{"VILLCODE":"65000080002","VILLNAME":"西鶯里","TOWNCODE":"65000080","TOWNNAME":"鶯歌區","COUNTYNAME":"新北市"},"geometry":{"type":"Polygon","coordinates":[[[121.35208,24.95583],[121.35211,24.95488],[121.35107,24.95707],[121.34959,24.95704],[121.34419,24.95704],[121.34561,24.96139],[121.34943,24.96315],[121.35,24.96427],[121.35217,24.9645],[121.35451,24.96405],[121.35442,24.962],[121.35378,24.96113],[121.35429,24.95864],[121.35498,24.95847],[121.35524,24.95704],[121.35366,24.95704],[121.35208,24.95583]]]}},{"type":"Feature","properties":{"VILLCODE":"65000060036","VILLNAME":"文明里","TOWNCODE":"65000060","TOWNNAME":"新店區","COUNTYNAME":"新北市"},"geometry":{"type":"Polygon","coordinates":[[[121.54122,24.96234],[121.54043,24.96108],[121.53923,24.96197],[121.54071,24.96556],[121.54195,24.9636],[121.54122,24.96234]]]}},{"type":"Feature","properties":{"VILLCODE":"65000060016","VILLNAME":"公崙里","TOWNCODE":"65000060","TOWNNAME":"新店區","COUNTYNAME":"新北市"},"geometry":{"type":"Polygon","coordinates":[[[121.51584,24.94088],[121.51553,24.94049],[121.51309,24.9406],[121.51215,24.94186],[121.51117,24.94307],[121.50741,24.94888],[121.50694,24.95081],[121.50909,24.9542],[121.50994,24.95507],[121.51022,24.95662],[121.51139,24.95841],[121.51092,24.95959],[121.51212,24.9606],[121.51148,24.96155],[121.51183,24.96256],[121.51142,24.96419],[121.51433,24.96509],[121.51553,24.96621],[121.51732,24.96559],[121.51669,24.9638],[121.51584,24.94088]]]}},{"type":"Feature","properties":{"VILLCODE":"65000060060","VILLNAME":"香坡里","TOWNCODE":"65000060","TOWNNAME":"新店區","COUNTYNAME":"新北市"},"geometry":{"type":"Polygon","coordinates":[[[121.48232,24.95564],[121.47853,24.95569],[121.47657,24.95249],[121.47357,24.95235],[121.4708,24.95513],[121.47222,24.95614],[121.47187,24.95897],[121.47471,24.96094],[121.47869,24.96301],[121.47982,24.96394],[121.48115,24.96397],[121.48248,24.96335],[121.48428,24.96472],[121.48551,24.96475],[121.48873,24.96627],[121.48746,24.96282],[121.4874,24.96172],[121.48917,24.95791],[121.48232,24.95564]]]}},{"type":"Feature","properties":{"VILLCODE":"65000060018","VILLNAME":"雙城里","TOWNCODE":"65000060","TOWNNAME":"新店區","COUNTYNAME":"新北市"},"geometry":{"type":"Polygon","coordinates":[[[121.50255,24.93841],[121.50274,24.93648],[121.50173,24.93541],[121.50189,24.93345],[121.50145,24.93275],[121.4994,24.93149],[121.4988,24.93241],[121.4975,24.93297],[121.4963,24.93179],[121.49535,24.93196],[121.49605,24.92921],[121.49551,24.92767],[121.49428,24.92649],[121.494,24.92425],[121.49333,24.92358],[121.49472,24.92363],[121.49406,24.92307],[121.49636,24.92366],[121.4963,24.92184],[121.49378,24.91968],[121.49387,24.91738],[121.49176,24.91586],[121.49207,24.9171],[121.48993,24.91923],[121.48945,24.92049],[121.48825,24.92223],[121.48683,24.92223],[121.48522,24.9245],[121.48576,24.92624],[121.48472,24.92792],[121.4827,24.92851],[121.4802,24.92882],[121.47828,24.9286],[121.47714,24.92916],[121.47673,24.93118],[121.47724,24.93269],[121.47736,24.93611],[121.47885,24.93844],[121.47995,24.93844],[121.48137,24.9401],[121.48131,24.94119],[121.48251,24.94458],[121.48241,24.94882],[121.48513,24.94913],[121.48481,24.95154],[121.48232,24.95564],[121.48917,24.95791],[121.4874,24.96172],[121.48746,24.96282],[121.48873,24.96627],[121.49018,24.96234],[121.49087,24.9597],[121.49311,24.95636],[121.49349,24.95446],[121.49504,24.95387],[121.49403,24.95176],[121.4946,24.95081],[121.4934,24.95031],[121.49251,24.94708],[121.49302,24.94601],[121.49539,24.94436],[121.49624,24.94388],[121.49772,24.94531],[121.49857,24.94503],[121.49914,24.94422],[121.4988,24.94329],[121.50183,24.94231],[121.50176,24.94088],[121.50255,24.93841]]]}},{"type":"Feature","properties":{"VILLCODE":"65000060022","VILLNAME":"美潭里","TOWNCODE":"65000060","TOWNNAME":"新店區","COUNTYNAME":"新北市"},"geometry":{"type":"Polygon","coordinates":[[[121.56019,24.95154],[121.55716,24.95084],[121.55476,24.94977],[121.55362,24.95092],[121.54946,24.95297],[121.54864,24.95362],[121.54823,24.9553],[121.54946,24.95864],[121.55141,24.95878],[121.55198,24.95959],[121.55435,24.96144],[121.55568,24.96189],[121.55596,24.96279],[121.55514,24.96338],[121.55451,24.96483],[121.55792,24.96464],[121.55811,24.96545],[121.55991,24.9666],[121.55994,24.96657],[121.56123,24.96469],[121.56439,24.96464],[121.56486,24.96422],[121.56486,24.96419],[121.56404,24.96116],[121.56297,24.96043],[121.56126,24.96043],[121.55804,24.95578],[121.55773,24.95474],[121.55808,24.95227],[121.56019,24.95154]]]}},{"type":"Feature","properties":{"VILLCODE":"65000060023","VILLNAME":"員潭里","TOWNCODE":"65000060","TOWNNAME":"新店區","COUNTYNAME":"新北市"},"geometry":{"type":"Polygon","coordinates":[[[121.56243,24.94789],[121.56161,24.95019],[121.56019,24.95154],[121.55808,24.95227],[121.55773,24.95474],[121.55804,24.95578],[121.56126,24.96043],[121.56297,24.96043],[121.56404,24.96116],[121.56486,24.96419],[121.56486,24.96422],[121.56492,24.96416],[121.56843,24.96408],[121.57039,24.96444],[121.57297,24.96413],[121.57433,24.96528],[121.57455,24.96685],[121.57739,24.96649],[121.57866,24.96657],[121.58052,24.9654],[121.58219,24.96475],[121.58443,24.96458],[121.58573,24.96321],[121.58809,24.96369],[121.58873,24.96338],[121.59119,24.96458],[121.59194,24.96394],[121.5934,24.96422],[121.59485,24.96158],[121.59677,24.96066],[121.59681,24.96063],[121.59636,24.9592],[121.59428,24.9578],[121.59286,24.95805],[121.59015,24.95751],[121.58813,24.9574],[121.58487,24.95634],[121.58339,24.95555],[121.58156,24.95339],[121.57623,24.95336],[121.5749,24.95286],[121.57351,24.95308],[121.57187,24.95263],[121.57023,24.9512],[121.57004,24.94846],[121.57168,24.94907],[121.5737,24.94935],[121.57455,24.94823],[121.57225,24.94747],[121.57155,24.94585],[121.57045,24.94537],[121.56988,24.94324],[121.56941,24.9445],[121.56818,24.94355],[121.56635,24.94439],[121.56575,24.94579],[121.56455,24.9463],[121.56338,24.94607],[121.56344,24.94719],[121.56243,24.94789]]]}},{"type":"Feature","properties":{"VILLCODE":"65000070022","VILLNAME":"東園里","TOWNCODE":"65000070","TOWNNAME":"樹林區","COUNTYNAME":"新北市"},"geometry":{"type":"Polygon","coordinates":[[[121.39678,24.94313],[121.39583,24.9447],[121.39659,24.94573],[121.39763,24.94663],[121.39573,24.94885],[121.39646,24.94938],[121.39523,24.9505],[121.39435,24.95185],[121.39274,24.95625],[121.39507,24.95645],[121.39476,24.95729],[121.39665,24.9581],[121.39949,24.96085],[121.40262,24.96057],[121.40391,24.96085],[121.4053,24.96223],[121.4065,24.96475],[121.4071,24.96719],[121.41095,24.96713],[121.41341,24.96627],[121.41171,24.96517],[121.41041,24.96495],[121.41073,24.96399],[121.41,24.96248],[121.41029,24.95872],[121.41054,24.95622],[121.40997,24.95451],[121.40915,24.95331],[121.40757,24.95216],[121.40258,24.94817],[121.40167,24.94568],[121.4006,24.94444],[121.39725,24.94251],[121.39678,24.94313]]]}},{"type":"Feature","properties":{"VILLCODE":"65000060037","VILLNAME":"中興里","TOWNCODE":"65000060","TOWNNAME":"新店區","COUNTYNAME":"新北市"},"geometry":{"type":"Polygon","coordinates":[[[121.54823,24.9553],[121.54614,24.9551],[121.54558,24.95572],[121.54485,24.95687],[121.54693,24.95774],[121.54595,24.95917],[121.54573,24.96024],[121.544,24.96144],[121.54122,24.96234],[121.54195,24.9636],[121.54071,24.96556],[121.54112,24.96657],[121.54144,24.96747],[121.54324,24.96604],[121.5445,24.96579],[121.54551,24.96467],[121.54618,24.96478],[121.54573,24.96349],[121.54782,24.96189],[121.54804,24.96021],[121.54946,24.95864],[121.54823,24.9553]]]}},{"type":"Feature","properties":{"VILLCODE":"65000070025","VILLNAME":"北園里","TOWNCODE":"65000070","TOWNNAME":"樹林區","COUNTYNAME":"新北市"},"geometry":{"type":"Polygon","coordinates":[[[121.39476,24.95729],[121.39116,24.95715],[121.3875,24.95636],[121.38456,24.95645],[121.38399,24.95833],[121.38134,24.96203],[121.38349,24.96225],[121.38557,24.96343],[121.38791,24.9636],[121.39056,24.96565],[121.3928,24.96683],[121.39438,24.9673],[121.39643,24.9675],[121.39864,24.96719],[121.40041,24.96655],[121.40363,24.96688],[121.4071,24.96719],[121.4065,24.96475],[121.4053,24.96223],[121.40391,24.96085],[121.40262,24.96057],[121.39949,24.96085],[121.39665,24.9581],[121.39476,24.95729]]]}},{"type":"Feature","properties":{"VILLCODE":"65000060038","VILLNAME":"新生里","TOWNCODE":"65000060","TOWNNAME":"新店區","COUNTYNAME":"新北市"},"geometry":{"type":"Polygon","coordinates":[[[121.5392,24.96192],[121.53718,24.96141],[121.53702,24.96425],[121.53715,24.96683],[121.53869,24.96627],[121.53907,24.96809],[121.54112,24.96657],[121.54071,24.96556],[121.53923,24.96197],[121.5392,24.96192]]]}},{"type":"Feature","properties":{"VILLCODE":"65000060013","VILLNAME":"下城里","TOWNCODE":"65000060","TOWNNAME":"新店區","COUNTYNAME":"新北市"},"geometry":{"type":"Polygon","coordinates":[[[121.51751,24.94332],[121.51584,24.94088],[121.51669,24.9638],[121.51732,24.96559],[121.5184,24.96879],[121.52471,24.96708],[121.52455,24.96413],[121.52503,24.96402],[121.52484,24.95965],[121.52708,24.96082],[121.52777,24.9615],[121.53033,24.96049],[121.52992,24.96032],[121.5285,24.95451],[121.52755,24.95244],[121.52642,24.94983],[121.52443,24.94658],[121.5201,24.94461],[121.51909,24.9445],[121.51751,24.94332]]]}},{"type":"Feature","properties":{"VILLCODE":"65000060065","VILLNAME":"長春里","TOWNCODE":"65000060","TOWNNAME":"新店區","COUNTYNAME":"新北市"},"geometry":{"type":"Polygon","coordinates":[[[121.55451,24.96483],[121.55514,24.96338],[121.55596,24.96279],[121.55568,24.96189],[121.55435,24.96144],[121.55198,24.95959],[121.55141,24.95878],[121.54946,24.95864],[121.54804,24.96021],[121.54782,24.96189],[121.54573,24.96349],[121.54618,24.96478],[121.5476,24.96568],[121.54924,24.96859],[121.55003,24.96893],[121.55268,24.96845],[121.55451,24.96483]]]}},{"type":"Feature","properties":{"VILLCODE":"65000080019","VILLNAME":"鳳祥里","TOWNCODE":"65000080","TOWNNAME":"鶯歌區","COUNTYNAME":"新北市"},"geometry":{"type":"Polygon","coordinates":[[[121.32913,24.9604],[121.32907,24.96214],[121.32907,24.96223],[121.32872,24.96397],[121.32869,24.96411],[121.32847,24.96584],[121.32979,24.96691],[121.32885,24.96789],[121.32755,24.96713],[121.32878,24.96941],[121.32878,24.96943],[121.32882,24.96943],[121.33096,24.96747],[121.33374,24.96332],[121.33418,24.9608],[121.33339,24.9597],[121.33147,24.96063],[121.3291,24.96029],[121.32913,24.9604]]]}},{"type":"Feature","properties":{"VILLCODE":"65000060012","VILLNAME":"頂城里","TOWNCODE":"65000060","TOWNNAME":"新店區","COUNTYNAME":"新北市"},"geometry":{"type":"Polygon","coordinates":[[[121.53566,24.96102],[121.53276,24.96029],[121.53143,24.96096],[121.53033,24.96049],[121.52777,24.9615],[121.52708,24.96082],[121.52484,24.95965],[121.52503,24.96402],[121.52455,24.96413],[121.52471,24.96708],[121.52477,24.96828],[121.52575,24.96946],[121.52777,24.97075],[121.53153,24.96812],[121.53244,24.96728],[121.53431,24.96469],[121.53566,24.96102]]]}},{"type":"Feature","properties":{"VILLCODE":"65000060017","VILLNAME":"德安里","TOWNCODE":"65000060","TOWNNAME":"新店區","COUNTYNAME":"新北市"},"geometry":{"type":"Polygon","coordinates":[[[121.51215,24.94186],[121.50956,24.94113],[121.50741,24.93976],[121.50808,24.94083],[121.50804,24.94203],[121.50684,24.94383],[121.50659,24.94495],[121.50539,24.94573],[121.50394,24.94557],[121.50413,24.94989],[121.50306,24.95179],[121.50274,24.95101],[121.50157,24.95087],[121.49958,24.95356],[121.49892,24.95334],[121.4994,24.95235],[121.49826,24.95193],[121.49766,24.94846],[121.49662,24.94924],[121.49526,24.95118],[121.4946,24.95081],[121.49403,24.95176],[121.49504,24.95387],[121.49349,24.95446],[121.49311,24.95636],[121.49087,24.9597],[121.49018,24.96234],[121.48873,24.96627],[121.49043,24.9673],[121.49179,24.96739],[121.4939,24.9689],[121.49501,24.96879],[121.49696,24.97008],[121.49772,24.97075],[121.49952,24.9707],[121.50097,24.97014],[121.50337,24.96545],[121.50716,24.96085],[121.50801,24.96122],[121.50915,24.96099],[121.51092,24.95959],[121.51139,24.95841],[121.51022,24.95662],[121.50994,24.95507],[121.50909,24.9542],[121.50694,24.95081],[121.50741,24.94888],[121.51117,24.94307],[121.51215,24.94186]]]}},{"type":"Feature","properties":{"VILLCODE":"65000060039","VILLNAME":"新德里","TOWNCODE":"65000060","TOWNNAME":"新店區","COUNTYNAME":"新北市"},"geometry":{"type":"Polygon","coordinates":[[[121.54144,24.96747],[121.54112,24.96657],[121.53907,24.96809],[121.53933,24.96876],[121.54261,24.97089],[121.54144,24.96747]]]}},{"type":"Feature","properties":{"VILLCODE":"65000060041","VILLNAME":"五峯里","TOWNCODE":"65000060","TOWNNAME":"新店區","COUNTYNAME":"新北市"},"geometry":{"type":"Polygon","coordinates":[[[121.54618,24.96478],[121.54551,24.96467],[121.5445,24.96579],[121.54324,24.96604],[121.54144,24.96747],[121.54261,24.97089],[121.54529,24.96958],[121.54621,24.9696],[121.55003,24.96893],[121.54924,24.96859],[121.5476,24.96568],[121.54618,24.96478]]]}},{"type":"Feature","properties":{"VILLCODE":"65000130021","VILLNAME":"永寧里","TOWNCODE":"65000130","TOWNNAME":"土城區","COUNTYNAME":"新北市"},"geometry":{"type":"Polygon","coordinates":[[[121.44289,24.94573],[121.44087,24.94576],[121.44002,24.94529],[121.4369,24.94515],[121.4363,24.94478],[121.43475,24.94509],[121.43342,24.94481],[121.43235,24.9452],[121.42935,24.94503],[121.42793,24.94632],[121.42676,24.94686],[121.42477,24.94655],[121.42358,24.94711],[121.42509,24.94913],[121.42496,24.95176],[121.42667,24.95345],[121.42705,24.95746],[121.42686,24.95942],[121.42547,24.95909],[121.42503,24.96139],[121.42629,24.96312],[121.42629,24.96402],[121.43166,24.96789],[121.4338,24.97028],[121.43488,24.97157],[121.43383,24.96711],[121.43525,24.96369],[121.43472,24.96248],[121.43465,24.96063],[121.43551,24.9599],[121.43595,24.956],[121.43661,24.95491],[121.43608,24.95384],[121.43626,24.95263],[121.43967,24.95061],[121.43971,24.94823],[121.44289,24.94573]]]}},{"type":"Feature","properties":{"VILLCODE":"65000060045","VILLNAME":"中華里","TOWNCODE":"65000060","TOWNNAME":"新店區","COUNTYNAME":"新北市"},"geometry":{"type":"Polygon","coordinates":[[[121.53718,24.96141],[121.53566,24.96102],[121.53431,24.96469],[121.53244,24.96728],[121.53573,24.97176],[121.53822,24.97056],[121.53933,24.96876],[121.53907,24.96809],[121.53869,24.96627],[121.53715,24.96683],[121.53702,24.96425],[121.53718,24.96141]]]}},{"type":"Feature","properties":{"VILLCODE":"65000080006","VILLNAME":"建德里","TOWNCODE":"65000080","TOWNNAME":"鶯歌區","COUNTYNAME":"新北市"},"geometry":{"type":"Polygon","coordinates":[[[121.36827,24.9555],[121.36692,24.95589],[121.363,24.9542],[121.36092,24.95502],[121.35956,24.95622],[121.35925,24.9588],[121.36082,24.96167],[121.36044,24.9643],[121.36215,24.96579],[121.36423,24.96683],[121.36549,24.96671],[121.36799,24.96812],[121.3683,24.96921],[121.36916,24.96952],[121.36972,24.97145],[121.37073,24.97244],[121.3743,24.97073],[121.37525,24.96862],[121.37661,24.96739],[121.37825,24.96542],[121.38115,24.96551],[121.38226,24.96472],[121.38039,24.96324],[121.37863,24.96085],[121.37421,24.95833],[121.37231,24.9567],[121.36827,24.9555]]]}},{"type":"Feature","properties":{"VILLCODE":"65000200005","VILLNAME":"上德里","TOWNCODE":"65000200","TOWNNAME":"坪林區","COUNTYNAME":"新北市"},"geometry":{"type":"Polygon","coordinates":[[[121.76669,24.9284],[121.76562,24.92635],[121.76322,24.92492],[121.7618,24.92467],[121.75984,24.92487],[121.75675,24.92375],[121.75552,24.92285],[121.75485,24.92703],[121.75239,24.93017],[121.74775,24.93423],[121.74731,24.93558],[121.74532,24.93926],[121.74324,24.94113],[121.73999,24.94324],[121.73866,24.94343],[121.73674,24.94559],[121.73569,24.9459],[121.73383,24.94565],[121.732,24.94498],[121.73011,24.94545],[121.72878,24.94635],[121.72676,24.94702],[121.72553,24.94702],[121.72427,24.94641],[121.72263,24.94806],[121.72054,24.94918],[121.71941,24.94902],[121.71773,24.94963],[121.7159,24.95118],[121.71338,24.95098],[121.71278,24.94975],[121.71155,24.95011],[121.70918,24.94941],[121.70814,24.94876],[121.70754,24.94764],[121.7065,24.947],[121.70539,24.947],[121.70274,24.9491],[121.70094,24.95008],[121.69961,24.94989],[121.69939,24.94921],[121.69958,24.94632],[121.69652,24.94523],[121.6922,24.94649],[121.69043,24.94837],[121.68715,24.94958],[121.68487,24.95087],[121.68311,24.9512],[121.68026,24.95446],[121.68247,24.95611],[121.6832,24.95743],[121.68513,24.9583],[121.68566,24.95981],[121.68771,24.96282],[121.68882,24.96352],[121.68977,24.96343],[121.69144,24.96315],[121.69387,24.96444],[121.6975,24.96486],[121.69864,24.96467],[121.7004,24.96663],[121.70217,24.9668],[121.70315,24.96786],[121.70466,24.97064],[121.70634,24.97134],[121.70823,24.97272],[121.7112,24.97182],[121.71205,24.97241],[121.71565,24.97081],[121.71773,24.97143],[121.71821,24.97064],[121.72177,24.968],[121.7242,24.96669],[121.72616,24.96615],[121.72903,24.96377],[121.73099,24.9627],[121.73389,24.96172],[121.73617,24.95948],[121.73869,24.95903],[121.73923,24.95822],[121.73891,24.95555],[121.73945,24.9519],[121.74059,24.95017],[121.74213,24.94952],[121.74491,24.94781],[121.74551,24.94635],[121.74658,24.94495],[121.74785,24.94411],[121.74905,24.94237],[121.75179,24.94144],[121.75277,24.94024],[121.75608,24.93847],[121.75766,24.93471],[121.75978,24.93252],[121.76218,24.93132],[121.7636,24.92994],[121.76669,24.9284]]]}},{"type":"Feature","properties":{"VILLCODE":"65000060050","VILLNAME":"百福里","TOWNCODE":"65000060","TOWNNAME":"新店區","COUNTYNAME":"新北市"},"geometry":{"type":"Polygon","coordinates":[[[121.53244,24.96728],[121.53153,24.96812],[121.53349,24.97129],[121.53308,24.97199],[121.53399,24.97314],[121.53563,24.97182],[121.53573,24.97176],[121.53244,24.96728]]]}},{"type":"Feature","properties":{"VILLCODE":"65000190012","VILLNAME":"格頭里","TOWNCODE":"65000190","TOWNNAME":"石碇區","COUNTYNAME":"新北市"},"geometry":{"type":"Polygon","coordinates":[[[121.59728,24.91017],[121.59857,24.91053],[121.59706,24.91185],[121.59665,24.91446],[121.59681,24.91743],[121.59576,24.91968],[121.59561,24.92386],[121.59485,24.92506],[121.59428,24.92708],[121.59504,24.92877],[121.59554,24.93115],[121.59652,24.93292],[121.5964,24.9348],[121.59775,24.93757],[121.59987,24.93914],[121.59943,24.94127],[121.59804,24.94304],[121.59794,24.94458],[121.59965,24.94495],[121.60069,24.94565],[121.60113,24.94705],[121.60448,24.94702],[121.60561,24.94638],[121.60672,24.94649],[121.60703,24.94739],[121.60643,24.94961],[121.60845,24.95199],[121.60773,24.95634],[121.61022,24.95679],[121.61057,24.95942],[121.60924,24.96402],[121.61047,24.965],[121.61205,24.9654],[121.61366,24.96643],[121.61496,24.96615],[121.61694,24.9675],[121.61786,24.96688],[121.61963,24.96716],[121.61997,24.96927],[121.62433,24.97103],[121.62503,24.97117],[121.62888,24.97384],[121.63001,24.97145],[121.63058,24.96859],[121.63383,24.96918],[121.63623,24.96859],[121.63711,24.96772],[121.63847,24.96814],[121.64175,24.96643],[121.64299,24.96657],[121.64419,24.96559],[121.64602,24.96509],[121.64889,24.96369],[121.65132,24.96139],[121.65192,24.95945],[121.65173,24.95765],[121.65129,24.95709],[121.65119,24.95331],[121.65384,24.95092],[121.65179,24.95011],[121.64987,24.95017],[121.64848,24.95101],[121.64718,24.95084],[121.6464,24.9491],[121.64447,24.94759],[121.64327,24.94607],[121.64251,24.94416],[121.63901,24.94142],[121.63762,24.93752],[121.63828,24.93342],[121.63541,24.92989],[121.63557,24.92837],[121.63408,24.92703],[121.63266,24.92877],[121.63263,24.93062],[121.63339,24.93283],[121.6333,24.93387],[121.63241,24.93496],[121.6308,24.93555],[121.62869,24.93544],[121.62572,24.93407],[121.6236,24.93404],[121.62316,24.93337],[121.62484,24.93095],[121.62521,24.92978],[121.62496,24.92832],[121.62307,24.92436],[121.62222,24.91945],[121.62206,24.9164],[121.62105,24.91449],[121.61915,24.91261],[121.61735,24.91188],[121.6165,24.91222],[121.61619,24.91334],[121.61638,24.91525],[121.61559,24.91777],[121.61319,24.92001],[121.60915,24.92265],[121.60669,24.92346],[121.60366,24.92335],[121.60195,24.92245],[121.60066,24.92027],[121.60015,24.91626],[121.60025,24.913],[121.60094,24.90986],[121.60107,24.90787],[121.60056,24.90759],[121.59883,24.90849],[121.59728,24.91017]]]}},{"type":"Feature","properties":{"VILLCODE":"65000060014","VILLNAME":"柴埕里","TOWNCODE":"65000060","TOWNNAME":"新店區","COUNTYNAME":"新北市"},"geometry":{"type":"Polygon","coordinates":[[[121.51142,24.96419],[121.50981,24.96245],[121.50801,24.96122],[121.50716,24.96085],[121.50337,24.96545],[121.50097,24.97014],[121.50198,24.96986],[121.50284,24.97134],[121.50426,24.97269],[121.50407,24.97319],[121.50587,24.9744],[121.50719,24.97389],[121.50946,24.97221],[121.51429,24.97081],[121.51638,24.97196],[121.51941,24.97176],[121.5184,24.96879],[121.51732,24.96559],[121.51553,24.96621],[121.51433,24.96509],[121.51142,24.96419]]]}},{"type":"Feature","properties":{"VILLCODE":"65000060044","VILLNAME":"中正里","TOWNCODE":"65000060","TOWNNAME":"新店區","COUNTYNAME":"新北市"},"geometry":{"type":"Polygon","coordinates":[[[121.54261,24.97089],[121.53933,24.96876],[121.53822,24.97056],[121.53573,24.97176],[121.53563,24.97182],[121.53746,24.97446],[121.53964,24.97308],[121.54261,24.97089]]]}},{"type":"Feature","properties":{"VILLCODE":"65000130002","VILLNAME":"土城里","TOWNCODE":"65000130","TOWNNAME":"土城區","COUNTYNAME":"新北市"},"geometry":{"type":"Polygon","coordinates":[[[121.44308,24.9735],[121.441,24.97246],[121.44046,24.97272],[121.44109,24.97409],[121.44419,24.97443],[121.44438,24.97387],[121.44308,24.9735]]]}},{"type":"Feature","properties":{"VILLCODE":"65000130015","VILLNAME":"清化里","TOWNCODE":"65000130","TOWNNAME":"土城區","COUNTYNAME":"新北市"},"geometry":{"type":"Polygon","coordinates":[[[121.45751,24.9461],[121.45707,24.9461],[121.45517,24.94868],[121.45549,24.94961],[121.45464,24.95154],[121.454,24.95205],[121.45381,24.95415],[121.45426,24.95645],[121.45451,24.95937],[121.45508,24.9606],[121.45344,24.9622],[121.45271,24.96394],[121.45495,24.96615],[121.4553,24.96851],[121.45508,24.97106],[121.45571,24.97249],[121.45549,24.97359],[121.45688,24.97451],[121.45757,24.97361],[121.45959,24.97286],[121.46101,24.97187],[121.46284,24.9726],[121.46546,24.97168],[121.46688,24.97165],[121.46852,24.97333],[121.46878,24.97246],[121.4702,24.97157],[121.47092,24.97042],[121.47222,24.96929],[121.47364,24.96753],[121.47645,24.96719],[121.47736,24.96742],[121.47881,24.96699],[121.47982,24.96495],[121.47982,24.96394],[121.47869,24.96301],[121.47471,24.96094],[121.47187,24.95897],[121.47222,24.95614],[121.4708,24.95513],[121.4695,24.95449],[121.46783,24.95443],[121.46695,24.95311],[121.46691,24.95154],[121.46366,24.9493],[121.46177,24.9475],[121.45975,24.94775],[121.45751,24.9461]]]}},{"type":"Feature","properties":{"VILLCODE":"65000060046","VILLNAME":"仁愛里","TOWNCODE":"65000060","TOWNNAME":"新店區","COUNTYNAME":"新北市"},"geometry":{"type":"Polygon","coordinates":[[[121.54261,24.97089],[121.53964,24.97308],[121.54056,24.97485],[121.54119,24.97462],[121.54242,24.97266],[121.54292,24.97266],[121.54261,24.97089]]]}},{"type":"Feature","properties":{"VILLCODE":"65000130022","VILLNAME":"沛陂里","TOWNCODE":"65000130","TOWNNAME":"土城區","COUNTYNAME":"新北市"},"geometry":{"type":"Polygon","coordinates":[[[121.41578,24.95836],[121.41474,24.95892],[121.41297,24.95909],[121.41029,24.95872],[121.41,24.96248],[121.41073,24.96399],[121.41041,24.96495],[121.41171,24.96517],[121.41341,24.96627],[121.41385,24.96638],[121.41767,24.96744],[121.4207,24.968],[121.42294,24.9689],[121.42531,24.97115],[121.42667,24.97176],[121.42882,24.97207],[121.43323,24.9751],[121.43399,24.97429],[121.43276,24.97171],[121.4338,24.97028],[121.43166,24.96789],[121.42629,24.96402],[121.42629,24.96312],[121.42496,24.96254],[121.41963,24.96105],[121.41578,24.95836]]]}},{"type":"Feature","properties":{"VILLCODE":"65000130020","VILLNAME":"大安里","TOWNCODE":"65000130","TOWNNAME":"土城區","COUNTYNAME":"新北市"},"geometry":{"type":"Polygon","coordinates":[[[121.45707,24.9461],[121.45609,24.9463],[121.45574,24.94526],[121.45413,24.94436],[121.45167,24.94436],[121.45012,24.94352],[121.44823,24.94172],[121.44744,24.94133],[121.44589,24.94352],[121.44583,24.94495],[121.44419,24.94587],[121.44289,24.94573],[121.43971,24.94823],[121.43967,24.95061],[121.43626,24.95263],[121.43608,24.95384],[121.43661,24.95491],[121.43595,24.956],[121.43551,24.9599],[121.43465,24.96063],[121.43472,24.96248],[121.43525,24.96369],[121.43383,24.96711],[121.43488,24.97157],[121.43491,24.97266],[121.43721,24.97535],[121.4386,24.97507],[121.43731,24.97227],[121.43664,24.97145],[121.43854,24.97067],[121.43977,24.97073],[121.43939,24.9698],[121.44034,24.96868],[121.43929,24.96789],[121.44015,24.96722],[121.44037,24.96472],[121.44081,24.96346],[121.44191,24.96307],[121.44337,24.96169],[121.44343,24.95953],[121.44472,24.95872],[121.44744,24.95833],[121.44974,24.95737],[121.45381,24.95415],[121.454,24.95205],[121.45464,24.95154],[121.45549,24.94961],[121.45517,24.94868],[121.45707,24.9461]]]}},{"type":"Feature","properties":{"VILLCODE":"65000080015","VILLNAME":"鳳鳴里","TOWNCODE":"65000080","TOWNNAME":"鶯歌區","COUNTYNAME":"新北市"},"geometry":{"type":"Polygon","coordinates":[[[121.32882,24.96946],[121.32885,24.96952],[121.32888,24.96955],[121.33084,24.97373],[121.33383,24.97552],[121.33756,24.97238],[121.33898,24.97081],[121.33945,24.96778],[121.33829,24.96486],[121.33832,24.96369],[121.33658,24.96343],[121.33434,24.96063],[121.33418,24.9608],[121.33374,24.96332],[121.33096,24.96747],[121.32882,24.96943],[121.32878,24.96943],[121.32882,24.96946]]]}},{"type":"Feature","properties":{"VILLCODE":"65000060040","VILLNAME":"張北里","TOWNCODE":"65000060","TOWNNAME":"新店區","COUNTYNAME":"新北市"},"geometry":{"type":"Polygon","coordinates":[[[121.54621,24.9696],[121.54529,24.96958],[121.54261,24.97089],[121.54292,24.97266],[121.54296,24.97328],[121.54624,24.97552],[121.54744,24.97395],[121.54829,24.97359],[121.54753,24.97173],[121.54621,24.9696]]]}},{"type":"Feature","properties":{"VILLCODE":"65000060047","VILLNAME":"百忍里","TOWNCODE":"65000060","TOWNNAME":"新店區","COUNTYNAME":"新北市"},"geometry":{"type":"Polygon","coordinates":[[[121.53563,24.97182],[121.53399,24.97314],[121.53459,24.97457],[121.5356,24.97575],[121.53746,24.97446],[121.53563,24.97182]]]}},{"type":"Feature","properties":{"VILLCODE":"65000060061","VILLNAME":"建國里","TOWNCODE":"65000060","TOWNNAME":"新店區","COUNTYNAME":"新北市"},"geometry":{"type":"Polygon","coordinates":[[[121.53964,24.97308],[121.53746,24.97446],[121.53863,24.9758],[121.54056,24.97485],[121.53964,24.97308]]]}},{"type":"Feature","properties":{"VILLCODE":"65000060051","VILLNAME":"福民里","TOWNCODE":"65000060","TOWNNAME":"新店區","COUNTYNAME":"新北市"},"geometry":{"type":"Polygon","coordinates":[[[121.53153,24.96812],[121.52777,24.97075],[121.52913,24.97199],[121.53134,24.97518],[121.53207,24.97625],[121.53459,24.97457],[121.53399,24.97314],[121.53308,24.97199],[121.53349,24.97129],[121.53153,24.96812]]]}},{"type":"Feature","properties":{"VILLCODE":"65000190005","VILLNAME":"彭山里","TOWNCODE":"65000190","TOWNNAME":"石碇區","COUNTYNAME":"新北市"},"geometry":{"type":"Polygon","coordinates":[[[121.68026,24.95446],[121.67888,24.95418],[121.67581,24.95412],[121.6731,24.95356],[121.67092,24.95858],[121.67061,24.9613],[121.67105,24.96349],[121.67073,24.96523],[121.67149,24.96697],[121.67143,24.96901],[121.66928,24.97187],[121.66877,24.97462],[121.67124,24.9753],[121.67348,24.97555],[121.67629,24.97647],[121.67686,24.97513],[121.6796,24.97474],[121.6803,24.97378],[121.68109,24.97126],[121.68532,24.9675],[121.68844,24.96562],[121.69037,24.96641],[121.68977,24.96343],[121.68882,24.96352],[121.68771,24.96282],[121.68566,24.95981],[121.68513,24.9583],[121.6832,24.95743],[121.68247,24.95611],[121.68026,24.95446]]]}},{"type":"Feature","properties":{"VILLCODE":"65000130037","VILLNAME":"員信里","TOWNCODE":"65000130","TOWNNAME":"土城區","COUNTYNAME":"新北市"},"geometry":{"type":"Polygon","coordinates":[[[121.44308,24.9735],[121.44438,24.97387],[121.44419,24.97443],[121.44109,24.97409],[121.43851,24.97589],[121.43873,24.97695],[121.43945,24.97659],[121.44034,24.97611],[121.44173,24.9746],[121.44207,24.97499],[121.44558,24.9758],[121.44709,24.97577],[121.44772,24.97625],[121.44835,24.97518],[121.44756,24.97429],[121.44586,24.97451],[121.44365,24.97216],[121.44308,24.9735]]]}},{"type":"Feature","properties":{"VILLCODE":"65000130001","VILLNAME":"埤塘里","TOWNCODE":"65000130","TOWNNAME":"土城區","COUNTYNAME":"新北市"},"geometry":{"type":"Polygon","coordinates":[[[121.441,24.97246],[121.44308,24.9735],[121.44365,24.97216],[121.44586,24.97451],[121.44756,24.97429],[121.44835,24.97518],[121.44772,24.97625],[121.44813,24.97647],[121.45015,24.97698],[121.4511,24.97639],[121.4499,24.976],[121.44996,24.97538],[121.45217,24.9742],[121.45176,24.97302],[121.45255,24.97168],[121.45549,24.97359],[121.45571,24.97249],[121.45508,24.97106],[121.4553,24.96851],[121.45495,24.96615],[121.45271,24.96394],[121.45344,24.9622],[121.45508,24.9606],[121.45451,24.95937],[121.45426,24.95645],[121.45381,24.95415],[121.44974,24.95737],[121.44744,24.95833],[121.44472,24.95872],[121.44343,24.95953],[121.44337,24.96169],[121.44191,24.96307],[121.44081,24.96346],[121.44037,24.96472],[121.44015,24.96722],[121.43929,24.96789],[121.44034,24.96868],[121.43939,24.9698],[121.43977,24.97073],[121.44087,24.97148],[121.441,24.97246]]]}},{"type":"Feature","properties":{"VILLCODE":"65000060043","VILLNAME":"忠誠里","TOWNCODE":"65000060","TOWNNAME":"新店區","COUNTYNAME":"新北市"},"geometry":{"type":"Polygon","coordinates":[[[121.54292,24.97266],[121.54242,24.97266],[121.54119,24.97462],[121.54179,24.97734],[121.54292,24.97639],[121.54296,24.97328],[121.54292,24.97266]]]}},{"type":"Feature","properties":{"VILLCODE":"65000060042","VILLNAME":"新安里","TOWNCODE":"65000060","TOWNNAME":"新店區","COUNTYNAME":"新北市"},"geometry":{"type":"Polygon","coordinates":[[[121.54624,24.97552],[121.54296,24.97328],[121.54292,24.97639],[121.54273,24.97774],[121.54419,24.97734],[121.54624,24.97552]]]}},{"type":"Feature","properties":{"VILLCODE":"65000130013","VILLNAME":"清和里","TOWNCODE":"65000130","TOWNNAME":"土城區","COUNTYNAME":"新北市"},"geometry":{"type":"Polygon","coordinates":[[[121.46852,24.97333],[121.46688,24.97165],[121.46546,24.97168],[121.46284,24.9726],[121.46101,24.97187],[121.45959,24.97286],[121.45757,24.97361],[121.45893,24.97712],[121.46196,24.97793],[121.46647,24.97518],[121.46875,24.97364],[121.46852,24.97333]]]}},{"type":"Feature","properties":{"VILLCODE":"65000060001","VILLNAME":"國豐里","TOWNCODE":"65000060","TOWNNAME":"新店區","COUNTYNAME":"新北市"},"geometry":{"type":"Polygon","coordinates":[[[121.54119,24.97462],[121.54056,24.97485],[121.53863,24.9758],[121.5385,24.97656],[121.53993,24.97782],[121.5416,24.97866],[121.54179,24.97734],[121.54119,24.97462]]]}},{"type":"Feature","properties":{"VILLCODE":"65000130004","VILLNAME":"員仁里","TOWNCODE":"65000130","TOWNNAME":"土城區","COUNTYNAME":"新北市"},"geometry":{"type":"Polygon","coordinates":[[[121.43488,24.97157],[121.4338,24.97028],[121.43276,24.97171],[121.43399,24.97429],[121.43323,24.9751],[121.4344,24.97653],[121.43497,24.97883],[121.43873,24.97695],[121.43851,24.97589],[121.44109,24.97409],[121.44046,24.97272],[121.441,24.97246],[121.44087,24.97148],[121.43977,24.97073],[121.43854,24.97067],[121.43664,24.97145],[121.43731,24.97227],[121.4386,24.97507],[121.43721,24.97535],[121.43491,24.97266],[121.43488,24.97157]]]}},{"type":"Feature","properties":{"VILLCODE":"65000060049","VILLNAME":"福德里","TOWNCODE":"65000060","TOWNNAME":"新店區","COUNTYNAME":"新北市"},"geometry":{"type":"Polygon","coordinates":[[[121.5356,24.97575],[121.53459,24.97457],[121.53207,24.97625],[121.53349,24.97872],[121.53405,24.97886],[121.53491,24.97662],[121.5356,24.97575]]]}},{"type":"Feature","properties":{"VILLCODE":"65000130005","VILLNAME":"長風里","TOWNCODE":"65000130","TOWNNAME":"土城區","COUNTYNAME":"新北市"},"geometry":{"type":"Polygon","coordinates":[[[121.44034,24.97611],[121.43945,24.97659],[121.43955,24.97897],[121.44147,24.97816],[121.44147,24.97684],[121.44034,24.97611]]]}},{"type":"Feature","properties":{"VILLCODE":"65000060054","VILLNAME":"中央里","TOWNCODE":"65000060","TOWNNAME":"新店區","COUNTYNAME":"新北市"},"geometry":{"type":"Polygon","coordinates":[[[121.53134,24.97518],[121.52913,24.97199],[121.52777,24.97075],[121.52462,24.97258],[121.52338,24.97468],[121.52518,24.97656],[121.52455,24.97796],[121.52509,24.97855],[121.52673,24.97746],[121.52692,24.97802],[121.53134,24.97518]]]}},{"type":"Feature","properties":{"VILLCODE":"65000060048","VILLNAME":"百和里","TOWNCODE":"65000060","TOWNNAME":"新店區","COUNTYNAME":"新北市"},"geometry":{"type":"Polygon","coordinates":[[[121.53746,24.97446],[121.5356,24.97575],[121.53491,24.97662],[121.53405,24.97886],[121.53503,24.97877],[121.53592,24.97863],[121.53772,24.97687],[121.5379,24.97712],[121.5385,24.97656],[121.53863,24.9758],[121.53746,24.97446]]]}},{"type":"Feature","properties":{"VILLCODE":"65000080016","VILLNAME":"鳳福里","TOWNCODE":"65000080","TOWNNAME":"鶯歌區","COUNTYNAME":"新北市"},"geometry":{"type":"Polygon","coordinates":[[[121.32566,24.97143],[121.32487,24.97112],[121.32474,24.97109],[121.32402,24.97131],[121.32402,24.97134],[121.32367,24.97283],[121.32743,24.97474],[121.32743,24.97544],[121.32863,24.97631],[121.32714,24.97765],[121.3274,24.97844],[121.3285,24.97841],[121.32979,24.97903],[121.32983,24.97906],[121.33074,24.97934],[121.33077,24.97934],[121.33118,24.97796],[121.33383,24.97552],[121.33084,24.97373],[121.32888,24.96955],[121.32888,24.9696],[121.32834,24.97101],[121.32825,24.9728],[121.32812,24.97286],[121.32575,24.97148],[121.32566,24.97143]]]}},{"type":"Feature","properties":{"VILLCODE":"65000080013","VILLNAME":"東湖里","TOWNCODE":"65000080","TOWNNAME":"鶯歌區","COUNTYNAME":"新北市"},"geometry":{"type":"Polygon","coordinates":[[[121.36685,24.97791],[121.3689,24.97681],[121.36856,24.97552],[121.36963,24.97356],[121.37073,24.97244],[121.36972,24.97145],[121.36916,24.96952],[121.3683,24.96921],[121.36799,24.96812],[121.36549,24.96671],[121.36423,24.96683],[121.36215,24.96579],[121.36044,24.9643],[121.35937,24.96399],[121.3571,24.96436],[121.35451,24.96405],[121.35217,24.9645],[121.35202,24.96641],[121.34993,24.96814],[121.34974,24.96966],[121.35025,24.97336],[121.35303,24.97709],[121.35407,24.97779],[121.35773,24.97782],[121.35925,24.97819],[121.3612,24.97779],[121.36136,24.9788],[121.36373,24.97959],[121.36508,24.97855],[121.36685,24.97791]]]}},{"type":"Feature","properties":{"VILLCODE":"65000070016","VILLNAME":"彭厝里","TOWNCODE":"65000070","TOWNNAME":"樹林區","COUNTYNAME":"新北市"},"geometry":{"type":"Polygon","coordinates":[[[121.4207,24.968],[121.41767,24.96744],[121.41385,24.96638],[121.41423,24.96868],[121.41366,24.97263],[121.41385,24.97594],[121.41442,24.9769],[121.41897,24.97973],[121.41884,24.97953],[121.41834,24.97628],[121.41881,24.97451],[121.41808,24.97356],[121.41865,24.97185],[121.4207,24.968]]]}},{"type":"Feature","properties":{"VILLCODE":"65000070039","VILLNAME":"太順里","TOWNCODE":"65000070","TOWNNAME":"樹林區","COUNTYNAME":"新北市"},"geometry":{"type":"Polygon","coordinates":[[[121.41897,24.97973],[121.41442,24.9769],[121.41319,24.97877],[121.41543,24.97953],[121.419,24.97984],[121.41897,24.97973]]]}},{"type":"Feature","properties":{"VILLCODE":"65000070033","VILLNAME":"彭興里","TOWNCODE":"65000070","TOWNNAME":"樹林區","COUNTYNAME":"新北市"},"geometry":{"type":"Polygon","coordinates":[[[121.42882,24.97207],[121.42667,24.97176],[121.42531,24.97115],[121.42294,24.9689],[121.4207,24.968],[121.41865,24.97185],[121.41808,24.97356],[121.41881,24.97451],[121.41834,24.97628],[121.41884,24.97953],[121.42058,24.97959],[121.42468,24.9788],[121.4261,24.97945],[121.42692,24.97535],[121.4267,24.97294],[121.42882,24.97207]]]}},{"type":"Feature","properties":{"VILLCODE":"65000130045","VILLNAME":"青山里","TOWNCODE":"65000130","TOWNNAME":"土城區","COUNTYNAME":"新北市"},"geometry":{"type":"Polygon","coordinates":[[[121.46875,24.97364],[121.46647,24.97518],[121.46196,24.97793],[121.46237,24.97872],[121.46448,24.98051],[121.46789,24.97984],[121.46777,24.97819],[121.46875,24.97583],[121.4695,24.97496],[121.46875,24.97364]]]}},{"type":"Feature","properties":{"VILLCODE":"65000060002","VILLNAME":"明德里","TOWNCODE":"65000060","TOWNNAME":"新店區","COUNTYNAME":"新北市"},"geometry":{"type":"Polygon","coordinates":[[[121.54292,24.97639],[121.54179,24.97734],[121.5416,24.97866],[121.53993,24.97782],[121.5385,24.97656],[121.5379,24.97712],[121.53898,24.97788],[121.53813,24.97897],[121.5397,24.97964],[121.54191,24.9806],[121.54242,24.97891],[121.54273,24.97774],[121.54292,24.97639]]]}},{"type":"Feature","properties":{"VILLCODE":"65000080014","VILLNAME":"大湖里","TOWNCODE":"65000080","TOWNNAME":"鶯歌區","COUNTYNAME":"新北市"},"geometry":{"type":"Polygon","coordinates":[[[121.33892,24.98068],[121.34024,24.98009],[121.34141,24.98057],[121.34144,24.9806],[121.34046,24.97819],[121.33863,24.97673],[121.33907,24.97392],[121.33756,24.97238],[121.33383,24.97552],[121.33118,24.97796],[121.33077,24.97934],[121.33084,24.97934],[121.33159,24.97863],[121.33399,24.97875],[121.33469,24.97976],[121.33592,24.9799],[121.33658,24.9806],[121.33892,24.98068]]]}},{"type":"Feature","properties":{"VILLCODE":"65000130003","VILLNAME":"員林里","TOWNCODE":"65000130","TOWNNAME":"土城區","COUNTYNAME":"新北市"},"geometry":{"type":"Polygon","coordinates":[[[121.44772,24.97625],[121.44709,24.97577],[121.44558,24.9758],[121.44207,24.97499],[121.44204,24.97706],[121.44311,24.98093],[121.44826,24.97942],[121.44839,24.97813],[121.44813,24.97647],[121.44772,24.97625]]]}},{"type":"Feature","properties":{"VILLCODE":"65000070035","VILLNAME":"山佳里","TOWNCODE":"65000070","TOWNNAME":"樹林區","COUNTYNAME":"新北市"},"geometry":{"type":"Polygon","coordinates":[[[121.40363,24.96688],[121.40041,24.96655],[121.39864,24.96719],[121.39643,24.9675],[121.39438,24.9673],[121.39349,24.97047],[121.39608,24.97103],[121.39738,24.9703],[121.39848,24.97305],[121.39858,24.97457],[121.39687,24.97549],[121.39485,24.97597],[121.39466,24.97802],[121.39384,24.9795],[121.39428,24.98107],[121.39542,24.98074],[121.39652,24.97934],[121.39914,24.97779],[121.40205,24.97678],[121.40442,24.97454],[121.40451,24.97319],[121.4035,24.97213],[121.40363,24.96688]]]}},{"type":"Feature","properties":{"VILLCODE":"65000060056","VILLNAME":"安和里","TOWNCODE":"65000060","TOWNNAME":"新店區","COUNTYNAME":"新北市"},"geometry":{"type":"Polygon","coordinates":[[[121.52471,24.96708],[121.5184,24.96879],[121.51941,24.97176],[121.51638,24.97196],[121.51429,24.97081],[121.50946,24.97221],[121.50719,24.97389],[121.50587,24.9744],[121.50713,24.97594],[121.50899,24.9765],[121.51088,24.9781],[121.51183,24.97956],[121.51262,24.9799],[121.51398,24.98152],[121.5159,24.98096],[121.51723,24.97931],[121.51824,24.98035],[121.51909,24.9806],[121.52136,24.98043],[121.52225,24.97639],[121.52338,24.97468],[121.52462,24.97258],[121.52777,24.97075],[121.52575,24.96946],[121.52477,24.96828],[121.52471,24.96708]]]}},{"type":"Feature","properties":{"VILLCODE":"65000130012","VILLNAME":"清水里","TOWNCODE":"65000130","TOWNNAME":"土城區","COUNTYNAME":"新北市"},"geometry":{"type":"Polygon","coordinates":[[[121.46196,24.97793],[121.45893,24.97712],[121.45912,24.98155],[121.45962,24.98161],[121.46237,24.97872],[121.46196,24.97793]]]}},{"type":"Feature","properties":{"VILLCODE":"65000060003","VILLNAME":"大豐里","TOWNCODE":"65000060","TOWNNAME":"新店區","COUNTYNAME":"新北市"},"geometry":{"type":"Polygon","coordinates":[[[121.5379,24.97712],[121.53772,24.97687],[121.53592,24.97863],[121.53503,24.97877],[121.53835,24.98172],[121.53835,24.98077],[121.5397,24.97964],[121.53813,24.97897],[121.53898,24.97788],[121.5379,24.97712]]]}},{"type":"Feature","properties":{"VILLCODE":"65000080018","VILLNAME":"中湖里","TOWNCODE":"65000080","TOWNNAME":"鶯歌區","COUNTYNAME":"新北市"},"geometry":{"type":"Polygon","coordinates":[[[121.34144,24.9806],[121.34147,24.98063],[121.34267,24.98228],[121.34267,24.98231],[121.3427,24.98231],[121.34479,24.98029],[121.34734,24.97883],[121.34858,24.97976],[121.35009,24.97995],[121.35233,24.98085],[121.35312,24.98009],[121.35334,24.97852],[121.35397,24.97782],[121.35407,24.97779],[121.35303,24.97709],[121.35025,24.97336],[121.34974,24.96966],[121.34993,24.96814],[121.35202,24.96641],[121.35217,24.9645],[121.35,24.96427],[121.34943,24.96315],[121.34561,24.96139],[121.34419,24.95704],[121.34267,24.95704],[121.33949,24.95827],[121.33967,24.95965],[121.33851,24.96245],[121.33832,24.96369],[121.33829,24.96486],[121.33945,24.96778],[121.33898,24.97081],[121.33756,24.97238],[121.33907,24.97392],[121.33863,24.97673],[121.34046,24.97819],[121.34144,24.9806]]]}},{"type":"Feature","properties":{"VILLCODE":"65000070017","VILLNAME":"彭福里","TOWNCODE":"65000070","TOWNNAME":"樹林區","COUNTYNAME":"新北市"},"geometry":{"type":"Polygon","coordinates":[[[121.41884,24.97953],[121.41897,24.97973],[121.419,24.97984],[121.41909,24.9811],[121.41963,24.98186],[121.4219,24.98121],[121.42367,24.98208],[121.42534,24.98245],[121.42632,24.98043],[121.4261,24.97945],[121.42468,24.9788],[121.42058,24.97959],[121.41884,24.97953]]]}},{"type":"Feature","properties":{"VILLCODE":"65000030035","VILLNAME":"華新里","TOWNCODE":"65000030","TOWNNAME":"中和區","COUNTYNAME":"新北市"},"geometry":{"type":"Polygon","coordinates":[[[121.51183,24.97956],[121.51088,24.9781],[121.50899,24.9765],[121.50713,24.97594],[121.50587,24.97779],[121.50501,24.9799],[121.50495,24.98102],[121.50523,24.98178],[121.50697,24.982],[121.50868,24.9829],[121.51183,24.97956]]]}},{"type":"Feature","properties":{"VILLCODE":"65000060004","VILLNAME":"大同里","TOWNCODE":"65000060","TOWNNAME":"新店區","COUNTYNAME":"新北市"},"geometry":{"type":"Polygon","coordinates":[[[121.54191,24.9806],[121.5397,24.97964],[121.53835,24.98077],[121.53835,24.98172],[121.54056,24.98293],[121.54144,24.98293],[121.54191,24.9806]]]}},{"type":"Feature","properties":{"VILLCODE":"65000060005","VILLNAME":"江陵里","TOWNCODE":"65000060","TOWNNAME":"新店區","COUNTYNAME":"新北市"},"geometry":{"type":"Polygon","coordinates":[[[121.53503,24.97877],[121.53405,24.97886],[121.53383,24.9827],[121.54056,24.98293],[121.53835,24.98172],[121.53503,24.97877]]]}},{"type":"Feature","properties":{"VILLCODE":"65000070014","VILLNAME":"大同里","TOWNCODE":"65000070","TOWNNAME":"樹林區","COUNTYNAME":"新北市"},"geometry":{"type":"Polygon","coordinates":[[[121.41963,24.98186],[121.41909,24.9811],[121.419,24.97984],[121.41543,24.97953],[121.41502,24.98029],[121.41613,24.98186],[121.41856,24.9834],[121.41963,24.98186]]]}},{"type":"Feature","properties":{"VILLCODE":"65000130033","VILLNAME":"員福里","TOWNCODE":"65000130","TOWNNAME":"土城區","COUNTYNAME":"新北市"},"geometry":{"type":"Polygon","coordinates":[[[121.44207,24.97499],[121.44173,24.9746],[121.44034,24.97611],[121.44147,24.97684],[121.44147,24.97816],[121.43955,24.97897],[121.43945,24.97659],[121.43873,24.97695],[121.43497,24.97883],[121.43475,24.98063],[121.43563,24.98225],[121.43718,24.98377],[121.4387,24.98279],[121.44311,24.98093],[121.44204,24.97706],[121.44207,24.97499]]]}},{"type":"Feature","properties":{"VILLCODE":"65000060007","VILLNAME":"寶安里","TOWNCODE":"65000060","TOWNNAME":"新店區","COUNTYNAME":"新北市"},"geometry":{"type":"Polygon","coordinates":[[[121.54242,24.97891],[121.54191,24.9806],[121.54144,24.98293],[121.54125,24.98377],[121.54185,24.98312],[121.54479,24.98385],[121.54479,24.98382],[121.54482,24.98382],[121.54551,24.98293],[121.54441,24.98141],[121.54479,24.98093],[121.54242,24.97891]]]}},{"type":"Feature","properties":{"VILLCODE":"65000130009","VILLNAME":"柑林里","TOWNCODE":"65000130","TOWNNAME":"土城區","COUNTYNAME":"新北市"},"geometry":{"type":"Polygon","coordinates":[[[121.45688,24.97451],[121.45549,24.97359],[121.45255,24.97168],[121.45176,24.97302],[121.45217,24.9742],[121.44996,24.97538],[121.4499,24.976],[121.4511,24.97639],[121.45015,24.97698],[121.44813,24.97647],[121.44839,24.97813],[121.45157,24.98105],[121.45262,24.98009],[121.45536,24.98222],[121.45776,24.98391],[121.45808,24.9827],[121.45719,24.9811],[121.45637,24.98105],[121.45697,24.97883],[121.45615,24.97889],[121.45558,24.97779],[121.45666,24.97645],[121.45688,24.97451]]]}},{"type":"Feature","properties":{"VILLCODE":"65000070021","VILLNAME":"樂山里","TOWNCODE":"65000070","TOWNNAME":"樹林區","COUNTYNAME":"新北市"},"geometry":{"type":"Polygon","coordinates":[[[121.3689,24.97681],[121.36903,24.97681],[121.37124,24.9783],[121.37241,24.97995],[121.37683,24.9813],[121.37875,24.98321],[121.37989,24.98374],[121.38002,24.9838],[121.38096,24.9843],[121.3827,24.98419],[121.38273,24.98424],[121.38604,24.98152],[121.38816,24.9795],[121.39031,24.9753],[121.39255,24.97244],[121.39264,24.97176],[121.39049,24.97058],[121.39049,24.97005],[121.38784,24.96924],[121.38769,24.96851],[121.39056,24.96565],[121.38791,24.9636],[121.38557,24.96343],[121.38349,24.96225],[121.38134,24.96203],[121.38039,24.96324],[121.38226,24.96472],[121.38115,24.96551],[121.37825,24.96542],[121.37661,24.96739],[121.37525,24.96862],[121.3743,24.97073],[121.37073,24.97244],[121.36963,24.97356],[121.36856,24.97552],[121.3689,24.97681]]]}},{"type":"Feature","properties":{"VILLCODE":"65000030034","VILLNAME":"頂南里","TOWNCODE":"65000030","TOWNNAME":"中和區","COUNTYNAME":"新北市"},"geometry":{"type":"Polygon","coordinates":[[[121.50697,24.982],[121.50523,24.98178],[121.50495,24.98102],[121.50413,24.98312],[121.5047,24.98394],[121.50552,24.98436],[121.50697,24.982]]]}},{"type":"Feature","properties":{"VILLCODE":"65000060006","VILLNAME":"寶興里","TOWNCODE":"65000060","TOWNNAME":"新店區","COUNTYNAME":"新北市"},"geometry":{"type":"Polygon","coordinates":[[[121.54624,24.97552],[121.54419,24.97734],[121.54273,24.97774],[121.54242,24.97891],[121.54479,24.98093],[121.54441,24.98141],[121.54551,24.98293],[121.54482,24.98382],[121.54488,24.98377],[121.54709,24.98329],[121.54902,24.98374],[121.54987,24.98438],[121.5499,24.98441],[121.54999,24.98245],[121.55119,24.98093],[121.54775,24.98054],[121.54507,24.97903],[121.54715,24.97611],[121.54624,24.97552]]]}},{"type":"Feature","properties":{"VILLCODE":"65000130042","VILLNAME":"學士里","TOWNCODE":"65000130","TOWNNAME":"土城區","COUNTYNAME":"新北市"},"geometry":{"type":"Polygon","coordinates":[[[121.45536,24.98222],[121.45262,24.98009],[121.45157,24.98105],[121.45315,24.98248],[121.45164,24.98368],[121.45255,24.98452],[121.45356,24.98447],[121.45536,24.98222]]]}},{"type":"Feature","properties":{"VILLCODE":"65000030041","VILLNAME":"橫路里","TOWNCODE":"65000030","TOWNNAME":"中和區","COUNTYNAME":"新北市"},"geometry":{"type":"Polygon","coordinates":[[[121.48873,24.96627],[121.48551,24.96475],[121.48428,24.96472],[121.48248,24.96335],[121.48115,24.96397],[121.47982,24.96394],[121.47982,24.96495],[121.47881,24.96699],[121.47948,24.9677],[121.47989,24.97011],[121.47957,24.97263],[121.48184,24.97319],[121.48166,24.97361],[121.48573,24.97507],[121.48734,24.97734],[121.48936,24.97774],[121.48914,24.97931],[121.49037,24.98032],[121.49299,24.98144],[121.49693,24.98329],[121.49779,24.98391],[121.49845,24.98438],[121.49886,24.98466],[121.49883,24.9841],[121.50082,24.98304],[121.50101,24.98242],[121.4999,24.98158],[121.49775,24.98088],[121.49889,24.97992],[121.49801,24.97976],[121.49845,24.97866],[121.49709,24.97684],[121.49488,24.9753],[121.49441,24.9742],[121.49696,24.97008],[121.49501,24.96879],[121.4939,24.9689],[121.49179,24.96739],[121.49043,24.9673],[121.48873,24.96627]]]}},{"type":"Feature","properties":{"VILLCODE":"65000130019","VILLNAME":"廷寮里","TOWNCODE":"65000130","TOWNNAME":"土城區","COUNTYNAME":"新北市"},"geometry":{"type":"Polygon","coordinates":[[[121.47881,24.96699],[121.47736,24.96742],[121.47645,24.96719],[121.47364,24.96753],[121.47222,24.96929],[121.47092,24.97042],[121.4702,24.97157],[121.46878,24.97246],[121.46852,24.97333],[121.46875,24.97364],[121.4695,24.97496],[121.46875,24.97583],[121.46777,24.97819],[121.46789,24.97984],[121.46707,24.98138],[121.46717,24.98276],[121.46584,24.98444],[121.46777,24.98506],[121.46827,24.98391],[121.46982,24.98236],[121.47146,24.98363],[121.47206,24.98262],[121.47436,24.98399],[121.47417,24.98321],[121.47569,24.97934],[121.47692,24.97945],[121.47913,24.97765],[121.47941,24.97597],[121.48065,24.97538],[121.48166,24.97361],[121.48184,24.97319],[121.47957,24.97263],[121.47989,24.97011],[121.47948,24.9677],[121.47881,24.96699]]]}},{"type":"Feature","properties":{"VILLCODE":"65000030037","VILLNAME":"華南里","TOWNCODE":"65000030","TOWNNAME":"中和區","COUNTYNAME":"新北市"},"geometry":{"type":"Polygon","coordinates":[[[121.51398,24.98152],[121.51262,24.9799],[121.51183,24.97956],[121.50868,24.9829],[121.51057,24.98304],[121.5119,24.98396],[121.51218,24.98514],[121.51344,24.98511],[121.51477,24.98492],[121.51401,24.98368],[121.51398,24.98152]]]}},{"type":"Feature","properties":{"VILLCODE":"65000070019","VILLNAME":"東陽里","TOWNCODE":"65000070","TOWNNAME":"樹林區","COUNTYNAME":"新北市"},"geometry":{"type":"Polygon","coordinates":[[[121.41543,24.97953],[121.41319,24.97877],[121.41202,24.9806],[121.41048,24.9813],[121.41202,24.98222],[121.41805,24.98528],[121.41881,24.98402],[121.41856,24.9834],[121.41613,24.98186],[121.41502,24.98029],[121.41543,24.97953]]]}},{"type":"Feature","properties":{"VILLCODE":"65000200007","VILLNAME":"漁光里","TOWNCODE":"65000200","TOWNNAME":"坪林區","COUNTYNAME":"新北市"},"geometry":{"type":"Polygon","coordinates":[[[121.78074,24.9233],[121.77815,24.92529],[121.7755,24.92627],[121.77215,24.92638],[121.76669,24.9284],[121.7636,24.92994],[121.76218,24.93132],[121.75978,24.93252],[121.75766,24.93471],[121.75608,24.93847],[121.75277,24.94024],[121.75179,24.94144],[121.74905,24.94237],[121.74785,24.94411],[121.74658,24.94495],[121.74551,24.94635],[121.74491,24.94781],[121.74213,24.94952],[121.74059,24.95017],[121.73945,24.9519],[121.73891,24.95555],[121.73923,24.95822],[121.73869,24.95903],[121.73617,24.95948],[121.73389,24.96172],[121.73099,24.9627],[121.72903,24.96377],[121.72616,24.96615],[121.7242,24.96669],[121.72177,24.968],[121.71821,24.97064],[121.71773,24.97143],[121.71817,24.9749],[121.72064,24.97406],[121.72174,24.97412],[121.72468,24.97513],[121.72619,24.97468],[121.72888,24.97504],[121.73086,24.97586],[121.73314,24.97597],[121.73386,24.97642],[121.73636,24.97572],[121.73702,24.97748],[121.73765,24.97757],[121.73888,24.97978],[121.7398,24.97908],[121.74245,24.9797],[121.74412,24.9751],[121.74627,24.97518],[121.7481,24.97417],[121.74933,24.97465],[121.7522,24.97712],[121.75315,24.9767],[121.75643,24.97768],[121.75858,24.9769],[121.76066,24.97861],[121.76227,24.97891],[121.76363,24.98057],[121.76757,24.97956],[121.76944,24.97987],[121.77158,24.9797],[121.77313,24.98136],[121.77351,24.98267],[121.77559,24.98548],[121.77714,24.98486],[121.77951,24.98377],[121.78165,24.982],[121.78516,24.982],[121.78655,24.98307],[121.78961,24.98309],[121.791,24.9836],[121.79232,24.98346],[121.79289,24.98253],[121.79276,24.98079],[121.79368,24.97962],[121.79406,24.97743],[121.79387,24.97317],[121.79191,24.9703],[121.79179,24.96812],[121.79216,24.96624],[121.79068,24.96436],[121.79087,24.96237],[121.79018,24.96063],[121.79125,24.95763],[121.79112,24.95606],[121.79213,24.9546],[121.79327,24.95435],[121.79314,24.95325],[121.79232,24.95168],[121.79109,24.95126],[121.78882,24.94646],[121.78774,24.94475],[121.78797,24.94372],[121.78951,24.94057],[121.78853,24.93928],[121.78626,24.93701],[121.78601,24.93432],[121.785,24.93334],[121.78544,24.93208],[121.78481,24.93022],[121.7831,24.92882],[121.78194,24.92832],[121.78074,24.9233]]]}},{"type":"Feature","properties":{"VILLCODE":"65000030092","VILLNAME":"正南里","TOWNCODE":"65000030","TOWNNAME":"中和區","COUNTYNAME":"新北市"},"geometry":{"type":"Polygon","coordinates":[[[121.50868,24.9829],[121.50697,24.982],[121.50552,24.98436],[121.50729,24.98553],[121.50868,24.9829]]]}},{"type":"Feature","properties":{"VILLCODE":"65000130014","VILLNAME":"永豐里","TOWNCODE":"65000130","TOWNNAME":"土城區","COUNTYNAME":"新北市"},"geometry":{"type":"Polygon","coordinates":[[[121.46448,24.98051],[121.46237,24.97872],[121.45962,24.98161],[121.46092,24.98234],[121.46407,24.98565],[121.46366,24.9838],[121.46401,24.98321],[121.46319,24.98194],[121.46448,24.98051]]]}},{"type":"Feature","properties":{"VILLCODE":"65000130038","VILLNAME":"永富里","TOWNCODE":"65000130","TOWNNAME":"土城區","COUNTYNAME":"新北市"},"geometry":{"type":"Polygon","coordinates":[[[121.46789,24.97984],[121.46448,24.98051],[121.46319,24.98194],[121.46401,24.98321],[121.46366,24.9838],[121.46407,24.98565],[121.46429,24.98593],[121.46436,24.98584],[121.46584,24.98444],[121.46717,24.98276],[121.46707,24.98138],[121.46789,24.97984]]]}},{"type":"Feature","properties":{"VILLCODE":"65000130043","VILLNAME":"明德里","TOWNCODE":"65000130","TOWNNAME":"土城區","COUNTYNAME":"新北市"},"geometry":{"type":"Polygon","coordinates":[[[121.44839,24.97813],[121.44826,24.97942],[121.44813,24.98312],[121.44854,24.98427],[121.44886,24.98615],[121.44895,24.9861],[121.45119,24.98413],[121.44962,24.98248],[121.45157,24.98105],[121.44839,24.97813]]]}},{"type":"Feature","properties":{"VILLCODE":"65000060067","VILLNAME":"永平里","TOWNCODE":"65000060","TOWNNAME":"新店區","COUNTYNAME":"新北市"},"geometry":{"type":"Polygon","coordinates":[[[121.51824,24.98035],[121.51723,24.97931],[121.5159,24.98096],[121.51398,24.98152],[121.51401,24.98368],[121.51477,24.98492],[121.51537,24.98649],[121.5166,24.98576],[121.51783,24.98424],[121.51799,24.98079],[121.51824,24.98035]]]}},{"type":"Feature","properties":{"VILLCODE":"65000130029","VILLNAME":"學府里","TOWNCODE":"65000130","TOWNNAME":"土城區","COUNTYNAME":"新北市"},"geometry":{"type":"Polygon","coordinates":[[[121.45356,24.98447],[121.45255,24.98452],[121.45164,24.98368],[121.45315,24.98248],[121.45157,24.98105],[121.44962,24.98248],[121.45119,24.98413],[121.45271,24.98553],[121.4541,24.98657],[121.4547,24.98581],[121.45356,24.98447]]]}},{"type":"Feature","properties":{"VILLCODE":"65000070020","VILLNAME":"東昇里","TOWNCODE":"65000070","TOWNNAME":"樹林區","COUNTYNAME":"新北市"},"geometry":{"type":"Polygon","coordinates":[[[121.41805,24.98528],[121.41202,24.98222],[121.41048,24.9813],[121.40877,24.98035],[121.40909,24.9836],[121.40871,24.98441],[121.41341,24.98523],[121.41429,24.98663],[121.41442,24.98567],[121.41461,24.98492],[121.41594,24.98618],[121.41805,24.98528]]]}},{"type":"Feature","properties":{"VILLCODE":"65000070015","VILLNAME":"和平里","TOWNCODE":"65000070","TOWNNAME":"樹林區","COUNTYNAME":"新北市"},"geometry":{"type":"Polygon","coordinates":[[[121.42534,24.98245],[121.42367,24.98208],[121.4219,24.98121],[121.41963,24.98186],[121.41856,24.9834],[121.41881,24.98402],[121.41805,24.98528],[121.42073,24.98682],[121.42121,24.98657],[121.42165,24.98624],[121.42405,24.9864],[121.42534,24.98245]]]}},{"type":"Feature","properties":{"VILLCODE":"65000060015","VILLNAME":"永安里","TOWNCODE":"65000060","TOWNNAME":"新店區","COUNTYNAME":"新北市"},"geometry":{"type":"Polygon","coordinates":[[[121.52136,24.98043],[121.51909,24.9806],[121.51824,24.98035],[121.51799,24.98079],[121.51783,24.98424],[121.5166,24.98576],[121.51777,24.98657],[121.51953,24.98685],[121.522,24.98464],[121.5213,24.98335],[121.52136,24.98043]]]}},{"type":"Feature","properties":{"VILLCODE":"65000130041","VILLNAME":"中正里","TOWNCODE":"65000130","TOWNNAME":"土城區","COUNTYNAME":"新北市"},"geometry":{"type":"Polygon","coordinates":[[[121.45776,24.98391],[121.45536,24.98222],[121.45356,24.98447],[121.4547,24.98581],[121.45524,24.98509],[121.45744,24.98688],[121.45833,24.9861],[121.45738,24.9848],[121.45776,24.98391]]]}},{"type":"Feature","properties":{"VILLCODE":"65000070036","VILLNAME":"中山里","TOWNCODE":"65000070","TOWNNAME":"樹林區","COUNTYNAME":"新北市"},"geometry":{"type":"Polygon","coordinates":[[[121.38273,24.98424],[121.38276,24.98427],[121.38437,24.98553],[121.38456,24.98567],[121.38462,24.98567],[121.38497,24.98573],[121.3856,24.98635],[121.3856,24.9864],[121.38753,24.98699],[121.38939,24.98551],[121.39188,24.98273],[121.39428,24.98107],[121.39384,24.9795],[121.39466,24.97802],[121.39485,24.97597],[121.39687,24.97549],[121.39858,24.97457],[121.39848,24.97305],[121.39738,24.9703],[121.39608,24.97103],[121.39349,24.97047],[121.39438,24.9673],[121.3928,24.96683],[121.39056,24.96565],[121.38769,24.96851],[121.38784,24.96924],[121.39049,24.97005],[121.39049,24.97058],[121.39264,24.97176],[121.39255,24.97244],[121.39031,24.9753],[121.38816,24.9795],[121.38604,24.98152],[121.38273,24.98424]]]}},{"type":"Feature","properties":{"VILLCODE":"65000060052","VILLNAME":"中山里","TOWNCODE":"65000060","TOWNNAME":"新店區","COUNTYNAME":"新北市"},"geometry":{"type":"Polygon","coordinates":[[[121.53207,24.97625],[121.53134,24.97518],[121.52692,24.97802],[121.52673,24.97746],[121.52509,24.97855],[121.52455,24.97796],[121.52518,24.97656],[121.52338,24.97468],[121.52225,24.97639],[121.52136,24.98043],[121.5213,24.98335],[121.522,24.98464],[121.52253,24.98511],[121.52354,24.98388],[121.52534,24.98514],[121.52739,24.98702],[121.5278,24.98702],[121.53229,24.98307],[121.53374,24.98009],[121.53405,24.97886],[121.53349,24.97872],[121.53207,24.97625]]]}},{"type":"Feature","properties":{"VILLCODE":"65000130046","VILLNAME":"金城里","TOWNCODE":"65000130","TOWNNAME":"土城區","COUNTYNAME":"新北市"},"geometry":{"type":"Polygon","coordinates":[[[121.46777,24.98506],[121.46584,24.98444],[121.46436,24.98584],[121.46644,24.98702],[121.46777,24.98506]]]}},{"type":"Feature","properties":{"VILLCODE":"65000130007","VILLNAME":"日和里","TOWNCODE":"65000130","TOWNNAME":"土城區","COUNTYNAME":"新北市"},"geometry":{"type":"Polygon","coordinates":[[[121.44826,24.97942],[121.44311,24.98093],[121.4387,24.98279],[121.43718,24.98377],[121.43775,24.98497],[121.43844,24.98646],[121.43936,24.98736],[121.44321,24.98593],[121.4445,24.98495],[121.44697,24.98433],[121.44854,24.98427],[121.44813,24.98312],[121.44826,24.97942]]]}},{"type":"Feature","properties":{"VILLCODE":"65000030042","VILLNAME":"內南里","TOWNCODE":"65000030","TOWNNAME":"中和區","COUNTYNAME":"新北市"},"geometry":{"type":"Polygon","coordinates":[[[121.50097,24.97014],[121.49952,24.9707],[121.49772,24.97075],[121.49696,24.97008],[121.49441,24.9742],[121.49488,24.9753],[121.49709,24.97684],[121.49845,24.97866],[121.49801,24.97976],[121.49889,24.97992],[121.49775,24.98088],[121.4999,24.98158],[121.50101,24.98242],[121.50082,24.98304],[121.49883,24.9841],[121.49886,24.98466],[121.50236,24.98604],[121.50261,24.98691],[121.50378,24.98663],[121.50479,24.98509],[121.5047,24.98394],[121.50413,24.98312],[121.50495,24.98102],[121.50501,24.9799],[121.50587,24.97779],[121.50713,24.97594],[121.50587,24.9744],[121.50407,24.97319],[121.50426,24.97269],[121.50284,24.97134],[121.50198,24.96986],[121.50097,24.97014]]]}},{"type":"Feature","properties":{"VILLCODE":"65000060058","VILLNAME":"寶福里","TOWNCODE":"65000060","TOWNNAME":"新店區","COUNTYNAME":"新北市"},"geometry":{"type":"Polygon","coordinates":[[[121.55991,24.9666],[121.55811,24.96545],[121.55792,24.96464],[121.55451,24.96483],[121.55268,24.96845],[121.55003,24.96893],[121.54621,24.9696],[121.54753,24.97173],[121.54829,24.97359],[121.54744,24.97395],[121.54624,24.97552],[121.54715,24.97611],[121.54507,24.97903],[121.54775,24.98054],[121.55119,24.98093],[121.54999,24.98245],[121.5499,24.98441],[121.54996,24.98447],[121.55104,24.98587],[121.55066,24.98688],[121.55069,24.98694],[121.55069,24.98696],[121.55151,24.98739],[121.55284,24.98638],[121.55284,24.98638],[121.55284,24.98635],[121.55378,24.9852],[121.55359,24.98326],[121.55356,24.98312],[121.55312,24.97973],[121.55312,24.97967],[121.55369,24.97743],[121.5552,24.9765],[121.5552,24.97647],[121.5552,24.97647],[121.55523,24.97642],[121.55609,24.97336],[121.55748,24.97227],[121.55849,24.96854],[121.55991,24.96663],[121.55991,24.9666]]]}},{"type":"Feature","properties":{"VILLCODE":"65000130027","VILLNAME":"樂利里","TOWNCODE":"65000130","TOWNNAME":"土城區","COUNTYNAME":"新北市"},"geometry":{"type":"Polygon","coordinates":[[[121.45119,24.98413],[121.44895,24.9861],[121.44943,24.98663],[121.44899,24.98795],[121.44927,24.98781],[121.45034,24.98713],[121.45271,24.98553],[121.45119,24.98413]]]}},{"type":"Feature","properties":{"VILLCODE":"65000010124","VILLNAME":"溪福里","TOWNCODE":"65000010","TOWNNAME":"板橋區","COUNTYNAME":"新北市"},"geometry":{"type":"Polygon","coordinates":[[[121.43323,24.9751],[121.42882,24.97207],[121.4267,24.97294],[121.42692,24.97535],[121.4261,24.97945],[121.42632,24.98043],[121.42673,24.98144],[121.42657,24.98405],[121.42556,24.98537],[121.4273,24.98691],[121.42919,24.98797],[121.42951,24.98778],[121.43055,24.98702],[121.43128,24.98789],[121.43775,24.98497],[121.43718,24.98377],[121.43563,24.98225],[121.43475,24.98063],[121.43497,24.97883],[121.4344,24.97653],[121.43323,24.9751]]]}},{"type":"Feature","properties":{"VILLCODE":"65000130017","VILLNAME":"峯廷里","TOWNCODE":"65000130","TOWNNAME":"土城區","COUNTYNAME":"新北市"},"geometry":{"type":"Polygon","coordinates":[[[121.47146,24.98363],[121.46982,24.98236],[121.46827,24.98391],[121.46777,24.98506],[121.46644,24.98702],[121.46837,24.98803],[121.46846,24.98811],[121.47042,24.98506],[121.47102,24.98525],[121.47146,24.98363]]]}},{"type":"Feature","properties":{"VILLCODE":"65000030080","VILLNAME":"福南里","TOWNCODE":"65000030","TOWNNAME":"中和區","COUNTYNAME":"新北市"},"geometry":{"type":"Polygon","coordinates":[[[121.50552,24.98436],[121.5047,24.98394],[121.50479,24.98509],[121.50378,24.98663],[121.50511,24.98783],[121.50688,24.9882],[121.50681,24.98612],[121.50795,24.98668],[121.50852,24.98629],[121.50729,24.98553],[121.50552,24.98436]]]}},{"type":"Feature","properties":{"VILLCODE":"65000060008","VILLNAME":"信義里","TOWNCODE":"65000060","TOWNNAME":"新店區","COUNTYNAME":"新北市"},"geometry":{"type":"Polygon","coordinates":[[[121.54479,24.98385],[121.54185,24.98312],[121.54125,24.98377],[121.54005,24.98671],[121.5398,24.98775],[121.53983,24.98775],[121.54213,24.98803],[121.5422,24.98803],[121.54223,24.98803],[121.54226,24.98803],[121.54242,24.98806],[121.54419,24.9882],[121.54482,24.98702],[121.54415,24.98503],[121.54479,24.98385]]]}},{"type":"Feature","properties":{"VILLCODE":"65000070010","VILLNAME":"樹南里","TOWNCODE":"65000070","TOWNNAME":"樹林區","COUNTYNAME":"新北市"},"geometry":{"type":"Polygon","coordinates":[[[121.41805,24.98528],[121.41594,24.98618],[121.41461,24.98492],[121.41442,24.98567],[121.416,24.9871],[121.41641,24.98657],[121.41821,24.98834],[121.42073,24.98682],[121.41805,24.98528]]]}},{"type":"Feature","properties":{"VILLCODE":"65000060066","VILLNAME":"新和里","TOWNCODE":"65000060","TOWNNAME":"新店區","COUNTYNAME":"新北市"},"geometry":{"type":"Polygon","coordinates":[[[121.5166,24.98576],[121.51537,24.98649],[121.5154,24.98649],[121.51713,24.98786],[121.51783,24.98767],[121.51887,24.98831],[121.52162,24.98834],[121.52345,24.98789],[121.52253,24.98511],[121.522,24.98464],[121.51953,24.98685],[121.51777,24.98657],[121.5166,24.98576]]]}},{"type":"Feature","properties":{"VILLCODE":"65000030039","VILLNAME":"崇南里","TOWNCODE":"65000030","TOWNNAME":"中和區","COUNTYNAME":"新北市"},"geometry":{"type":"Polygon","coordinates":[[[121.51477,24.98492],[121.51344,24.98511],[121.51347,24.98595],[121.51212,24.98612],[121.51208,24.98671],[121.51316,24.98848],[121.51398,24.98696],[121.5154,24.98649],[121.51537,24.98649],[121.51477,24.98492]]]}},{"type":"Feature","properties":{"VILLCODE":"65000130028","VILLNAME":"廣福里","TOWNCODE":"65000130","TOWNNAME":"土城區","COUNTYNAME":"新北市"},"geometry":{"type":"Polygon","coordinates":[[[121.4547,24.98581],[121.4541,24.98657],[121.45546,24.98753],[121.45729,24.9884],[121.45937,24.98851],[121.45833,24.9861],[121.45744,24.98688],[121.45524,24.98509],[121.4547,24.98581]]]}},{"type":"Feature","properties":{"VILLCODE":"65000190004","VILLNAME":"烏塗里","TOWNCODE":"65000190","TOWNNAME":"石碇區","COUNTYNAME":"新北市"},"geometry":{"type":"Polygon","coordinates":[[[121.66717,24.95247],[121.66527,24.95376],[121.66391,24.95387],[121.66155,24.95241],[121.65757,24.95165],[121.65602,24.9516],[121.65384,24.95092],[121.65119,24.95331],[121.65129,24.95709],[121.65173,24.95765],[121.65192,24.95945],[121.65132,24.96139],[121.64889,24.96369],[121.64602,24.96509],[121.64419,24.96559],[121.64299,24.96657],[121.64175,24.96643],[121.63847,24.96814],[121.63711,24.96772],[121.63623,24.96859],[121.63383,24.96918],[121.63058,24.96859],[121.63001,24.97145],[121.62888,24.97384],[121.6315,24.97547],[121.6339,24.97768],[121.63674,24.9788],[121.63759,24.97998],[121.63907,24.98057],[121.64103,24.98046],[121.64479,24.9822],[121.64772,24.98391],[121.65091,24.98492],[121.65476,24.98638],[121.65675,24.98825],[121.65956,24.98868],[121.66076,24.98845],[121.66189,24.98739],[121.66385,24.98576],[121.6665,24.97987],[121.66625,24.97751],[121.66679,24.976],[121.66877,24.97462],[121.66928,24.97187],[121.67143,24.96901],[121.67149,24.96697],[121.67073,24.96523],[121.67105,24.96349],[121.67061,24.9613],[121.67092,24.95858],[121.6731,24.95356],[121.67073,24.95263],[121.6684,24.95224],[121.66717,24.95247]]]}},{"type":"Feature","properties":{"VILLCODE":"65000030038","VILLNAME":"忠孝里","TOWNCODE":"65000030","TOWNNAME":"中和區","COUNTYNAME":"新北市"},"geometry":{"type":"Polygon","coordinates":[[[121.51057,24.98304],[121.50868,24.9829],[121.50729,24.98553],[121.50852,24.98629],[121.50987,24.98725],[121.50975,24.98879],[121.51082,24.98601],[121.50969,24.98559],[121.51057,24.98304]]]}},{"type":"Feature","properties":{"VILLCODE":"65000060062","VILLNAME":"復興里","TOWNCODE":"65000060","TOWNNAME":"新店區","COUNTYNAME":"新北市"},"geometry":{"type":"Polygon","coordinates":[[[121.54144,24.98293],[121.54056,24.98293],[121.53383,24.9827],[121.53405,24.97886],[121.53374,24.98009],[121.53229,24.98307],[121.5278,24.98702],[121.53033,24.98918],[121.53765,24.98682],[121.54005,24.98671],[121.54125,24.98377],[121.54144,24.98293]]]}},{"type":"Feature","properties":{"VILLCODE":"65000130006","VILLNAME":"日新里","TOWNCODE":"65000130","TOWNNAME":"土城區","COUNTYNAME":"新北市"},"geometry":{"type":"Polygon","coordinates":[[[121.44886,24.98615],[121.44854,24.98427],[121.44697,24.98433],[121.4445,24.98495],[121.44321,24.98593],[121.43936,24.98736],[121.44008,24.98817],[121.44021,24.98932],[121.44233,24.98825],[121.44299,24.98932],[121.44365,24.98884],[121.4427,24.98842],[121.4476,24.9859],[121.44886,24.98615]]]}},{"type":"Feature","properties":{"VILLCODE":"65000070037","VILLNAME":"育英里","TOWNCODE":"65000070","TOWNNAME":"樹林區","COUNTYNAME":"新北市"},"geometry":{"type":"Polygon","coordinates":[[[121.42121,24.98657],[121.42073,24.98682],[121.41821,24.98834],[121.419,24.98946],[121.4226,24.98907],[121.42335,24.98865],[121.42231,24.98727],[121.42121,24.98657]]]}},{"type":"Feature","properties":{"VILLCODE":"65000030052","VILLNAME":"錦和里","TOWNCODE":"65000030","TOWNNAME":"中和區","COUNTYNAME":"新北市"},"geometry":{"type":"Polygon","coordinates":[[[121.49299,24.98144],[121.49037,24.98032],[121.48914,24.97931],[121.48904,24.9804],[121.48806,24.98256],[121.48661,24.9845],[121.48428,24.98604],[121.48778,24.9887],[121.49109,24.9896],[121.49214,24.98817],[121.49248,24.98638],[121.49166,24.98329],[121.49299,24.98144]]]}},{"type":"Feature","properties":{"VILLCODE":"65000130010","VILLNAME":"埤林里","TOWNCODE":"65000130","TOWNNAME":"土城區","COUNTYNAME":"新北市"},"geometry":{"type":"Polygon","coordinates":[[[121.4541,24.98657],[121.45271,24.98553],[121.45034,24.98713],[121.45217,24.98859],[121.45249,24.98952],[121.45454,24.98974],[121.45546,24.98753],[121.4541,24.98657]]]}},{"type":"Feature","properties":{"VILLCODE":"65000030036","VILLNAME":"東南里","TOWNCODE":"65000030","TOWNNAME":"中和區","COUNTYNAME":"新北市"},"geometry":{"type":"Polygon","coordinates":[[[121.51344,24.98511],[121.51218,24.98514],[121.5119,24.98396],[121.51057,24.98304],[121.50969,24.98559],[121.51082,24.98601],[121.50975,24.98879],[121.51047,24.98977],[121.51208,24.98671],[121.51212,24.98612],[121.51347,24.98595],[121.51344,24.98511]]]}},{"type":"Feature","properties":{"VILLCODE":"65000130040","VILLNAME":"延和里","TOWNCODE":"65000130","TOWNNAME":"土城區","COUNTYNAME":"新北市"},"geometry":{"type":"Polygon","coordinates":[[[121.46436,24.98584],[121.46429,24.98593],[121.46278,24.98828],[121.4613,24.98929],[121.4631,24.9891],[121.46508,24.98994],[121.46647,24.98806],[121.46644,24.98702],[121.46436,24.98584]]]}},{"type":"Feature","properties":{"VILLCODE":"65000130016","VILLNAME":"清溪里","TOWNCODE":"65000130","TOWNNAME":"土城區","COUNTYNAME":"新北市"},"geometry":{"type":"Polygon","coordinates":[[[121.45962,24.98161],[121.45912,24.98155],[121.45928,24.98273],[121.45883,24.98444],[121.46044,24.99002],[121.4613,24.98929],[121.46278,24.98828],[121.46429,24.98593],[121.46407,24.98565],[121.46092,24.98234],[121.45962,24.98161]]]}},{"type":"Feature","properties":{"VILLCODE":"65000030040","VILLNAME":"景南里","TOWNCODE":"65000030","TOWNNAME":"中和區","COUNTYNAME":"新北市"},"geometry":{"type":"Polygon","coordinates":[[[121.51783,24.98767],[121.51713,24.98786],[121.5154,24.98649],[121.51398,24.98696],[121.51316,24.98848],[121.51278,24.98921],[121.51486,24.98955],[121.51483,24.98994],[121.51606,24.99027],[121.51682,24.98957],[121.51783,24.98767]]]}},{"type":"Feature","properties":{"VILLCODE":"65000030044","VILLNAME":"外南里","TOWNCODE":"65000030","TOWNNAME":"中和區","COUNTYNAME":"新北市"},"geometry":{"type":"Polygon","coordinates":[[[121.50378,24.98663],[121.50261,24.98691],[121.50284,24.99025],[121.50378,24.9903],[121.50571,24.98977],[121.50678,24.99002],[121.50735,24.9894],[121.50688,24.9882],[121.50511,24.98783],[121.50378,24.98663]]]}},{"type":"Feature","properties":{"VILLCODE":"65000130039","VILLNAME":"學成里","TOWNCODE":"65000130","TOWNNAME":"土城區","COUNTYNAME":"新北市"},"geometry":{"type":"Polygon","coordinates":[[[121.45034,24.98713],[121.44927,24.98781],[121.45142,24.99013],[121.45265,24.99016],[121.45249,24.98952],[121.45217,24.98859],[121.45034,24.98713]]]}},{"type":"Feature","properties":{"VILLCODE":"65000010099","VILLNAME":"溪洲里","TOWNCODE":"65000010","TOWNNAME":"板橋區","COUNTYNAME":"新北市"},"geometry":{"type":"Polygon","coordinates":[[[121.42919,24.98797],[121.4273,24.98691],[121.42556,24.98537],[121.42446,24.98705],[121.42455,24.98842],[121.4261,24.99041],[121.42919,24.98797]]]}},{"type":"Feature","properties":{"VILLCODE":"65000030043","VILLNAME":"壽南里","TOWNCODE":"65000030","TOWNNAME":"中和區","COUNTYNAME":"新北市"},"geometry":{"type":"Polygon","coordinates":[[[121.50852,24.98629],[121.50795,24.98668],[121.50681,24.98612],[121.50688,24.9882],[121.50735,24.9894],[121.50678,24.99002],[121.50703,24.99041],[121.50839,24.98991],[121.50975,24.98879],[121.50987,24.98725],[121.50852,24.98629]]]}},{"type":"Feature","properties":{"VILLCODE":"65000130032","VILLNAME":"青雲里","TOWNCODE":"65000130","TOWNNAME":"土城區","COUNTYNAME":"新北市"},"geometry":{"type":"Polygon","coordinates":[[[121.45757,24.97361],[121.45688,24.97451],[121.45666,24.97645],[121.45558,24.97779],[121.45615,24.97889],[121.45697,24.97883],[121.45637,24.98105],[121.45719,24.9811],[121.45808,24.9827],[121.45776,24.98391],[121.45738,24.9848],[121.45833,24.9861],[121.45937,24.98851],[121.46019,24.99044],[121.46044,24.99005],[121.46044,24.99002],[121.45883,24.98444],[121.45928,24.98273],[121.45912,24.98155],[121.45893,24.97712],[121.45757,24.97361]]]}},{"type":"Feature","properties":{"VILLCODE":"65000030053","VILLNAME":"錦昌里","TOWNCODE":"65000030","TOWNNAME":"中和區","COUNTYNAME":"新北市"},"geometry":{"type":"Polygon","coordinates":[[[121.49779,24.98391],[121.49693,24.98329],[121.49299,24.98144],[121.49166,24.98329],[121.49248,24.98638],[121.49214,24.98817],[121.49109,24.9896],[121.49169,24.99058],[121.49324,24.98949],[121.49302,24.98898],[121.49542,24.98806],[121.49662,24.98635],[121.49779,24.98391]]]}},{"type":"Feature","properties":{"VILLCODE":"65000010112","VILLNAME":"堂春里","TOWNCODE":"65000010","TOWNNAME":"板橋區","COUNTYNAME":"新北市"},"geometry":{"type":"Polygon","coordinates":[[[121.43936,24.98736],[121.43844,24.98646],[121.43775,24.98497],[121.43128,24.98789],[121.43055,24.98702],[121.42951,24.98778],[121.43125,24.99061],[121.43251,24.99002],[121.43488,24.98918],[121.43626,24.98901],[121.43759,24.98918],[121.43926,24.9903],[121.44034,24.9905],[121.44021,24.98932],[121.44008,24.98817],[121.43936,24.98736]]]}},{"type":"Feature","properties":{"VILLCODE":"65000130044","VILLNAME":"廣興里","TOWNCODE":"65000130","TOWNNAME":"土城區","COUNTYNAME":"新北市"},"geometry":{"type":"Polygon","coordinates":[[[121.45937,24.98851],[121.45729,24.9884],[121.45546,24.98753],[121.45454,24.98974],[121.45978,24.99067],[121.46019,24.99044],[121.45937,24.98851]]]}},{"type":"Feature","properties":{"VILLCODE":"65000130031","VILLNAME":"安和里","TOWNCODE":"65000130","TOWNNAME":"土城區","COUNTYNAME":"新北市"},"geometry":{"type":"Polygon","coordinates":[[[121.46837,24.98803],[121.46644,24.98702],[121.46647,24.98806],[121.46508,24.98994],[121.46556,24.99016],[121.4666,24.99075],[121.46837,24.98803]]]}},{"type":"Feature","properties":{"VILLCODE":"65000070011","VILLNAME":"樹人里","TOWNCODE":"65000070","TOWNNAME":"樹林區","COUNTYNAME":"新北市"},"geometry":{"type":"Polygon","coordinates":[[[121.41442,24.98567],[121.41429,24.98663],[121.41357,24.99058],[121.41499,24.99064],[121.41584,24.98971],[121.41821,24.98834],[121.41641,24.98657],[121.416,24.9871],[121.41442,24.98567]]]}},{"type":"Feature","properties":{"VILLCODE":"65000030079","VILLNAME":"景本里","TOWNCODE":"65000030","TOWNNAME":"中和區","COUNTYNAME":"新北市"},"geometry":{"type":"Polygon","coordinates":[[[121.51483,24.98994],[121.51486,24.98955],[121.51278,24.98921],[121.51186,24.99117],[121.51275,24.99089],[121.51423,24.99145],[121.51483,24.98994]]]}},{"type":"Feature","properties":{"VILLCODE":"65000130034","VILLNAME":"延吉里","TOWNCODE":"65000130","TOWNNAME":"土城區","COUNTYNAME":"新北市"},"geometry":{"type":"Polygon","coordinates":[[[121.47436,24.98399],[121.47206,24.98262],[121.47146,24.98363],[121.47102,24.98525],[121.47042,24.98506],[121.46846,24.98811],[121.46909,24.98845],[121.47171,24.98988],[121.47578,24.99145],[121.4767,24.99081],[121.47752,24.99095],[121.47973,24.99033],[121.47847,24.98795],[121.47686,24.98584],[121.47484,24.98402],[121.47436,24.98399]]]}},{"type":"Feature","properties":{"VILLCODE":"65000030078","VILLNAME":"興南里","TOWNCODE":"65000030","TOWNNAME":"中和區","COUNTYNAME":"新北市"},"geometry":{"type":"Polygon","coordinates":[[[121.51316,24.98848],[121.51208,24.98671],[121.51047,24.98977],[121.51164,24.99154],[121.51186,24.99117],[121.51278,24.98921],[121.51316,24.98848]]]}},{"type":"Feature","properties":{"VILLCODE":"65000130047","VILLNAME":"延祿里","TOWNCODE":"65000130","TOWNNAME":"土城區","COUNTYNAME":"新北市"},"geometry":{"type":"Polygon","coordinates":[[[121.47171,24.98988],[121.46909,24.98845],[121.46893,24.99039],[121.46944,24.99165],[121.47171,24.98988]]]}},{"type":"Feature","properties":{"VILLCODE":"65000030086","VILLNAME":"錦盛里","TOWNCODE":"65000030","TOWNNAME":"中和區","COUNTYNAME":"新北市"},"geometry":{"type":"Polygon","coordinates":[[[121.49845,24.98438],[121.49779,24.98391],[121.49662,24.98635],[121.49542,24.98806],[121.49302,24.98898],[121.49324,24.98949],[121.49169,24.99058],[121.49393,24.99114],[121.49447,24.99179],[121.49561,24.99106],[121.4975,24.99078],[121.49734,24.98842],[121.49864,24.98615],[121.49845,24.98438]]]}},{"type":"Feature","properties":{"VILLCODE":"65000190001","VILLNAME":"石碇里","TOWNCODE":"65000190","TOWNNAME":"石碇區","COUNTYNAME":"新北市"},"geometry":{"type":"Polygon","coordinates":[[[121.66189,24.98739],[121.66076,24.98845],[121.65956,24.98868],[121.65675,24.98825],[121.65476,24.98638],[121.65479,24.98761],[121.65246,24.99086],[121.65356,24.99199],[121.65694,24.99103],[121.65823,24.991],[121.65975,24.99156],[121.66205,24.99078],[121.66322,24.98932],[121.66287,24.9882],[121.66189,24.98739]]]}},{"type":"Feature","properties":{"VILLCODE":"65000030032","VILLNAME":"秀峰里","TOWNCODE":"65000030","TOWNNAME":"中和區","COUNTYNAME":"新北市"},"geometry":{"type":"Polygon","coordinates":[[[121.52162,24.98834],[121.51887,24.98831],[121.51783,24.98767],[121.51682,24.98957],[121.51606,24.99027],[121.51698,24.99207],[121.51739,24.99201],[121.52102,24.991],[121.52127,24.99095],[121.52162,24.98834]]]}},{"type":"Feature","properties":{"VILLCODE":"65000060009","VILLNAME":"忠孝里","TOWNCODE":"65000060","TOWNNAME":"新店區","COUNTYNAME":"新北市"},"geometry":{"type":"Polygon","coordinates":[[[121.5398,24.98775],[121.54005,24.98671],[121.53765,24.98682],[121.53033,24.98918],[121.53169,24.99053],[121.53336,24.9921],[121.53342,24.99213],[121.53409,24.99072],[121.53699,24.99109],[121.53699,24.991],[121.53658,24.98971],[121.53686,24.98873],[121.53819,24.98797],[121.53977,24.98775],[121.5398,24.98775]]]}},{"type":"Feature","properties":{"VILLCODE":"65000030082","VILLNAME":"吉興里","TOWNCODE":"65000030","TOWNNAME":"中和區","COUNTYNAME":"新北市"},"geometry":{"type":"Polygon","coordinates":[[[121.50678,24.99002],[121.50571,24.98977],[121.50378,24.9903],[121.50451,24.99184],[121.50407,24.99235],[121.5046,24.99227],[121.50703,24.99041],[121.50678,24.99002]]]}},{"type":"Feature","properties":{"VILLCODE":"65000010100","VILLNAME":"溪北里","TOWNCODE":"65000010","TOWNNAME":"板橋區","COUNTYNAME":"新北市"},"geometry":{"type":"Polygon","coordinates":[[[121.42951,24.98778],[121.42919,24.98797],[121.4261,24.99041],[121.42793,24.99184],[121.42777,24.99235],[121.43125,24.99061],[121.42951,24.98778]]]}},{"type":"Feature","properties":{"VILLCODE":"65000030077","VILLNAME":"秀士里","TOWNCODE":"65000030","TOWNNAME":"中和區","COUNTYNAME":"新北市"},"geometry":{"type":"Polygon","coordinates":[[[121.51606,24.99027],[121.51483,24.98994],[121.51423,24.99145],[121.51392,24.99238],[121.51698,24.99207],[121.51606,24.99027]]]}},{"type":"Feature","properties":{"VILLCODE":"65000030045","VILLNAME":"復興里","TOWNCODE":"65000030","TOWNNAME":"中和區","COUNTYNAME":"新北市"},"geometry":{"type":"Polygon","coordinates":[[[121.50378,24.9903],[121.50284,24.99025],[121.49999,24.9905],[121.49996,24.99285],[121.50407,24.99235],[121.50451,24.99184],[121.50378,24.9903]]]}},{"type":"Feature","properties":{"VILLCODE":"65000030048","VILLNAME":"景新里","TOWNCODE":"65000030","TOWNNAME":"中和區","COUNTYNAME":"新北市"},"geometry":{"type":"Polygon","coordinates":[[[121.51164,24.99154],[121.51047,24.98977],[121.50858,24.99075],[121.50883,24.99224],[121.50991,24.99288],[121.51164,24.99154]]]}},{"type":"Feature","properties":{"VILLCODE":"65000130036","VILLNAME":"裕生里","TOWNCODE":"65000130","TOWNNAME":"土城區","COUNTYNAME":"新北市"},"geometry":{"type":"Polygon","coordinates":[[[121.44895,24.9861],[121.44886,24.98615],[121.4476,24.9859],[121.4427,24.98842],[121.44365,24.98884],[121.44299,24.98932],[121.44233,24.98825],[121.44021,24.98932],[121.44034,24.9905],[121.44049,24.99221],[121.44204,24.99221],[121.44274,24.99288],[121.44428,24.99106],[121.44611,24.99184],[121.44674,24.98932],[121.44899,24.98795],[121.44943,24.98663],[121.44895,24.9861]]]}},{"type":"Feature","properties":{"VILLCODE":"65000030081","VILLNAME":"中興里","TOWNCODE":"65000030","TOWNNAME":"中和區","COUNTYNAME":"新北市"},"geometry":{"type":"Polygon","coordinates":[[[121.49886,24.98466],[121.49845,24.98438],[121.49864,24.98615],[121.49734,24.98842],[121.4975,24.99078],[121.49943,24.99299],[121.49996,24.99285],[121.49999,24.9905],[121.50284,24.99025],[121.50261,24.98691],[121.50236,24.98604],[121.49886,24.98466]]]}},{"type":"Feature","properties":{"VILLCODE":"65000070009","VILLNAME":"樹西里","TOWNCODE":"65000070","TOWNNAME":"樹林區","COUNTYNAME":"新北市"},"geometry":{"type":"Polygon","coordinates":[[[121.42335,24.98865],[121.4226,24.98907],[121.419,24.98946],[121.41818,24.98963],[121.41972,24.99173],[121.41903,24.99302],[121.42077,24.99199],[121.42446,24.99092],[121.42335,24.98865]]]}},{"type":"Feature","properties":{"VILLCODE":"65000130008","VILLNAME":"貨饒里","TOWNCODE":"65000130","TOWNNAME":"土城區","COUNTYNAME":"新北市"},"geometry":{"type":"Polygon","coordinates":[[[121.44927,24.98781],[121.44899,24.98795],[121.44674,24.98932],[121.44611,24.99184],[121.44715,24.9919],[121.44959,24.99305],[121.45018,24.99241],[121.45303,24.99098],[121.45265,24.99016],[121.45142,24.99013],[121.44927,24.98781]]]}},{"type":"Feature","properties":{"VILLCODE":"65000070013","VILLNAME":"樹東里","TOWNCODE":"65000070","TOWNNAME":"樹林區","COUNTYNAME":"新北市"},"geometry":{"type":"Polygon","coordinates":[[[121.42632,24.98043],[121.42534,24.98245],[121.42405,24.9864],[121.42165,24.98624],[121.42121,24.98657],[121.42231,24.98727],[121.42335,24.98865],[121.42383,24.98887],[121.42506,24.9912],[121.42616,24.99078],[121.4279,24.99297],[121.42875,24.99255],[121.42777,24.99235],[121.42793,24.99184],[121.4261,24.99041],[121.42455,24.98842],[121.42446,24.98705],[121.42556,24.98537],[121.42657,24.98405],[121.42673,24.98144],[121.42632,24.98043]]]}},{"type":"Feature","properties":{"VILLCODE":"65000070027","VILLNAME":"樹北里","TOWNCODE":"65000070","TOWNNAME":"樹林區","COUNTYNAME":"新北市"},"geometry":{"type":"Polygon","coordinates":[[[121.42335,24.98865],[121.42446,24.99092],[121.42563,24.99342],[121.4279,24.99297],[121.42616,24.99078],[121.42506,24.9912],[121.42383,24.98887],[121.42335,24.98865]]]}},{"type":"Feature","properties":{"VILLCODE":"65000130035","VILLNAME":"復興里","TOWNCODE":"65000130","TOWNNAME":"土城區","COUNTYNAME":"新北市"},"geometry":{"type":"Polygon","coordinates":[[[121.45454,24.98974],[121.45249,24.98952],[121.45265,24.99016],[121.45303,24.99098],[121.45372,24.99294],[121.45426,24.99266],[121.45609,24.99347],[121.45662,24.99302],[121.4571,24.9914],[121.45978,24.99067],[121.45454,24.98974]]]}},{"type":"Feature","properties":{"VILLCODE":"65000030054","VILLNAME":"灰磘里","TOWNCODE":"65000030","TOWNNAME":"中和區","COUNTYNAME":"新北市"},"geometry":{"type":"Polygon","coordinates":[[[121.48914,24.97931],[121.48936,24.97774],[121.48734,24.97734],[121.48573,24.97507],[121.48166,24.97361],[121.48065,24.97538],[121.47941,24.97597],[121.47913,24.97765],[121.47692,24.97945],[121.47569,24.97934],[121.47417,24.98321],[121.47436,24.98399],[121.47484,24.98402],[121.47686,24.98584],[121.47847,24.98795],[121.47973,24.99033],[121.47752,24.99095],[121.4767,24.99081],[121.47853,24.99285],[121.48087,24.99347],[121.48241,24.99344],[121.48377,24.99342],[121.48358,24.98926],[121.48374,24.98744],[121.48428,24.98604],[121.48661,24.9845],[121.48806,24.98256],[121.48904,24.9804],[121.48914,24.97931]]]}},{"type":"Feature","properties":{"VILLCODE":"65000030049","VILLNAME":"景福里","TOWNCODE":"65000030","TOWNNAME":"中和區","COUNTYNAME":"新北市"},"geometry":{"type":"Polygon","coordinates":[[[121.51047,24.98977],[121.50975,24.98879],[121.50839,24.98991],[121.50703,24.99041],[121.5046,24.99227],[121.50489,24.99339],[121.50492,24.9935],[121.5089,24.99297],[121.50991,24.99288],[121.50883,24.99224],[121.50858,24.99075],[121.51047,24.98977]]]}},{"type":"Feature","properties":{"VILLCODE":"65000070029","VILLNAME":"樹興里","TOWNCODE":"65000070","TOWNNAME":"樹林區","COUNTYNAME":"新北市"},"geometry":{"type":"Polygon","coordinates":[[[121.419,24.98946],[121.41821,24.98834],[121.41584,24.98971],[121.41499,24.99064],[121.41357,24.99058],[121.41556,24.99227],[121.41691,24.99319],[121.41862,24.99325],[121.41897,24.9937],[121.41903,24.99302],[121.41972,24.99173],[121.41818,24.98963],[121.419,24.98946]]]}},{"type":"Feature","properties":{"VILLCODE":"65000030073","VILLNAME":"德行里","TOWNCODE":"65000030","TOWNNAME":"中和區","COUNTYNAME":"新北市"},"geometry":{"type":"Polygon","coordinates":[[[121.4975,24.99078],[121.49561,24.99106],[121.49447,24.99179],[121.49605,24.99375],[121.49832,24.99367],[121.49949,24.99314],[121.49943,24.99299],[121.4975,24.99078]]]}},{"type":"Feature","properties":{"VILLCODE":"65000130018","VILLNAME":"平和里","TOWNCODE":"65000130","TOWNNAME":"土城區","COUNTYNAME":"新北市"},"geometry":{"type":"Polygon","coordinates":[[[121.46846,24.98811],[121.46837,24.98803],[121.4666,24.99075],[121.46717,24.99299],[121.46811,24.9937],[121.46821,24.99375],[121.46871,24.99039],[121.46893,24.99039],[121.46909,24.98845],[121.46846,24.98811]]]}},{"type":"Feature","properties":{"VILLCODE":"65000030072","VILLNAME":"秀水里","TOWNCODE":"65000030","TOWNNAME":"中和區","COUNTYNAME":"新北市"},"geometry":{"type":"Polygon","coordinates":[[[121.52102,24.991],[121.51739,24.99201],[121.51764,24.99372],[121.51998,24.99378],[121.52124,24.9921],[121.52102,24.991]]]}},{"type":"Feature","properties":{"VILLCODE":"65000030085","VILLNAME":"錦中里","TOWNCODE":"65000030","TOWNNAME":"中和區","COUNTYNAME":"新北市"},"geometry":{"type":"Polygon","coordinates":[[[121.49109,24.9896],[121.48778,24.9887],[121.48428,24.98604],[121.48374,24.98744],[121.48358,24.98926],[121.48377,24.99342],[121.48655,24.99347],[121.48655,24.99375],[121.48863,24.99423],[121.49062,24.99406],[121.49226,24.99398],[121.49422,24.99384],[121.49393,24.99294],[121.49447,24.99179],[121.49393,24.99114],[121.49169,24.99058],[121.49109,24.9896]]]}},{"type":"Feature","properties":{"VILLCODE":"65000010083","VILLNAME":"廣福里","TOWNCODE":"65000010","TOWNNAME":"板橋區","COUNTYNAME":"新北市"},"geometry":{"type":"Polygon","coordinates":[[[121.46508,24.98994],[121.4631,24.9891],[121.4613,24.98929],[121.46044,24.99002],[121.46044,24.99005],[121.46035,24.99058],[121.45722,24.99403],[121.45965,24.99451],[121.46126,24.99457],[121.46196,24.99311],[121.46253,24.99291],[121.46272,24.99159],[121.4636,24.9921],[121.46411,24.99238],[121.46556,24.99016],[121.46508,24.98994]]]}},{"type":"Feature","properties":{"VILLCODE":"65000130030","VILLNAME":"延壽里","TOWNCODE":"65000130","TOWNNAME":"土城區","COUNTYNAME":"新北市"},"geometry":{"type":"Polygon","coordinates":[[[121.47578,24.99145],[121.47171,24.98988],[121.46944,24.99165],[121.46893,24.99039],[121.46871,24.99039],[121.46821,24.99375],[121.46897,24.99462],[121.46906,24.99445],[121.46903,24.99316],[121.46998,24.99176],[121.47178,24.99361],[121.47297,24.99409],[121.47414,24.99356],[121.47534,24.99257],[121.47493,24.99201],[121.47578,24.99145]]]}},{"type":"Feature","properties":{"VILLCODE":"65000030028","VILLNAME":"秀成里","TOWNCODE":"65000030","TOWNNAME":"中和區","COUNTYNAME":"新北市"},"geometry":{"type":"Polygon","coordinates":[[[121.52487,24.99238],[121.5237,24.99159],[121.52253,24.99299],[121.522,24.99445],[121.52405,24.99493],[121.52398,24.99395],[121.52487,24.99238]]]}},{"type":"Feature","properties":{"VILLCODE":"65000030031","VILLNAME":"秀明里","TOWNCODE":"65000030","TOWNNAME":"中和區","COUNTYNAME":"新北市"},"geometry":{"type":"Polygon","coordinates":[[[121.51739,24.99201],[121.51698,24.99207],[121.51392,24.99238],[121.51385,24.99344],[121.51493,24.99454],[121.51635,24.9951],[121.51764,24.99372],[121.51739,24.99201]]]}},{"type":"Feature","properties":{"VILLCODE":"65000030047","VILLNAME":"景平里","TOWNCODE":"65000030","TOWNNAME":"中和區","COUNTYNAME":"新北市"},"geometry":{"type":"Polygon","coordinates":[[[121.51423,24.99145],[121.51275,24.99089],[121.51186,24.99117],[121.51164,24.99154],[121.50991,24.99288],[121.5089,24.99297],[121.50981,24.9951],[121.51224,24.99358],[121.51385,24.99344],[121.51392,24.99238],[121.51423,24.99145]]]}},{"type":"Feature","properties":{"VILLCODE":"65000060010","VILLNAME":"大鵬里","TOWNCODE":"65000060","TOWNNAME":"新店區","COUNTYNAME":"新北市"},"geometry":{"type":"Polygon","coordinates":[[[121.53699,24.99109],[121.53409,24.99072],[121.53342,24.99213],[121.53345,24.99215],[121.53434,24.99333],[121.53503,24.99507],[121.53506,24.9951],[121.5351,24.99513],[121.53626,24.99409],[121.53708,24.99221],[121.53702,24.99114],[121.53699,24.99109]]]}},{"type":"Feature","properties":{"VILLCODE":"65000070030","VILLNAME":"樹福里","TOWNCODE":"65000070","TOWNNAME":"樹林區","COUNTYNAME":"新北市"},"geometry":{"type":"Polygon","coordinates":[[[121.42446,24.99092],[121.42077,24.99199],[121.4231,24.99524],[121.42443,24.99479],[121.42496,24.99344],[121.42563,24.99342],[121.42446,24.99092]]]}},{"type":"Feature","properties":{"VILLCODE":"65000070008","VILLNAME":"樹德里","TOWNCODE":"65000070","TOWNNAME":"樹林區","COUNTYNAME":"新北市"},"geometry":{"type":"Polygon","coordinates":[[[121.42077,24.99199],[121.41903,24.99302],[121.41897,24.9937],[121.41982,24.99443],[121.42058,24.9942],[121.42121,24.99538],[121.4231,24.99524],[121.42077,24.99199]]]}},{"type":"Feature","properties":{"VILLCODE":"65000030030","VILLNAME":"秀景里","TOWNCODE":"65000030","TOWNNAME":"中和區","COUNTYNAME":"新北市"},"geometry":{"type":"Polygon","coordinates":[[[121.5278,24.98702],[121.52739,24.98702],[121.52534,24.98514],[121.52354,24.98388],[121.52253,24.98511],[121.52345,24.98789],[121.52162,24.98834],[121.52127,24.99095],[121.5237,24.99159],[121.52487,24.99238],[121.52664,24.99462],[121.52664,24.99555],[121.52828,24.99544],[121.53137,24.99544],[121.53175,24.99322],[121.53137,24.99255],[121.53169,24.99053],[121.53033,24.98918],[121.5278,24.98702]]]}},{"type":"Feature","properties":{"VILLCODE":"65000030076","VILLNAME":"秀義里","TOWNCODE":"65000030","TOWNNAME":"中和區","COUNTYNAME":"新北市"},"geometry":{"type":"Polygon","coordinates":[[[121.52487,24.99238],[121.52398,24.99395],[121.52405,24.99493],[121.5266,24.99566],[121.52664,24.99555],[121.52664,24.99462],[121.52487,24.99238]]]}},{"type":"Feature","properties":{"VILLCODE":"65000010082","VILLNAME":"和平里","TOWNCODE":"65000010","TOWNNAME":"板橋區","COUNTYNAME":"新北市"},"geometry":{"type":"Polygon","coordinates":[[[121.4636,24.9921],[121.46272,24.99159],[121.46253,24.99291],[121.46196,24.99311],[121.46126,24.99457],[121.45965,24.99451],[121.45969,24.99563],[121.46048,24.99518],[121.46259,24.99572],[121.46287,24.99513],[121.46218,24.99487],[121.4624,24.99358],[121.4636,24.99403],[121.46404,24.99311],[121.4636,24.9921]]]}},{"type":"Feature","properties":{"VILLCODE":"65000010086","VILLNAME":"華德里","TOWNCODE":"65000010","TOWNNAME":"板橋區","COUNTYNAME":"新北市"},"geometry":{"type":"Polygon","coordinates":[[[121.44611,24.99184],[121.44428,24.99106],[121.44274,24.99288],[121.44554,24.99417],[121.44974,24.99344],[121.45489,24.99572],[121.45372,24.99294],[121.45303,24.99098],[121.45018,24.99241],[121.44959,24.99305],[121.44715,24.9919],[121.44611,24.99184]]]}},{"type":"Feature","properties":{"VILLCODE":"65000010123","VILLNAME":"五權里","TOWNCODE":"65000010","TOWNNAME":"板橋區","COUNTYNAME":"新北市"},"geometry":{"type":"Polygon","coordinates":[[[121.4666,24.99075],[121.46556,24.99016],[121.46411,24.99238],[121.4636,24.9921],[121.46404,24.99311],[121.4636,24.99403],[121.4624,24.99358],[121.46218,24.99487],[121.46287,24.99513],[121.46379,24.99597],[121.46439,24.99529],[121.46628,24.99294],[121.46717,24.99299],[121.4666,24.99075]]]}},{"type":"Feature","properties":{"VILLCODE":"65000030046","VILLNAME":"和興里","TOWNCODE":"65000030","TOWNNAME":"中和區","COUNTYNAME":"新北市"},"geometry":{"type":"Polygon","coordinates":[[[121.5046,24.99227],[121.50407,24.99235],[121.49996,24.99285],[121.50101,24.99473],[121.50236,24.99608],[121.50334,24.99356],[121.50489,24.99339],[121.5046,24.99227]]]}},{"type":"Feature","properties":{"VILLCODE":"65000030004","VILLNAME":"仁和里","TOWNCODE":"65000030","TOWNNAME":"中和區","COUNTYNAME":"新北市"},"geometry":{"type":"Polygon","coordinates":[[[121.48377,24.99342],[121.48241,24.99344],[121.48301,24.9956],[121.48371,24.99605],[121.48516,24.99616],[121.48655,24.99375],[121.48655,24.99347],[121.48377,24.99342]]]}},{"type":"Feature","properties":{"VILLCODE":"65000030005","VILLNAME":"中正里","TOWNCODE":"65000030","TOWNNAME":"中和區","COUNTYNAME":"新北市"},"geometry":{"type":"Polygon","coordinates":[[[121.48863,24.99423],[121.48655,24.99375],[121.48516,24.99616],[121.48803,24.99616],[121.48863,24.99423]]]}},{"type":"Feature","properties":{"VILLCODE":"65000030083","VILLNAME":"中山里","TOWNCODE":"65000030","TOWNNAME":"中和區","COUNTYNAME":"新北市"},"geometry":{"type":"Polygon","coordinates":[[[121.49062,24.99406],[121.48863,24.99423],[121.48803,24.99616],[121.48986,24.99625],[121.49062,24.99406]]]}},{"type":"Feature","properties":{"VILLCODE":"65000030033","VILLNAME":"秀仁里","TOWNCODE":"65000030","TOWNNAME":"中和區","COUNTYNAME":"新北市"},"geometry":{"type":"Polygon","coordinates":[[[121.51998,24.99378],[121.51764,24.99372],[121.51635,24.9951],[121.51695,24.99532],[121.51827,24.99588],[121.52035,24.99625],[121.51998,24.99378]]]}},{"type":"Feature","properties":{"VILLCODE":"65000130011","VILLNAME":"瑞興里","TOWNCODE":"65000130","TOWNNAME":"土城區","COUNTYNAME":"新北市"},"geometry":{"type":"Polygon","coordinates":[[[121.45662,24.99302],[121.45609,24.99347],[121.45426,24.99266],[121.45372,24.99294],[121.45489,24.99572],[121.45612,24.99628],[121.45628,24.99636],[121.45618,24.99482],[121.45662,24.99302]]]}},{"type":"Feature","properties":{"VILLCODE":"65000030027","VILLNAME":"秀山里","TOWNCODE":"65000030","TOWNNAME":"中和區","COUNTYNAME":"新北市"},"geometry":{"type":"Polygon","coordinates":[[[121.52127,24.99095],[121.52102,24.991],[121.52124,24.9921],[121.51998,24.99378],[121.52035,24.99625],[121.52086,24.99636],[121.52225,24.99614],[121.522,24.99445],[121.52253,24.99299],[121.5237,24.99159],[121.52127,24.99095]]]}},{"type":"Feature","properties":{"VILLCODE":"65000030093","VILLNAME":"正行里","TOWNCODE":"65000030","TOWNNAME":"中和區","COUNTYNAME":"新北市"},"geometry":{"type":"Polygon","coordinates":[[[121.49949,24.99314],[121.49832,24.99367],[121.49605,24.99375],[121.49731,24.99454],[121.49766,24.99535],[121.49927,24.99642],[121.49999,24.99591],[121.49949,24.99314]]]}},{"type":"Feature","properties":{"VILLCODE":"65000070018","VILLNAME":"東山里","TOWNCODE":"65000070","TOWNNAME":"樹林區","COUNTYNAME":"新北市"},"geometry":{"type":"Polygon","coordinates":[[[121.3856,24.9864],[121.3856,24.98643],[121.38339,24.98862],[121.38434,24.99179],[121.38365,24.99291],[121.38396,24.99544],[121.38399,24.99549],[121.38806,24.99642],[121.38999,24.99459],[121.39031,24.99347],[121.39428,24.99353],[121.39463,24.99207],[121.39719,24.98983],[121.39845,24.98969],[121.40252,24.98716],[121.40353,24.98576],[121.40451,24.98537],[121.40801,24.98559],[121.40871,24.98441],[121.40909,24.9836],[121.40877,24.98035],[121.41048,24.9813],[121.41202,24.9806],[121.41319,24.97877],[121.41442,24.9769],[121.41385,24.97594],[121.41366,24.97263],[121.41423,24.96868],[121.41385,24.96638],[121.41341,24.96627],[121.41095,24.96713],[121.4071,24.96719],[121.40363,24.96688],[121.4035,24.97213],[121.40451,24.97319],[121.40442,24.97454],[121.40205,24.97678],[121.39914,24.97779],[121.39652,24.97934],[121.39542,24.98074],[121.39428,24.98107],[121.39188,24.98273],[121.38939,24.98551],[121.38753,24.98699],[121.3856,24.9864]]]}},{"type":"Feature","properties":{"VILLCODE":"65000030089","VILLNAME":"嘉慶里","TOWNCODE":"65000030","TOWNNAME":"中和區","COUNTYNAME":"新北市"},"geometry":{"type":"Polygon","coordinates":[[[121.4767,24.99081],[121.47578,24.99145],[121.47493,24.99201],[121.4767,24.99412],[121.4796,24.99614],[121.48118,24.99656],[121.48087,24.99347],[121.47853,24.99285],[121.4767,24.99081]]]}},{"type":"Feature","properties":{"VILLCODE":"65000030006","VILLNAME":"建和里","TOWNCODE":"65000030","TOWNNAME":"中和區","COUNTYNAME":"新北市"},"geometry":{"type":"Polygon","coordinates":[[[121.49226,24.99398],[121.49062,24.99406],[121.48986,24.99625],[121.49283,24.99678],[121.49318,24.99518],[121.49226,24.99398]]]}},{"type":"Feature","properties":{"VILLCODE":"65000010088","VILLNAME":"信義里","TOWNCODE":"65000010","TOWNNAME":"板橋區","COUNTYNAME":"新北市"},"geometry":{"type":"Polygon","coordinates":[[[121.46044,24.99005],[121.46019,24.99044],[121.45978,24.99067],[121.4571,24.9914],[121.45662,24.99302],[121.45618,24.99482],[121.45628,24.99636],[121.45694,24.99689],[121.45722,24.99403],[121.46035,24.99058],[121.46044,24.99005]]]}},{"type":"Feature","properties":{"VILLCODE":"65000030075","VILLNAME":"安順里","TOWNCODE":"65000030","TOWNNAME":"中和區","COUNTYNAME":"新北市"},"geometry":{"type":"Polygon","coordinates":[[[121.51224,24.99358],[121.50981,24.9951],[121.51139,24.99712],[121.51199,24.99667],[121.5136,24.99546],[121.51341,24.99518],[121.51224,24.99358]]]}},{"type":"Feature","properties":{"VILLCODE":"65000030070","VILLNAME":"壽德里","TOWNCODE":"65000030","TOWNNAME":"中和區","COUNTYNAME":"新北市"},"geometry":{"type":"Polygon","coordinates":[[[121.46811,24.9937],[121.46717,24.99299],[121.46628,24.99294],[121.46439,24.99529],[121.46502,24.99698],[121.46518,24.99717],[121.46811,24.9937]]]}},{"type":"Feature","properties":{"VILLCODE":"65000040040","VILLNAME":"智光里","TOWNCODE":"65000040","TOWNNAME":"永和區","COUNTYNAME":"新北市"},"geometry":{"type":"Polygon","coordinates":[[[121.51635,24.9951],[121.51493,24.99454],[121.51385,24.99344],[121.51224,24.99358],[121.51341,24.99518],[121.51556,24.99745],[121.51704,24.99628],[121.51695,24.99532],[121.51635,24.9951]]]}},{"type":"Feature","properties":{"VILLCODE":"65000030029","VILLNAME":"秀福里","TOWNCODE":"65000030","TOWNNAME":"中和區","COUNTYNAME":"新北市"},"geometry":{"type":"Polygon","coordinates":[[[121.52405,24.99493],[121.522,24.99445],[121.52225,24.99614],[121.52086,24.99636],[121.52247,24.99684],[121.52569,24.99751],[121.5266,24.99566],[121.52405,24.99493]]]}},{"type":"Feature","properties":{"VILLCODE":"65000030050","VILLNAME":"景安里","TOWNCODE":"65000030","TOWNNAME":"中和區","COUNTYNAME":"新北市"},"geometry":{"type":"Polygon","coordinates":[[[121.5089,24.99297],[121.50492,24.9935],[121.50599,24.99681],[121.50662,24.99757],[121.50732,24.99625],[121.50798,24.9956],[121.50981,24.9951],[121.5089,24.99297]]]}},{"type":"Feature","properties":{"VILLCODE":"65000030021","VILLNAME":"安和里","TOWNCODE":"65000030","TOWNNAME":"中和區","COUNTYNAME":"新北市"},"geometry":{"type":"Polygon","coordinates":[[[121.51139,24.99712],[121.50981,24.9951],[121.50798,24.9956],[121.50732,24.99625],[121.50858,24.99779],[121.50962,24.99729],[121.51029,24.99799],[121.51139,24.99712]]]}},{"type":"Feature","properties":{"VILLCODE":"65000040034","VILLNAME":"民本里","TOWNCODE":"65000040","TOWNNAME":"永和區","COUNTYNAME":"新北市"},"geometry":{"type":"Polygon","coordinates":[[[121.52828,24.99544],[121.52664,24.99555],[121.5266,24.99566],[121.52569,24.99751],[121.52575,24.99802],[121.52866,24.99773],[121.52828,24.99544]]]}},{"type":"Feature","properties":{"VILLCODE":"65000030025","VILLNAME":"新南里","TOWNCODE":"65000030","TOWNNAME":"中和區","COUNTYNAME":"新北市"},"geometry":{"type":"Polygon","coordinates":[[[121.49996,24.99285],[121.49943,24.99299],[121.49949,24.99314],[121.49999,24.99591],[121.49927,24.99642],[121.49864,24.99731],[121.49962,24.99852],[121.50202,24.99844],[121.50198,24.99802],[121.50236,24.99608],[121.50101,24.99473],[121.49996,24.99285]]]}},{"type":"Feature","properties":{"VILLCODE":"65000030071","VILLNAME":"明德里","TOWNCODE":"65000030","TOWNNAME":"中和區","COUNTYNAME":"新北市"},"geometry":{"type":"Polygon","coordinates":[[[121.46821,24.99375],[121.46811,24.9937],[121.46518,24.99717],[121.46575,24.99858],[121.46685,24.99799],[121.46796,24.99661],[121.46897,24.99462],[121.46821,24.99375]]]}},{"type":"Feature","properties":{"VILLCODE":"65000030026","VILLNAME":"南山里","TOWNCODE":"65000030","TOWNNAME":"中和區","COUNTYNAME":"新北市"},"geometry":{"type":"Polygon","coordinates":[[[121.50334,24.99356],[121.50236,24.99608],[121.50198,24.99802],[121.50404,24.99858],[121.50464,24.99715],[121.50353,24.99597],[121.50385,24.99471],[121.50334,24.99356]]]}},{"type":"Feature","properties":{"VILLCODE":"65000030051","VILLNAME":"景文里","TOWNCODE":"65000030","TOWNNAME":"中和區","COUNTYNAME":"新北市"},"geometry":{"type":"Polygon","coordinates":[[[121.50492,24.9935],[121.50489,24.99339],[121.50334,24.99356],[121.50385,24.99471],[121.50353,24.99597],[121.50464,24.99715],[121.50404,24.99858],[121.50495,24.9986],[121.50599,24.99681],[121.50492,24.9935]]]}},{"type":"Feature","properties":{"VILLCODE":"65000070005","VILLNAME":"保安里","TOWNCODE":"65000070","TOWNNAME":"樹林區","COUNTYNAME":"新北市"},"geometry":{"type":"Polygon","coordinates":[[[121.42875,24.99255],[121.4279,24.99297],[121.42563,24.99342],[121.42496,24.99344],[121.42443,24.99479],[121.42591,24.99698],[121.42695,24.99844],[121.42717,24.99872],[121.42875,24.99709],[121.43039,24.9972],[121.43008,24.99521],[121.42888,24.99367],[121.42875,24.99255]]]}},{"type":"Feature","properties":{"VILLCODE":"65000030009","VILLNAME":"力行里","TOWNCODE":"65000030","TOWNNAME":"中和區","COUNTYNAME":"新北市"},"geometry":{"type":"Polygon","coordinates":[[[121.49605,24.99375],[121.49447,24.99179],[121.49393,24.99294],[121.49422,24.99384],[121.49542,24.99378],[121.49583,24.99569],[121.49772,24.99717],[121.49921,24.99888],[121.49962,24.99852],[121.49864,24.99731],[121.49927,24.99642],[121.49766,24.99535],[121.49731,24.99454],[121.49605,24.99375]]]}},{"type":"Feature","properties":{"VILLCODE":"65000010080","VILLNAME":"重慶里","TOWNCODE":"65000010","TOWNNAME":"板橋區","COUNTYNAME":"新北市"},"geometry":{"type":"Polygon","coordinates":[[[121.45965,24.99451],[121.45722,24.99403],[121.45694,24.99689],[121.45697,24.99695],[121.46019,24.99771],[121.46142,24.99863],[121.46322,24.99891],[121.46385,24.99818],[121.46502,24.99698],[121.46439,24.99529],[121.46379,24.99597],[121.46287,24.99513],[121.46259,24.99572],[121.46048,24.99518],[121.45969,24.99563],[121.45965,24.99451]]]}},{"type":"Feature","properties":{"VILLCODE":"65000030074","VILLNAME":"宜安里","TOWNCODE":"65000030","TOWNNAME":"中和區","COUNTYNAME":"新北市"},"geometry":{"type":"Polygon","coordinates":[[[121.5136,24.99546],[121.51199,24.99667],[121.51433,24.999],[121.51496,24.99813],[121.5136,24.99546]]]}},{"type":"Feature","properties":{"VILLCODE":"65000010095","VILLNAME":"福安里","TOWNCODE":"65000010","TOWNNAME":"板橋區","COUNTYNAME":"新北市"},"geometry":{"type":"Polygon","coordinates":[[[121.44034,24.9905],[121.43926,24.9903],[121.43759,24.98918],[121.43626,24.98901],[121.43611,24.9928],[121.4363,24.99717],[121.44299,24.99905],[121.44289,24.99874],[121.44517,24.99793],[121.44494,24.99751],[121.4481,24.99636],[121.44554,24.99417],[121.44274,24.99288],[121.44204,24.99221],[121.44049,24.99221],[121.44034,24.9905]]]}},{"type":"Feature","properties":{"VILLCODE":"65000030058","VILLNAME":"嘉穗里","TOWNCODE":"65000030","TOWNNAME":"中和區","COUNTYNAME":"新北市"},"geometry":{"type":"Polygon","coordinates":[[[121.47493,24.99201],[121.47534,24.99257],[121.47414,24.99356],[121.47455,24.99605],[121.47556,24.99597],[121.47711,24.99681],[121.47727,24.99745],[121.47998,24.99903],[121.48125,24.99917],[121.48118,24.99656],[121.4796,24.99614],[121.4767,24.99412],[121.47493,24.99201]]]}},{"type":"Feature","properties":{"VILLCODE":"65000010098","VILLNAME":"崑崙里","TOWNCODE":"65000010","TOWNNAME":"板橋區","COUNTYNAME":"新北市"},"geometry":{"type":"Polygon","coordinates":[[[121.43251,24.99002],[121.43125,24.99061],[121.42777,24.99235],[121.42875,24.99255],[121.42888,24.99367],[121.43008,24.99521],[121.43093,24.99625],[121.4308,24.99813],[121.43178,24.99931],[121.43317,24.99824],[121.43232,24.99594],[121.43371,24.99566],[121.43308,24.99184],[121.43251,24.99002]]]}},{"type":"Feature","properties":{"VILLCODE":"65000040059","VILLNAME":"民富里","TOWNCODE":"65000040","TOWNNAME":"永和區","COUNTYNAME":"新北市"},"geometry":{"type":"Polygon","coordinates":[[[121.52866,24.99773],[121.52575,24.99802],[121.5243,24.99824],[121.52458,24.99939],[121.5267,24.999],[121.52667,24.99827],[121.52881,24.99874],[121.52866,24.99773]]]}},{"type":"Feature","properties":{"VILLCODE":"65000030059","VILLNAME":"文元里","TOWNCODE":"65000030","TOWNNAME":"中和區","COUNTYNAME":"新北市"},"geometry":{"type":"Polygon","coordinates":[[[121.48241,24.99344],[121.48087,24.99347],[121.48118,24.99656],[121.48125,24.99917],[121.48128,24.9995],[121.48251,24.99953],[121.48226,24.99846],[121.48254,24.9958],[121.48301,24.9956],[121.48241,24.99344]]]}},{"type":"Feature","properties":{"VILLCODE":"65000070012","VILLNAME":"坡內里","TOWNCODE":"65000070","TOWNNAME":"樹林區","COUNTYNAME":"新北市"},"geometry":{"type":"Polygon","coordinates":[[[121.40325,24.99947],[121.40328,24.99956],[121.40394,24.9983],[121.40584,24.99661],[121.40669,24.99644],[121.40883,24.9979],[121.41063,24.99804],[121.41256,24.99513],[121.41556,24.99227],[121.41357,24.99058],[121.41429,24.98663],[121.41341,24.98523],[121.40871,24.98441],[121.40801,24.98559],[121.40451,24.98537],[121.40353,24.98576],[121.40252,24.98716],[121.39845,24.98969],[121.39719,24.98983],[121.39463,24.99207],[121.39428,24.99353],[121.39438,24.99361],[121.39649,24.99555],[121.39684,24.99729],[121.3987,24.99835],[121.4,24.99827],[121.40157,24.99917],[121.40255,24.99903],[121.40262,24.99897],[121.40325,24.99947]]]}},{"type":"Feature","properties":{"VILLCODE":"65000040049","VILLNAME":"民生里","TOWNCODE":"65000040","TOWNNAME":"永和區","COUNTYNAME":"新北市"},"geometry":{"type":"Polygon","coordinates":[[[121.52569,24.99751],[121.52247,24.99684],[121.52294,24.99959],[121.52458,24.99939],[121.5243,24.99824],[121.52575,24.99802],[121.52569,24.99751]]]}},{"type":"Feature","properties":{"VILLCODE":"65000030024","VILLNAME":"泰安里","TOWNCODE":"65000030","TOWNNAME":"中和區","COUNTYNAME":"新北市"},"geometry":{"type":"Polygon","coordinates":[[[121.50732,24.99625],[121.50662,24.99757],[121.50672,24.99959],[121.50675,24.99978],[121.50871,25.00001],[121.50751,24.99858],[121.50858,24.99779],[121.50732,24.99625]]]}},{"type":"Feature","properties":{"VILLCODE":"65000040017","VILLNAME":"民權里","TOWNCODE":"65000040","TOWNNAME":"永和區","COUNTYNAME":"新北市"},"geometry":{"type":"Polygon","coordinates":[[[121.52035,24.99625],[121.51827,24.99588],[121.51833,24.99656],[121.51975,24.99656],[121.52032,25.00006],[121.52181,24.99978],[121.52294,24.99959],[121.52247,24.99684],[121.52086,24.99636],[121.52035,24.99625]]]}},{"type":"Feature","properties":{"VILLCODE":"65000010081","VILLNAME":"仁愛里","TOWNCODE":"65000010","TOWNNAME":"板橋區","COUNTYNAME":"新北市"},"geometry":{"type":"Polygon","coordinates":[[[121.46142,24.99863],[121.46019,24.99771],[121.45697,24.99695],[121.45827,24.99964],[121.45956,24.99945],[121.46076,25.0002],[121.46186,24.99903],[121.46142,24.99863]]]}},{"type":"Feature","properties":{"VILLCODE":"65000040016","VILLNAME":"民族里","TOWNCODE":"65000040","TOWNNAME":"永和區","COUNTYNAME":"新北市"},"geometry":{"type":"Polygon","coordinates":[[[121.51827,24.99588],[121.51695,24.99532],[121.51704,24.99628],[121.5183,24.99799],[121.51893,25.00029],[121.51909,25.00026],[121.52032,25.00006],[121.51975,24.99656],[121.51833,24.99656],[121.51827,24.99588]]]}},{"type":"Feature","properties":{"VILLCODE":"65000040008","VILLNAME":"民治里","TOWNCODE":"65000040","TOWNNAME":"永和區","COUNTYNAME":"新北市"},"geometry":{"type":"Polygon","coordinates":[[[121.51704,24.99628],[121.51556,24.99745],[121.51742,24.99959],[121.51764,25.0002],[121.51893,25.00029],[121.5183,24.99799],[121.51704,24.99628]]]}},{"type":"Feature","properties":{"VILLCODE":"65000010113","VILLNAME":"成和里","TOWNCODE":"65000010","TOWNNAME":"板橋區","COUNTYNAME":"新北市"},"geometry":{"type":"Polygon","coordinates":[[[121.43626,24.98901],[121.43488,24.98918],[121.43251,24.99002],[121.43308,24.99184],[121.43371,24.99566],[121.43232,24.99594],[121.43317,24.99824],[121.43178,24.99931],[121.43346,25.00018],[121.43639,25.00018],[121.4363,24.99717],[121.43611,24.9928],[121.43626,24.98901]]]}},{"type":"Feature","properties":{"VILLCODE":"65000030008","VILLNAME":"連城里","TOWNCODE":"65000030","TOWNNAME":"中和區","COUNTYNAME":"新北市"},"geometry":{"type":"Polygon","coordinates":[[[121.49921,24.99888],[121.49772,24.99717],[121.49583,24.99569],[121.49431,24.99762],[121.49577,24.99872],[121.49715,25.00079],[121.49921,24.99888]]]}},{"type":"Feature","properties":{"VILLCODE":"65000030064","VILLNAME":"明穗里","TOWNCODE":"65000030","TOWNNAME":"中和區","COUNTYNAME":"新北市"},"geometry":{"type":"Polygon","coordinates":[[[121.47414,24.99356],[121.47297,24.99409],[121.47178,24.99361],[121.46998,24.99176],[121.46903,24.99316],[121.46906,24.99445],[121.47089,24.99687],[121.47238,24.99866],[121.47272,25.00034],[121.47449,25.00102],[121.47537,25.00096],[121.47566,25.00006],[121.47455,24.99605],[121.47414,24.99356]]]}},{"type":"Feature","properties":{"VILLCODE":"65000030061","VILLNAME":"民安里","TOWNCODE":"65000030","TOWNNAME":"中和區","COUNTYNAME":"新北市"},"geometry":{"type":"Polygon","coordinates":[[[121.48125,24.99917],[121.47998,24.99903],[121.47727,24.99745],[121.47711,24.99681],[121.47556,24.99597],[121.47455,24.99605],[121.47566,25.00006],[121.47607,24.99961],[121.4791,24.99978],[121.48131,25.00107],[121.48128,24.9995],[121.48125,24.99917]]]}},{"type":"Feature","properties":{"VILLCODE":"65000030003","VILLNAME":"信和里","TOWNCODE":"65000030","TOWNNAME":"中和區","COUNTYNAME":"新北市"},"geometry":{"type":"Polygon","coordinates":[[[121.48371,24.99605],[121.48301,24.9956],[121.48254,24.9958],[121.48226,24.99846],[121.48251,24.99953],[121.48251,25.00107],[121.48358,25.00113],[121.4838,24.99877],[121.48371,24.99605]]]}},{"type":"Feature","properties":{"VILLCODE":"65000250012","VILLNAME":"泰平里","TOWNCODE":"65000250","TOWNNAME":"雙溪區","COUNTYNAME":"新北市"},"geometry":{"type":"Polygon","coordinates":[[[121.83187,24.90495],[121.82796,24.90535],[121.82701,24.90453],[121.82597,24.90523],[121.8224,24.90453],[121.82209,24.9042],[121.82206,24.9042],[121.82196,24.90417],[121.81985,24.90291],[121.81827,24.90274],[121.81641,24.90369],[121.8154,24.9047],[121.81344,24.90546],[121.8117,24.90652],[121.81044,24.90521],[121.8105,24.90366],[121.80855,24.90291],[121.80612,24.90251],[121.80454,24.90117],[121.80312,24.90173],[121.8022,24.901],[121.80006,24.90122],[121.79905,24.90091],[121.79709,24.90159],[121.79535,24.89982],[121.79343,24.89976],[121.79223,24.90167],[121.79134,24.90232],[121.79119,24.90335],[121.79021,24.90369],[121.78781,24.90622],[121.78629,24.9063],[121.78503,24.91028],[121.78475,24.91401],[121.78399,24.91561],[121.78165,24.91791],[121.77887,24.91909],[121.77815,24.91971],[121.78074,24.9233],[121.78194,24.92832],[121.7831,24.92882],[121.78481,24.93022],[121.78544,24.93208],[121.785,24.93334],[121.78601,24.93432],[121.78626,24.93701],[121.78853,24.93928],[121.78951,24.94057],[121.78797,24.94372],[121.78774,24.94475],[121.78882,24.94646],[121.79109,24.95126],[121.79232,24.95168],[121.79314,24.95325],[121.79327,24.95435],[121.79213,24.9546],[121.79112,24.95606],[121.79125,24.95763],[121.79018,24.96063],[121.79087,24.96237],[121.79068,24.96436],[121.79216,24.96624],[121.79179,24.96812],[121.79191,24.9703],[121.79387,24.97317],[121.79406,24.97743],[121.79368,24.97962],[121.79276,24.98079],[121.79289,24.98253],[121.79232,24.98346],[121.79485,24.98682],[121.79608,24.98781],[121.80466,24.98907],[121.80801,24.99131],[121.80893,24.99266],[121.80959,24.99465],[121.81167,24.99431],[121.81347,24.99437],[121.81628,24.99501],[121.81855,24.99468],[121.82124,24.99493],[121.82206,24.99451],[121.82297,24.99314],[121.82348,24.99154],[121.82588,24.99176],[121.82607,24.99501],[121.82865,24.99698],[121.82938,24.99942],[121.83011,24.99975],[121.83557,24.9981],[121.83629,24.99936],[121.83812,24.99919],[121.83995,25.00009],[121.84355,25.00133],[121.84377,25.00068],[121.84677,24.99911],[121.85031,24.99863],[121.85403,24.99611],[121.85548,24.99572],[121.85807,24.99616],[121.85892,24.99591],[121.8612,24.99378],[121.86271,24.99322],[121.86363,24.9937],[121.86492,24.99611],[121.86612,24.99661],[121.87161,24.99518],[121.87098,24.99322],[121.86981,24.99218],[121.8688,24.99201],[121.86748,24.99053],[121.86603,24.98955],[121.86527,24.98775],[121.86382,24.98551],[121.86514,24.98408],[121.86416,24.98245],[121.8624,24.98155],[121.86259,24.97964],[121.86186,24.97782],[121.86183,24.97583],[121.86227,24.97504],[121.86132,24.97479],[121.86085,24.97359],[121.86094,24.97117],[121.8617,24.96775],[121.86063,24.96565],[121.86126,24.96366],[121.8588,24.9634],[121.85432,24.96153],[121.85397,24.95995],[121.85258,24.95962],[121.85037,24.96119],[121.84876,24.95998],[121.84718,24.96035],[121.84554,24.95923],[121.8451,24.95768],[121.84349,24.9569],[121.84298,24.95519],[121.84137,24.95415],[121.84125,24.95258],[121.84178,24.95134],[121.84071,24.94787],[121.83923,24.94635],[121.83904,24.94464],[121.83986,24.9422],[121.8415,24.94097],[121.84245,24.93937],[121.84582,24.93833],[121.84661,24.93785],[121.84791,24.9353],[121.84781,24.93401],[121.84939,24.93109],[121.84914,24.93034],[121.85173,24.92919],[121.85362,24.92795],[121.85375,24.92792],[121.85375,24.9279],[121.85397,24.92593],[121.85211,24.92372],[121.85084,24.92341],[121.85021,24.92248],[121.8456,24.91937],[121.84485,24.91718],[121.84333,24.91541],[121.83954,24.91267],[121.83803,24.91006],[121.83658,24.90854],[121.8344,24.90683],[121.83345,24.90675],[121.83197,24.90501],[121.83194,24.90498],[121.83187,24.90495]]]}},{"type":"Feature","properties":{"VILLCODE":"65000030011","VILLNAME":"漳和里","TOWNCODE":"65000030","TOWNNAME":"中和區","COUNTYNAME":"新北市"},"geometry":{"type":"Polygon","coordinates":[[[121.50662,24.99757],[121.50599,24.99681],[121.50495,24.9986],[121.50404,24.99858],[121.50198,24.99802],[121.50202,24.99844],[121.49962,24.99852],[121.49933,24.99953],[121.50012,25.00133],[121.50202,24.99973],[121.50672,24.99959],[121.50662,24.99757]]]}},{"type":"Feature","properties":{"VILLCODE":"65000010097","VILLNAME":"龍安里","TOWNCODE":"65000010","TOWNNAME":"板橋區","COUNTYNAME":"新北市"},"geometry":{"type":"Polygon","coordinates":[[[121.44299,24.99905],[121.4363,24.99717],[121.43639,25.00018],[121.43645,25.00079],[121.44375,25.00138],[121.4433,24.99992],[121.44299,24.99905]]]}},{"type":"Feature","properties":{"VILLCODE":"65000030022","VILLNAME":"安平里","TOWNCODE":"65000030","TOWNNAME":"中和區","COUNTYNAME":"新北市"},"geometry":{"type":"Polygon","coordinates":[[[121.51029,24.99799],[121.50962,24.99729],[121.50858,24.99779],[121.50751,24.99858],[121.50871,25.00001],[121.51,25.00149],[121.51088,25.00023],[121.51133,24.99922],[121.51029,24.99799]]]}},{"type":"Feature","properties":{"VILLCODE":"65000070034","VILLNAME":"文林里","TOWNCODE":"65000070","TOWNNAME":"樹林區","COUNTYNAME":"新北市"},"geometry":{"type":"Polygon","coordinates":[[[121.42695,24.99844],[121.42591,24.99698],[121.4243,24.99793],[121.42376,24.99715],[121.4226,24.99796],[121.42588,25.00152],[121.4262,24.99905],[121.42695,24.99844]]]}},{"type":"Feature","properties":{"VILLCODE":"65000040050","VILLNAME":"秀得里","TOWNCODE":"65000040","TOWNNAME":"永和區","COUNTYNAME":"新北市"},"geometry":{"type":"Polygon","coordinates":[[[121.5267,24.999],[121.52458,24.99939],[121.52544,25.00155],[121.52683,25.00141],[121.5267,24.999]]]}},{"type":"Feature","properties":{"VILLCODE":"65000040060","VILLNAME":"秀元里","TOWNCODE":"65000040","TOWNNAME":"永和區","COUNTYNAME":"新北市"},"geometry":{"type":"Polygon","coordinates":[[[121.52458,24.99939],[121.52294,24.99959],[121.52181,24.99978],[121.52222,25.0011],[121.52462,25.00076],[121.52509,25.00158],[121.52544,25.00155],[121.52458,24.99939]]]}},{"type":"Feature","properties":{"VILLCODE":"65000040031","VILLNAME":"潭安里","TOWNCODE":"65000040","TOWNNAME":"永和區","COUNTYNAME":"新北市"},"geometry":{"type":"Polygon","coordinates":[[[121.51341,24.99518],[121.5136,24.99546],[121.51496,24.99813],[121.51433,24.999],[121.5142,24.99945],[121.5153,24.99883],[121.5165,25.00015],[121.516,25.00054],[121.51755,25.00172],[121.51764,25.0002],[121.51742,24.99959],[121.51556,24.99745],[121.51341,24.99518]]]}},{"type":"Feature","properties":{"VILLCODE":"65000040035","VILLNAME":"民樂里","TOWNCODE":"65000040","TOWNNAME":"永和區","COUNTYNAME":"新北市"},"geometry":{"type":"Polygon","coordinates":[[[121.52881,24.99874],[121.52667,24.99827],[121.5267,24.999],[121.52683,25.00141],[121.52888,25.00175],[121.52881,24.99874]]]}},{"type":"Feature","properties":{"VILLCODE":"65000010079","VILLNAME":"大豐里","TOWNCODE":"65000010","TOWNNAME":"板橋區","COUNTYNAME":"新北市"},"geometry":{"type":"Polygon","coordinates":[[[121.46385,24.99818],[121.46322,24.99891],[121.46142,24.99863],[121.46186,24.99903],[121.46076,25.0002],[121.45956,24.99945],[121.45827,24.99964],[121.45861,25.00043],[121.4595,25.00096],[121.46287,25.00175],[121.46385,24.99818]]]}},{"type":"Feature","properties":{"VILLCODE":"65000030065","VILLNAME":"清穗里","TOWNCODE":"65000030","TOWNNAME":"中和區","COUNTYNAME":"新北市"},"geometry":{"type":"Polygon","coordinates":[[[121.46906,24.99445],[121.46897,24.99462],[121.46796,24.99661],[121.46685,24.99799],[121.46575,24.99858],[121.46654,25.00043],[121.46584,25.00205],[121.46625,25.00219],[121.46729,25.00015],[121.47089,24.99687],[121.46906,24.99445]]]}},{"type":"Feature","properties":{"VILLCODE":"65000030066","VILLNAME":"自強里","TOWNCODE":"65000030","TOWNNAME":"中和區","COUNTYNAME":"新北市"},"geometry":{"type":"Polygon","coordinates":[[[121.47272,25.00034],[121.47238,24.99866],[121.47089,24.99687],[121.46729,25.00015],[121.46625,25.00219],[121.46887,25.00116],[121.47114,25.00026],[121.47272,25.00034]]]}},{"type":"Feature","properties":{"VILLCODE":"65000030091","VILLNAME":"國華里","TOWNCODE":"65000030","TOWNNAME":"中和區","COUNTYNAME":"新北市"},"geometry":{"type":"Polygon","coordinates":[[[121.47114,25.00026],[121.46887,25.00116],[121.46893,25.00228],[121.47067,25.00236],[121.47114,25.00026]]]}},{"type":"Feature","properties":{"VILLCODE":"65000040024","VILLNAME":"雙和里","TOWNCODE":"65000040","TOWNNAME":"永和區","COUNTYNAME":"新北市"},"geometry":{"type":"Polygon","coordinates":[[[121.50871,25.00001],[121.50675,24.99978],[121.5064,25.00068],[121.50738,25.00177],[121.50864,25.00248],[121.51006,25.00155],[121.51,25.00149],[121.50871,25.00001]]]}},{"type":"Feature","properties":{"VILLCODE":"65000010078","VILLNAME":"廣德里","TOWNCODE":"65000010","TOWNNAME":"板橋區","COUNTYNAME":"新北市"},"geometry":{"type":"Polygon","coordinates":[[[121.46518,24.99717],[121.46502,24.99698],[121.46385,24.99818],[121.46287,25.00175],[121.46325,25.00236],[121.46515,25.00262],[121.46628,25.00219],[121.46625,25.00219],[121.46584,25.00205],[121.46654,25.00043],[121.46575,24.99858],[121.46518,24.99717]]]}},{"type":"Feature","properties":{"VILLCODE":"65000030012","VILLNAME":"廟美里","TOWNCODE":"65000030","TOWNNAME":"中和區","COUNTYNAME":"新北市"},"geometry":{"type":"Polygon","coordinates":[[[121.49962,24.99852],[121.49921,24.99888],[121.49715,25.00079],[121.49816,25.0018],[121.50003,25.00264],[121.50059,25.00267],[121.50176,25.00239],[121.50198,25.00107],[121.50012,25.00133],[121.49933,24.99953],[121.49962,24.99852]]]}},{"type":"Feature","properties":{"VILLCODE":"65000070006","VILLNAME":"潭底里","TOWNCODE":"65000070","TOWNNAME":"樹林區","COUNTYNAME":"新北市"},"geometry":{"type":"Polygon","coordinates":[[[121.41897,24.9937],[121.41862,24.99325],[121.41691,24.99319],[121.41556,24.99227],[121.41256,24.99513],[121.41063,24.99804],[121.41246,24.99751],[121.41499,24.99849],[121.41628,24.9997],[121.41739,25.00006],[121.42007,25.00006],[121.42209,25.00118],[121.42424,25.00281],[121.42588,25.00152],[121.4226,24.99796],[121.42376,24.99715],[121.4243,24.99793],[121.42591,24.99698],[121.42443,24.99479],[121.4231,24.99524],[121.42121,24.99538],[121.42058,24.9942],[121.41982,24.99443],[121.41897,24.9937]]]}},{"type":"Feature","properties":{"VILLCODE":"65000180005","VILLNAME":"阿柔里","TOWNCODE":"65000180","TOWNNAME":"深坑區","COUNTYNAME":"新北市"},"geometry":{"type":"Polygon","coordinates":[[[121.61161,25.00048],[121.61294,25.00093],[121.61363,25.00054],[121.61297,24.99964],[121.61366,24.9981],[121.61366,24.99563],[121.6171,24.99583],[121.6166,24.99437],[121.61758,24.99381],[121.61859,24.9919],[121.61713,24.99002],[121.61609,24.98966],[121.61546,24.98854],[121.61237,24.98548],[121.61398,24.9841],[121.61366,24.9813],[121.61278,24.98144],[121.61319,24.98004],[121.61417,24.97906],[121.61537,24.97964],[121.61748,24.97973],[121.61887,24.97785],[121.61783,24.97577],[121.61723,24.97112],[121.61717,24.97115],[121.61549,24.97224],[121.61414,24.97359],[121.61344,24.97336],[121.61126,24.97462],[121.61006,24.97426],[121.60823,24.97451],[121.60511,24.97443],[121.60283,24.97591],[121.6005,24.9767],[121.59977,24.97771],[121.59971,24.97779],[121.59968,24.97782],[121.59933,24.97869],[121.60069,24.98032],[121.59987,24.98646],[121.60186,24.98795],[121.60189,24.99044],[121.59908,24.99176],[121.59927,24.99314],[121.59845,24.99367],[121.59832,24.9951],[121.59835,24.9951],[121.59958,24.99642],[121.59971,24.99762],[121.60053,24.99849],[121.60056,25.00071],[121.59946,25.00278],[121.59943,25.00281],[121.60205,25.00141],[121.60347,25.00032],[121.60511,24.99967],[121.60615,25.00001],[121.60744,24.99928],[121.61161,25.00048]]]}},{"type":"Feature","properties":{"VILLCODE":"65000040011","VILLNAME":"永元里","TOWNCODE":"65000040","TOWNNAME":"永和區","COUNTYNAME":"新北市"},"geometry":{"type":"Polygon","coordinates":[[[121.52181,24.99978],[121.52032,25.00006],[121.51909,25.00026],[121.51953,25.00191],[121.52051,25.00298],[121.52244,25.00175],[121.52222,25.0011],[121.52181,24.99978]]]}},{"type":"Feature","properties":{"VILLCODE":"65000030056","VILLNAME":"民享里","TOWNCODE":"65000030","TOWNNAME":"中和區","COUNTYNAME":"新北市"},"geometry":{"type":"Polygon","coordinates":[[[121.47537,25.00096],[121.47449,25.00102],[121.47405,25.00273],[121.47594,25.00306],[121.47585,25.00205],[121.47537,25.00096]]]}},{"type":"Feature","properties":{"VILLCODE":"65000030010","VILLNAME":"枋寮里","TOWNCODE":"65000030","TOWNNAME":"中和區","COUNTYNAME":"新北市"},"geometry":{"type":"Polygon","coordinates":[[[121.50675,24.99978],[121.50672,24.99959],[121.50202,24.99973],[121.50012,25.00133],[121.50198,25.00107],[121.50176,25.00239],[121.5028,25.0018],[121.50464,25.00231],[121.50624,25.00323],[121.50738,25.00177],[121.5064,25.00068],[121.50675,24.99978]]]}},{"type":"Feature","properties":{"VILLCODE":"65000030007","VILLNAME":"連和里","TOWNCODE":"65000030","TOWNNAME":"中和區","COUNTYNAME":"新北市"},"geometry":{"type":"Polygon","coordinates":[[[121.49715,25.00079],[121.49577,24.99872],[121.49431,24.99762],[121.49094,25.00326],[121.49371,25.00208],[121.49447,25.00214],[121.49668,25.00236],[121.50003,25.00264],[121.49816,25.0018],[121.49715,25.00079]]]}},{"type":"Feature","properties":{"VILLCODE":"65000190002","VILLNAME":"潭邊里","TOWNCODE":"65000190","TOWNNAME":"石碇區","COUNTYNAME":"新北市"},"geometry":{"type":"Polygon","coordinates":[[[121.67629,24.97647],[121.67348,24.97555],[121.67124,24.9753],[121.66877,24.97462],[121.66679,24.976],[121.66625,24.97751],[121.6665,24.97987],[121.66385,24.98576],[121.66189,24.98739],[121.66287,24.9882],[121.66322,24.98932],[121.66205,24.99078],[121.65975,24.99156],[121.65823,24.991],[121.65694,24.99103],[121.65356,24.99199],[121.65246,24.99086],[121.65479,24.98761],[121.65476,24.98638],[121.65091,24.98492],[121.64772,24.98391],[121.64479,24.9822],[121.64103,24.98046],[121.63907,24.98057],[121.63885,24.98172],[121.63775,24.98337],[121.63781,24.98438],[121.63702,24.98744],[121.63756,24.98809],[121.63711,24.98946],[121.63778,24.99128],[121.63639,24.99257],[121.63655,24.99358],[121.6379,24.9951],[121.63879,24.99479],[121.64052,24.99518],[121.64378,24.99513],[121.64412,24.99664],[121.64567,24.99818],[121.64725,24.99975],[121.64804,25.00144],[121.64987,25.00301],[121.65157,25.00363],[121.65498,25.00264],[121.65823,25.00194],[121.65946,25.00012],[121.6624,24.99858],[121.66464,24.99919],[121.66776,24.99715],[121.67035,24.99751],[121.67035,24.99863],[121.67291,24.999],[121.67474,24.99759],[121.67436,24.99558],[121.6743,24.99232],[121.67562,24.9921],[121.6809,24.9937],[121.68336,24.99342],[121.68642,24.99395],[121.68651,24.99238],[121.68525,24.9917],[121.68478,24.99053],[121.68686,24.98896],[121.6891,24.98638],[121.68942,24.98382],[121.68857,24.98318],[121.68655,24.98287],[121.6832,24.98051],[121.68172,24.97987],[121.68033,24.97872],[121.67739,24.97681],[121.67629,24.97647]]]}},{"type":"Feature","properties":{"VILLCODE":"65000030020","VILLNAME":"安樂里","TOWNCODE":"65000030","TOWNNAME":"中和區","COUNTYNAME":"新北市"},"geometry":{"type":"Polygon","coordinates":[[[121.51199,24.99667],[121.51139,24.99712],[121.51029,24.99799],[121.51133,24.99922],[121.51088,25.00023],[121.51388,25.00363],[121.51451,25.00377],[121.51502,25.00175],[121.5142,24.99945],[121.51433,24.999],[121.51199,24.99667]]]}},{"type":"Feature","properties":{"VILLCODE":"65000010092","VILLNAME":"中山里","TOWNCODE":"65000010","TOWNNAME":"板橋區","COUNTYNAME":"新北市"},"geometry":{"type":"Polygon","coordinates":[[[121.4481,24.99636],[121.44494,24.99751],[121.44517,24.99793],[121.44289,24.99874],[121.44299,24.99905],[121.4433,24.99992],[121.44469,24.99989],[121.4464,24.99928],[121.44766,25.00231],[121.45028,25.00379],[121.45258,25.00363],[121.45249,25.00183],[121.45167,24.99939],[121.44962,24.9972],[121.4481,24.99636]]]}},{"type":"Feature","properties":{"VILLCODE":"65000040030","VILLNAME":"潭墘里","TOWNCODE":"65000040","TOWNNAME":"永和區","COUNTYNAME":"新北市"},"geometry":{"type":"Polygon","coordinates":[[[121.51755,25.00172],[121.516,25.00054],[121.5165,25.00015],[121.5153,24.99883],[121.5142,24.99945],[121.51502,25.00175],[121.51451,25.00377],[121.51445,25.00388],[121.51578,25.00346],[121.51698,25.00374],[121.51732,25.00354],[121.51755,25.00172]]]}},{"type":"Feature","properties":{"VILLCODE":"65000010085","VILLNAME":"華貴里","TOWNCODE":"65000010","TOWNNAME":"板橋區","COUNTYNAME":"新北市"},"geometry":{"type":"Polygon","coordinates":[[[121.45887,25.00354],[121.45795,25.00158],[121.45602,25.00107],[121.45464,25.00124],[121.45508,25.00203],[121.457,25.00304],[121.4576,25.00393],[121.45887,25.00354]]]}},{"type":"Feature","properties":{"VILLCODE":"65000030069","VILLNAME":"國光里","TOWNCODE":"65000030","TOWNNAME":"中和區","COUNTYNAME":"新北市"},"geometry":{"type":"Polygon","coordinates":[[[121.46887,25.00116],[121.46625,25.00219],[121.46628,25.00219],[121.46682,25.00287],[121.4684,25.00332],[121.4701,25.00396],[121.47067,25.00236],[121.46893,25.00228],[121.46887,25.00116]]]}},{"type":"Feature","properties":{"VILLCODE":"65000010094","VILLNAME":"大安里","TOWNCODE":"65000010","TOWNNAME":"板橋區","COUNTYNAME":"新北市"},"geometry":{"type":"Polygon","coordinates":[[[121.45028,25.00379],[121.44766,25.00231],[121.4464,24.99928],[121.44469,24.99989],[121.44643,25.00211],[121.44697,25.00399],[121.45028,25.00379]]]}},{"type":"Feature","properties":{"VILLCODE":"65000030090","VILLNAME":"冠穗里","TOWNCODE":"65000030","TOWNNAME":"中和區","COUNTYNAME":"新北市"},"geometry":{"type":"Polygon","coordinates":[[[121.47449,25.00102],[121.47272,25.00034],[121.47228,25.00337],[121.47326,25.00399],[121.47402,25.00346],[121.47405,25.00273],[121.47449,25.00102]]]}},{"type":"Feature","properties":{"VILLCODE":"65000010087","VILLNAME":"華東里","TOWNCODE":"65000010","TOWNNAME":"板橋區","COUNTYNAME":"新北市"},"geometry":{"type":"Polygon","coordinates":[[[121.45489,24.99572],[121.44974,24.99344],[121.44554,24.99417],[121.4481,24.99636],[121.44962,24.9972],[121.45167,24.99939],[121.45249,25.00183],[121.45258,25.00363],[121.45482,25.00399],[121.45419,25.0027],[121.45508,25.00203],[121.45464,25.00124],[121.45602,25.00107],[121.45542,24.99773],[121.45612,24.99628],[121.45489,24.99572]]]}},{"type":"Feature","properties":{"VILLCODE":"65000010093","VILLNAME":"復興里","TOWNCODE":"65000010","TOWNNAME":"板橋區","COUNTYNAME":"新北市"},"geometry":{"type":"Polygon","coordinates":[[[121.4433,24.99992],[121.44375,25.00138],[121.44482,25.00407],[121.44697,25.00399],[121.44643,25.00211],[121.44469,24.99989],[121.4433,24.99992]]]}},{"type":"Feature","properties":{"VILLCODE":"65000040012","VILLNAME":"秀林里","TOWNCODE":"65000040","TOWNNAME":"永和區","COUNTYNAME":"新北市"},"geometry":{"type":"Polygon","coordinates":[[[121.52509,25.00158],[121.52462,25.00076],[121.52222,25.0011],[121.52244,25.00175],[121.52288,25.00334],[121.52424,25.00416],[121.52525,25.00396],[121.52509,25.00158]]]}},{"type":"Feature","properties":{"VILLCODE":"65000030060","VILLNAME":"嘉新里","TOWNCODE":"65000030","TOWNNAME":"中和區","COUNTYNAME":"新北市"},"geometry":{"type":"Polygon","coordinates":[[[121.47566,25.00006],[121.47537,25.00096],[121.47585,25.00205],[121.47607,25.00205],[121.47904,25.00427],[121.48055,25.00424],[121.48121,25.00295],[121.48131,25.00107],[121.4791,24.99978],[121.47607,24.99961],[121.47566,25.00006]]]}},{"type":"Feature","properties":{"VILLCODE":"65000030023","VILLNAME":"中安里","TOWNCODE":"65000030","TOWNNAME":"中和區","COUNTYNAME":"新北市"},"geometry":{"type":"Polygon","coordinates":[[[121.51088,25.00023],[121.51,25.00149],[121.51006,25.00155],[121.51256,25.00433],[121.51445,25.00388],[121.51451,25.00377],[121.51388,25.00363],[121.51088,25.00023]]]}},{"type":"Feature","properties":{"VILLCODE":"65000030062","VILLNAME":"安穗里","TOWNCODE":"65000030","TOWNNAME":"中和區","COUNTYNAME":"新北市"},"geometry":{"type":"Polygon","coordinates":[[[121.48251,24.99953],[121.48128,24.9995],[121.48131,25.00107],[121.48121,25.00295],[121.48055,25.00424],[121.48248,25.00278],[121.48333,25.00281],[121.48358,25.00113],[121.48251,25.00107],[121.48251,24.99953]]]}},{"type":"Feature","properties":{"VILLCODE":"65000040039","VILLNAME":"得和里","TOWNCODE":"65000040","TOWNNAME":"永和區","COUNTYNAME":"新北市"},"geometry":{"type":"Polygon","coordinates":[[[121.51909,25.00026],[121.51893,25.00029],[121.51764,25.0002],[121.51755,25.00172],[121.51732,25.00354],[121.51723,25.00438],[121.5177,25.00391],[121.51953,25.00416],[121.52054,25.00301],[121.52051,25.00298],[121.51953,25.00191],[121.51909,25.00026]]]}},{"type":"Feature","properties":{"VILLCODE":"65000030018","VILLNAME":"福和里","TOWNCODE":"65000030","TOWNNAME":"中和區","COUNTYNAME":"新北市"},"geometry":{"type":"Polygon","coordinates":[[[121.50176,25.00239],[121.50059,25.00267],[121.50214,25.00304],[121.50404,25.00458],[121.50624,25.00323],[121.50464,25.00231],[121.5028,25.0018],[121.50176,25.00239]]]}},{"type":"Feature","properties":{"VILLCODE":"65000010096","VILLNAME":"聚安里","TOWNCODE":"65000010","TOWNNAME":"板橋區","COUNTYNAME":"新北市"},"geometry":{"type":"Polygon","coordinates":[[[121.44375,25.00138],[121.43645,25.00079],[121.43699,25.00315],[121.43686,25.00458],[121.44337,25.00416],[121.44482,25.00407],[121.44375,25.00138]]]}},{"type":"Feature","properties":{"VILLCODE":"65000030084","VILLNAME":"碧河里","TOWNCODE":"65000030","TOWNNAME":"中和區","COUNTYNAME":"新北市"},"geometry":{"type":"Polygon","coordinates":[[[121.49422,24.99384],[121.49226,24.99398],[121.49318,24.99518],[121.49283,24.99678],[121.48986,24.99625],[121.4892,24.99849],[121.48866,24.99846],[121.48809,25.00018],[121.48715,25.00104],[121.48633,25.00262],[121.48585,25.0048],[121.48803,25.00458],[121.49094,25.00326],[121.49431,24.99762],[121.49583,24.99569],[121.49542,24.99378],[121.49422,24.99384]]]}},{"type":"Feature","properties":{"VILLCODE":"65000070028","VILLNAME":"圳福里","TOWNCODE":"65000070","TOWNNAME":"樹林區","COUNTYNAME":"新北市"},"geometry":{"type":"Polygon","coordinates":[[[121.43039,24.9972],[121.42875,24.99709],[121.42717,24.99872],[121.42695,24.99844],[121.4262,24.99905],[121.42588,25.00152],[121.4278,25.0032],[121.43087,25.00489],[121.432,25.00357],[121.43131,25.00214],[121.43109,25.00009],[121.43039,24.9972]]]}},{"type":"Feature","properties":{"VILLCODE":"65000030002","VILLNAME":"平河里","TOWNCODE":"65000030","TOWNNAME":"中和區","COUNTYNAME":"新北市"},"geometry":{"type":"Polygon","coordinates":[[[121.48516,24.99616],[121.48371,24.99605],[121.4838,24.99877],[121.48358,25.00113],[121.48333,25.00281],[121.48308,25.00489],[121.48585,25.0048],[121.48633,25.00262],[121.48715,25.00104],[121.48809,25.00018],[121.48866,24.99846],[121.4892,24.99849],[121.48986,24.99625],[121.48803,24.99616],[121.48516,24.99616]]]}},{"type":"Feature","properties":{"VILLCODE":"65000040025","VILLNAME":"安和里","TOWNCODE":"65000040","TOWNNAME":"永和區","COUNTYNAME":"新北市"},"geometry":{"type":"Polygon","coordinates":[[[121.51006,25.00155],[121.50864,25.00248],[121.50899,25.00391],[121.51297,25.00508],[121.51256,25.00433],[121.51006,25.00155]]]}},{"type":"Feature","properties":{"VILLCODE":"65000010076","VILLNAME":"福星里","TOWNCODE":"65000010","TOWNNAME":"板橋區","COUNTYNAME":"新北市"},"geometry":{"type":"Polygon","coordinates":[[[121.46287,25.00175],[121.4595,25.00096],[121.45861,25.00043],[121.46,25.00304],[121.45984,25.00469],[121.46221,25.00511],[121.46253,25.00514],[121.46325,25.00236],[121.46287,25.00175]]]}},{"type":"Feature","properties":{"VILLCODE":"65000180002","VILLNAME":"萬順里","TOWNCODE":"65000180","TOWNNAME":"深坑區","COUNTYNAME":"新北市"},"geometry":{"type":"Polygon","coordinates":[[[121.61161,25.00048],[121.60744,24.99928],[121.60615,25.00001],[121.60511,24.99967],[121.60347,25.00032],[121.60205,25.00141],[121.59943,25.00281],[121.59936,25.00284],[121.59709,25.00455],[121.59614,25.00427],[121.59605,25.0043],[121.59602,25.00433],[121.59687,25.00517],[121.60261,25.00332],[121.60514,25.00194],[121.60994,25.00102],[121.61155,25.00124],[121.61161,25.00048]]]}},{"type":"Feature","properties":{"VILLCODE":"65000010084","VILLNAME":"華興里","TOWNCODE":"65000010","TOWNNAME":"板橋區","COUNTYNAME":"新北市"},"geometry":{"type":"Polygon","coordinates":[[[121.4576,25.00393],[121.457,25.00304],[121.45508,25.00203],[121.45419,25.0027],[121.45482,25.00399],[121.45656,25.00525],[121.45786,25.00469],[121.4576,25.00393]]]}},{"type":"Feature","properties":{"VILLCODE":"65000010074","VILLNAME":"福德里","TOWNCODE":"65000010","TOWNNAME":"板橋區","COUNTYNAME":"新北市"},"geometry":{"type":"Polygon","coordinates":[[[121.46628,25.00219],[121.46515,25.00262],[121.46325,25.00236],[121.46253,25.00514],[121.46433,25.00545],[121.46796,25.00419],[121.4684,25.00332],[121.46682,25.00287],[121.46628,25.00219]]]}},{"type":"Feature","properties":{"VILLCODE":"65000040020","VILLNAME":"秀朗里","TOWNCODE":"65000040","TOWNNAME":"永和區","COUNTYNAME":"新北市"},"geometry":{"type":"Polygon","coordinates":[[[121.52683,25.00141],[121.52544,25.00155],[121.52509,25.00158],[121.52525,25.00396],[121.52424,25.00416],[121.52613,25.00528],[121.52714,25.00584],[121.52683,25.00141]]]}},{"type":"Feature","properties":{"VILLCODE":"65000040021","VILLNAME":"秀成里","TOWNCODE":"65000040","TOWNNAME":"永和區","COUNTYNAME":"新北市"},"geometry":{"type":"Polygon","coordinates":[[[121.52888,25.00175],[121.52683,25.00141],[121.52714,25.00584],[121.52812,25.00427],[121.52888,25.00175]]]}},{"type":"Feature","properties":{"VILLCODE":"65000030017","VILLNAME":"瓦磘里","TOWNCODE":"65000030","TOWNNAME":"中和區","COUNTYNAME":"新北市"},"geometry":{"type":"Polygon","coordinates":[[[121.50864,25.00248],[121.50738,25.00177],[121.50624,25.00323],[121.50404,25.00458],[121.50568,25.00598],[121.50725,25.00531],[121.50814,25.00447],[121.50899,25.00391],[121.50864,25.00248]]]}},{"type":"Feature","properties":{"VILLCODE":"65000030087","VILLNAME":"民有里","TOWNCODE":"65000030","TOWNNAME":"中和區","COUNTYNAME":"新北市"},"geometry":{"type":"Polygon","coordinates":[[[121.47585,25.00205],[121.47594,25.00306],[121.47405,25.00273],[121.47402,25.00346],[121.47376,25.00609],[121.47648,25.00567],[121.4772,25.00399],[121.47638,25.00351],[121.47607,25.00205],[121.47585,25.00205]]]}},{"type":"Feature","properties":{"VILLCODE":"65000010111","VILLNAME":"華福里","TOWNCODE":"65000010","TOWNNAME":"板橋區","COUNTYNAME":"新北市"},"geometry":{"type":"Polygon","coordinates":[[[121.45887,25.00354],[121.4576,25.00393],[121.45786,25.00469],[121.45656,25.00525],[121.45757,25.0064],[121.45842,25.00607],[121.45887,25.00354]]]}},{"type":"Feature","properties":{"VILLCODE":"65000030013","VILLNAME":"福真里","TOWNCODE":"65000030","TOWNNAME":"中和區","COUNTYNAME":"新北市"},"geometry":{"type":"Polygon","coordinates":[[[121.49668,25.00236],[121.49447,25.00214],[121.49438,25.00435],[121.49463,25.00598],[121.49545,25.00657],[121.49646,25.00421],[121.49668,25.00236]]]}},{"type":"Feature","properties":{"VILLCODE":"65000040015","VILLNAME":"永安里","TOWNCODE":"65000040","TOWNNAME":"永和區","COUNTYNAME":"新北市"},"geometry":{"type":"Polygon","coordinates":[[[121.51698,25.00374],[121.51578,25.00346],[121.51445,25.00388],[121.51445,25.00657],[121.51537,25.00626],[121.51698,25.00374]]]}},{"type":"Feature","properties":{"VILLCODE":"65000030068","VILLNAME":"民生里","TOWNCODE":"65000030","TOWNNAME":"中和區","COUNTYNAME":"新北市"},"geometry":{"type":"Polygon","coordinates":[[[121.4701,25.00396],[121.4684,25.00332],[121.46796,25.00419],[121.46796,25.00447],[121.47095,25.00657],[121.47121,25.00581],[121.47032,25.00545],[121.47077,25.00421],[121.4701,25.00396]]]}},{"type":"Feature","properties":{"VILLCODE":"65000030014","VILLNAME":"福善里","TOWNCODE":"65000030","TOWNNAME":"中和區","COUNTYNAME":"新北市"},"geometry":{"type":"Polygon","coordinates":[[[121.50003,25.00264],[121.49668,25.00236],[121.49646,25.00421],[121.49545,25.00657],[121.49649,25.00607],[121.49646,25.00567],[121.49848,25.00469],[121.50003,25.00264]]]}},{"type":"Feature","properties":{"VILLCODE":"65000030055","VILLNAME":"積穗里","TOWNCODE":"65000030","TOWNNAME":"中和區","COUNTYNAME":"新北市"},"geometry":{"type":"Polygon","coordinates":[[[121.48055,25.00424],[121.47904,25.00427],[121.47607,25.00205],[121.47638,25.00351],[121.4772,25.00399],[121.47648,25.00567],[121.47796,25.00553],[121.47998,25.00598],[121.48055,25.00663],[121.48273,25.00626],[121.48308,25.00489],[121.48333,25.00281],[121.48248,25.00278],[121.48055,25.00424]]]}},{"type":"Feature","properties":{"VILLCODE":"65000030067","VILLNAME":"德穗里","TOWNCODE":"65000030","TOWNNAME":"中和區","COUNTYNAME":"新北市"},"geometry":{"type":"Polygon","coordinates":[[[121.47272,25.00034],[121.47114,25.00026],[121.47067,25.00236],[121.4701,25.00396],[121.47077,25.00421],[121.47032,25.00545],[121.47121,25.00581],[121.47095,25.00657],[121.47111,25.00663],[121.47187,25.00626],[121.47228,25.00337],[121.47272,25.00034]]]}},{"type":"Feature","properties":{"VILLCODE":"65000040026","VILLNAME":"水源里","TOWNCODE":"65000040","TOWNNAME":"永和區","COUNTYNAME":"新北市"},"geometry":{"type":"Polygon","coordinates":[[[121.51297,25.00508],[121.50899,25.00391],[121.50814,25.00447],[121.51088,25.00668],[121.51167,25.00587],[121.51287,25.00651],[121.51297,25.00508]]]}},{"type":"Feature","properties":{"VILLCODE":"65000030016","VILLNAME":"福祥里","TOWNCODE":"65000030","TOWNNAME":"中和區","COUNTYNAME":"新北市"},"geometry":{"type":"Polygon","coordinates":[[[121.50059,25.00267],[121.50003,25.00264],[121.49848,25.00469],[121.49646,25.00567],[121.49649,25.00607],[121.4981,25.00629],[121.49835,25.00682],[121.4994,25.00668],[121.50044,25.00466],[121.50091,25.00354],[121.50059,25.00267]]]}},{"type":"Feature","properties":{"VILLCODE":"65000040047","VILLNAME":"秀和里","TOWNCODE":"65000040","TOWNNAME":"永和區","COUNTYNAME":"新北市"},"geometry":{"type":"Polygon","coordinates":[[[121.52244,25.00175],[121.52051,25.00298],[121.52054,25.00301],[121.52114,25.00354],[121.51972,25.00469],[121.52089,25.00623],[121.52181,25.00567],[121.52225,25.00629],[121.52304,25.00705],[121.52408,25.0064],[121.52613,25.00528],[121.52424,25.00416],[121.52288,25.00334],[121.52244,25.00175]]]}},{"type":"Feature","properties":{"VILLCODE":"65000040033","VILLNAME":"保平里","TOWNCODE":"65000040","TOWNNAME":"永和區","COUNTYNAME":"新北市"},"geometry":{"type":"Polygon","coordinates":[[[121.50814,25.00447],[121.50725,25.00531],[121.50568,25.00598],[121.50552,25.00609],[121.50688,25.00716],[121.50855,25.0064],[121.5101,25.00761],[121.51088,25.00668],[121.50814,25.00447]]]}},{"type":"Feature","properties":{"VILLCODE":"65000040038","VILLNAME":"福和里","TOWNCODE":"65000040","TOWNNAME":"永和區","COUNTYNAME":"新北市"},"geometry":{"type":"Polygon","coordinates":[[[121.52054,25.00301],[121.51953,25.00416],[121.5177,25.00391],[121.51723,25.00438],[121.51688,25.00741],[121.51909,25.00761],[121.51916,25.00643],[121.51859,25.00562],[121.51972,25.00469],[121.52114,25.00354],[121.52054,25.00301]]]}},{"type":"Feature","properties":{"VILLCODE":"65000040061","VILLNAME":"永樂里","TOWNCODE":"65000040","TOWNNAME":"永和區","COUNTYNAME":"新北市"},"geometry":{"type":"Polygon","coordinates":[[[121.51445,25.00388],[121.51256,25.00433],[121.51297,25.00508],[121.51287,25.00651],[121.51379,25.00783],[121.51445,25.00657],[121.51445,25.00388]]]}},{"type":"Feature","properties":{"VILLCODE":"65000040006","VILLNAME":"永貞里","TOWNCODE":"65000040","TOWNNAME":"永和區","COUNTYNAME":"新北市"},"geometry":{"type":"Polygon","coordinates":[[[121.52225,25.00629],[121.52181,25.00567],[121.52089,25.00623],[121.51972,25.00469],[121.51859,25.00562],[121.51916,25.00643],[121.51909,25.00761],[121.52083,25.00778],[121.52174,25.00786],[121.52225,25.00629]]]}},{"type":"Feature","properties":{"VILLCODE":"65000010073","VILLNAME":"國泰里","TOWNCODE":"65000010","TOWNNAME":"板橋區","COUNTYNAME":"新北市"},"geometry":{"type":"Polygon","coordinates":[[[121.46796,25.00419],[121.46433,25.00545],[121.46404,25.00724],[121.46458,25.00789],[121.46688,25.00691],[121.46751,25.00727],[121.46796,25.00447],[121.46796,25.00419]]]}},{"type":"Feature","properties":{"VILLCODE":"65000010110","VILLNAME":"後埔里","TOWNCODE":"65000010","TOWNNAME":"板橋區","COUNTYNAME":"新北市"},"geometry":{"type":"Polygon","coordinates":[[[121.46253,25.00514],[121.46221,25.00511],[121.4618,25.00738],[121.46357,25.00775],[121.46458,25.00789],[121.46404,25.00724],[121.46433,25.00545],[121.46253,25.00514]]]}},{"type":"Feature","properties":{"VILLCODE":"65000030019","VILLNAME":"佳和里","TOWNCODE":"65000030","TOWNNAME":"中和區","COUNTYNAME":"新北市"},"geometry":{"type":"Polygon","coordinates":[[[121.50404,25.00458],[121.50214,25.00304],[121.50059,25.00267],[121.50091,25.00354],[121.50044,25.00466],[121.50202,25.00419],[121.50366,25.00492],[121.50331,25.0057],[121.5016,25.00607],[121.50208,25.00668],[121.50056,25.00705],[121.50069,25.00792],[121.50255,25.00713],[121.50366,25.00702],[121.50552,25.00609],[121.50568,25.00598],[121.50404,25.00458]]]}},{"type":"Feature","properties":{"VILLCODE":"65000040056","VILLNAME":"店街里","TOWNCODE":"65000040","TOWNNAME":"永和區","COUNTYNAME":"新北市"},"geometry":{"type":"Polygon","coordinates":[[[121.51732,25.00354],[121.51698,25.00374],[121.51537,25.00626],[121.51445,25.00657],[121.51379,25.00783],[121.51382,25.00806],[121.51496,25.00722],[121.51688,25.00741],[121.51723,25.00438],[121.51732,25.00354]]]}},{"type":"Feature","properties":{"VILLCODE":"65000070032","VILLNAME":"金寮里","TOWNCODE":"65000070","TOWNNAME":"樹林區","COUNTYNAME":"新北市"},"geometry":{"type":"Polygon","coordinates":[[[121.42424,25.00281],[121.42209,25.00118],[121.42007,25.00006],[121.41739,25.00006],[121.41628,24.9997],[121.41499,24.99849],[121.41246,24.99751],[121.41145,24.99936],[121.41155,25.00023],[121.41319,25.002],[121.4137,25.00382],[121.41515,25.00346],[121.41625,25.00646],[121.41786,25.00808],[121.41859,25.00696],[121.41998,25.00592],[121.42238,25.00438],[121.42424,25.00281]]]}},{"type":"Feature","properties":{"VILLCODE":"65000030063","VILLNAME":"瑞穗里","TOWNCODE":"65000030","TOWNNAME":"中和區","COUNTYNAME":"新北市"},"geometry":{"type":"Polygon","coordinates":[[[121.47402,25.00346],[121.47326,25.00399],[121.47228,25.00337],[121.47187,25.00626],[121.47111,25.00663],[121.47212,25.00713],[121.47323,25.00808],[121.47376,25.00609],[121.47402,25.00346]]]}},{"type":"Feature","properties":{"VILLCODE":"65000030015","VILLNAME":"福美里","TOWNCODE":"65000030","TOWNNAME":"中和區","COUNTYNAME":"新北市"},"geometry":{"type":"Polygon","coordinates":[[[121.50044,25.00466],[121.4994,25.00668],[121.49835,25.00682],[121.49845,25.00851],[121.50069,25.00792],[121.50056,25.00705],[121.50208,25.00668],[121.5016,25.00607],[121.50331,25.0057],[121.50366,25.00492],[121.50202,25.00419],[121.50044,25.00466]]]}},{"type":"Feature","properties":{"VILLCODE":"65000040007","VILLNAME":"永福里","TOWNCODE":"65000040","TOWNNAME":"永和區","COUNTYNAME":"新北市"},"geometry":{"type":"Polygon","coordinates":[[[121.52408,25.0064],[121.52304,25.00705],[121.52225,25.00629],[121.52174,25.00786],[121.52468,25.00867],[121.52522,25.00792],[121.52408,25.0064]]]}},{"type":"Feature","properties":{"VILLCODE":"65000010007","VILLNAME":"新興里","TOWNCODE":"65000010","TOWNNAME":"板橋區","COUNTYNAME":"新北市"},"geometry":{"type":"Polygon","coordinates":[[[121.45757,25.0064],[121.45656,25.00525],[121.45441,25.00615],[121.45318,25.00853],[121.45331,25.00867],[121.45457,25.00867],[121.45634,25.00758],[121.45776,25.00663],[121.45757,25.0064]]]}},{"type":"Feature","properties":{"VILLCODE":"65000010091","VILLNAME":"僑中里","TOWNCODE":"65000010","TOWNNAME":"板橋區","COUNTYNAME":"新北市"},"geometry":{"type":"Polygon","coordinates":[[[121.44482,25.00407],[121.44337,25.00416],[121.44412,25.00873],[121.44618,25.00845],[121.44561,25.00592],[121.44482,25.00407]]]}},{"type":"Feature","properties":{"VILLCODE":"65000040027","VILLNAME":"協和里","TOWNCODE":"65000040","TOWNNAME":"永和區","COUNTYNAME":"新北市"},"geometry":{"type":"Polygon","coordinates":[[[121.51287,25.00651],[121.51167,25.00587],[121.51088,25.00668],[121.5101,25.00761],[121.51291,25.00867],[121.51404,25.00873],[121.51382,25.00806],[121.51379,25.00783],[121.51287,25.00651]]]}},{"type":"Feature","properties":{"VILLCODE":"65000010071","VILLNAME":"福祿里","TOWNCODE":"65000010","TOWNNAME":"板橋區","COUNTYNAME":"新北市"},"geometry":{"type":"Polygon","coordinates":[[[121.47095,25.00657],[121.46796,25.00447],[121.46751,25.00727],[121.46688,25.00691],[121.46458,25.00789],[121.46505,25.00879],[121.46578,25.00853],[121.47111,25.00663],[121.47095,25.00657]]]}},{"type":"Feature","properties":{"VILLCODE":"65000190006","VILLNAME":"豐田里","TOWNCODE":"65000190","TOWNNAME":"石碇區","COUNTYNAME":"新北市"},"geometry":{"type":"Polygon","coordinates":[[[121.71773,24.97143],[121.71565,24.97081],[121.71205,24.97241],[121.7112,24.97182],[121.70823,24.97272],[121.70634,24.97134],[121.70466,24.97064],[121.70315,24.96786],[121.70217,24.9668],[121.7004,24.96663],[121.69864,24.96467],[121.6975,24.96486],[121.69387,24.96444],[121.69144,24.96315],[121.68977,24.96343],[121.69037,24.96641],[121.68844,24.96562],[121.68532,24.9675],[121.68109,24.97126],[121.6803,24.97378],[121.6796,24.97474],[121.67686,24.97513],[121.67629,24.97647],[121.67739,24.97681],[121.68033,24.97872],[121.68172,24.97987],[121.6832,24.98051],[121.68655,24.98287],[121.68857,24.98318],[121.68942,24.98382],[121.6891,24.98638],[121.68686,24.98896],[121.68478,24.99053],[121.68525,24.9917],[121.68651,24.99238],[121.68642,24.99395],[121.68781,24.99555],[121.68847,24.99527],[121.69172,24.99572],[121.69403,24.9972],[121.69545,24.99782],[121.6993,24.99883],[121.70173,24.99855],[121.70255,24.99928],[121.70725,25.00121],[121.71006,25.00393],[121.71234,25.00494],[121.71363,25.00601],[121.71641,25.00671],[121.71792,25.00741],[121.71966,25.00738],[121.72095,25.00873],[121.72114,25.00881],[121.72222,25.00761],[121.72263,25.00539],[121.72174,25.00124],[121.72051,25.0009],[121.72079,24.99939],[121.72165,24.99818],[121.72319,24.99692],[121.72515,24.99204],[121.72651,24.99025],[121.72679,24.98918],[121.72525,24.98775],[121.72455,24.98629],[121.72458,24.98368],[121.72367,24.98259],[121.72203,24.98239],[121.72092,24.98136],[121.72064,24.98023],[121.71852,24.98004],[121.71726,24.97917],[121.71735,24.97816],[121.71824,24.97692],[121.71817,24.9749],[121.71773,24.97143]]]}},{"type":"Feature","properties":{"VILLCODE":"65000040048","VILLNAME":"河濱里","TOWNCODE":"65000040","TOWNNAME":"永和區","COUNTYNAME":"新北市"},"geometry":{"type":"Polygon","coordinates":[[[121.52714,25.00584],[121.52613,25.00528],[121.52408,25.0064],[121.52522,25.00792],[121.52468,25.00867],[121.52515,25.00887],[121.52714,25.00584]]]}},{"type":"Feature","properties":{"VILLCODE":"65000040032","VILLNAME":"大新里","TOWNCODE":"65000040","TOWNNAME":"永和區","COUNTYNAME":"新北市"},"geometry":{"type":"Polygon","coordinates":[[[121.51688,25.00741],[121.51496,25.00722],[121.51382,25.00806],[121.51404,25.00873],[121.51407,25.00895],[121.51672,25.0089],[121.51688,25.00741]]]}},{"type":"Feature","properties":{"VILLCODE":"65000180001","VILLNAME":"深坑里","TOWNCODE":"65000180","TOWNNAME":"深坑區","COUNTYNAME":"新北市"},"geometry":{"type":"Polygon","coordinates":[[[121.61363,25.00054],[121.61294,25.00093],[121.61161,25.00048],[121.61155,25.00124],[121.61294,25.00581],[121.6141,25.00674],[121.61492,25.00803],[121.61622,25.00895],[121.61748,25.00332],[121.61657,25.00278],[121.61691,25.00191],[121.61799,25.00197],[121.62136,25.00116],[121.62004,24.99953],[121.61922,24.99953],[121.61363,25.00054]]]}},{"type":"Feature","properties":{"VILLCODE":"65000010075","VILLNAME":"景星里","TOWNCODE":"65000010","TOWNNAME":"板橋區","COUNTYNAME":"新北市"},"geometry":{"type":"Polygon","coordinates":[[[121.46221,25.00511],[121.45984,25.00469],[121.4595,25.0071],[121.46085,25.00907],[121.46082,25.00797],[121.4618,25.00738],[121.46221,25.00511]]]}},{"type":"Feature","properties":{"VILLCODE":"65000040004","VILLNAME":"光明里","TOWNCODE":"65000040","TOWNNAME":"永和區","COUNTYNAME":"新北市"},"geometry":{"type":"Polygon","coordinates":[[[121.51909,25.00761],[121.51688,25.00741],[121.51672,25.0089],[121.52058,25.00915],[121.52083,25.00778],[121.51909,25.00761]]]}},{"type":"Feature","properties":{"VILLCODE":"65000010072","VILLNAME":"民族里","TOWNCODE":"65000010","TOWNNAME":"板橋區","COUNTYNAME":"新北市"},"geometry":{"type":"Polygon","coordinates":[[[121.47212,25.00713],[121.47111,25.00663],[121.46578,25.00853],[121.46887,25.00918],[121.47127,25.00895],[121.47212,25.00713]]]}},{"type":"Feature","properties":{"VILLCODE":"65000010077","VILLNAME":"鄉雲里","TOWNCODE":"65000010","TOWNNAME":"板橋區","COUNTYNAME":"新北市"},"geometry":{"type":"Polygon","coordinates":[[[121.45628,24.99636],[121.45612,24.99628],[121.45542,24.99773],[121.45602,25.00107],[121.45795,25.00158],[121.45887,25.00354],[121.45842,25.00607],[121.45757,25.0064],[121.45776,25.00663],[121.45845,25.00727],[121.46032,25.00943],[121.46085,25.00907],[121.4595,25.0071],[121.45984,25.00469],[121.46,25.00304],[121.45861,25.00043],[121.45827,24.99964],[121.45697,24.99695],[121.45694,24.99689],[121.45628,24.99636]]]}},{"type":"Feature","properties":{"VILLCODE":"65000010002","VILLNAME":"流芳里","TOWNCODE":"65000010","TOWNNAME":"板橋區","COUNTYNAME":"新北市"},"geometry":{"type":"Polygon","coordinates":[[[121.45776,25.00663],[121.45634,25.00758],[121.45637,25.00929],[121.45729,25.0096],[121.45741,25.0096],[121.45845,25.00727],[121.45776,25.00663]]]}},{"type":"Feature","properties":{"VILLCODE":"65000030057","VILLNAME":"員山里","TOWNCODE":"65000030","TOWNNAME":"中和區","COUNTYNAME":"新北市"},"geometry":{"type":"Polygon","coordinates":[[[121.47648,25.00567],[121.47376,25.00609],[121.47323,25.00808],[121.47408,25.00884],[121.4749,25.00693],[121.47784,25.00929],[121.48074,25.00952],[121.48219,25.00811],[121.48273,25.00626],[121.48055,25.00663],[121.47998,25.00598],[121.47796,25.00553],[121.47648,25.00567]]]}},{"type":"Feature","properties":{"VILLCODE":"65000040001","VILLNAME":"福林里","TOWNCODE":"65000040","TOWNNAME":"永和區","COUNTYNAME":"新北市"},"geometry":{"type":"Polygon","coordinates":[[[121.52174,25.00786],[121.52083,25.00778],[121.52058,25.00915],[121.52307,25.00985],[121.52506,25.00904],[121.52515,25.00887],[121.52468,25.00867],[121.52174,25.00786]]]}},{"type":"Feature","properties":{"VILLCODE":"65000180004","VILLNAME":"昇高里","TOWNCODE":"65000180","TOWNNAME":"深坑區","COUNTYNAME":"新北市"},"geometry":{"type":"Polygon","coordinates":[[[121.62888,24.97384],[121.62503,24.97117],[121.62433,24.97103],[121.61997,24.96927],[121.61919,24.97058],[121.61723,24.97112],[121.61783,24.97577],[121.61887,24.97785],[121.61748,24.97973],[121.61537,24.97964],[121.61417,24.97906],[121.61319,24.98004],[121.61278,24.98144],[121.61366,24.9813],[121.61398,24.9841],[121.61237,24.98548],[121.61546,24.98854],[121.61609,24.98966],[121.61713,24.99002],[121.61859,24.9919],[121.61758,24.99381],[121.6166,24.99437],[121.6171,24.99583],[121.61366,24.99563],[121.61366,24.9981],[121.61297,24.99964],[121.61363,25.00054],[121.61922,24.99953],[121.62004,24.99953],[121.62136,25.00116],[121.62155,25.00191],[121.62345,25.00346],[121.62493,25.00528],[121.62547,25.00657],[121.62705,25.00654],[121.62736,25.00545],[121.62799,25.00548],[121.63014,25.00733],[121.63137,25.00937],[121.632,25.00985],[121.63361,25.00963],[121.63519,25.00893],[121.6385,25.00848],[121.64062,25.00895],[121.64144,25.00758],[121.63992,25.00651],[121.63923,25.00545],[121.63926,25.00393],[121.64024,25.00262],[121.64182,25.00228],[121.64469,25.00208],[121.64523,25.00149],[121.6451,24.99947],[121.64567,24.99818],[121.64412,24.99664],[121.64378,24.99513],[121.64052,24.99518],[121.63879,24.99479],[121.6379,24.9951],[121.63655,24.99358],[121.63639,24.99257],[121.63778,24.99128],[121.63711,24.98946],[121.63756,24.98809],[121.63702,24.98744],[121.63781,24.98438],[121.63775,24.98337],[121.63885,24.98172],[121.63907,24.98057],[121.63759,24.97998],[121.63674,24.9788],[121.6339,24.97768],[121.6315,24.97547],[121.62888,24.97384]]]}},{"type":"Feature","properties":{"VILLCODE":"65000070031","VILLNAME":"光興里","TOWNCODE":"65000070","TOWNNAME":"樹林區","COUNTYNAME":"新北市"},"geometry":{"type":"Polygon","coordinates":[[[121.40331,24.99959],[121.40299,25.00057],[121.40202,25.00104],[121.40205,25.00253],[121.40015,25.00444],[121.39996,25.00573],[121.39993,25.00576],[121.40214,25.00761],[121.40432,25.00789],[121.40571,25.00853],[121.40741,25.00999],[121.40969,25.00982],[121.40883,25.00853],[121.40956,25.00764],[121.40868,25.00727],[121.40947,25.00637],[121.40931,25.00514],[121.41041,25.00357],[121.4119,25.00343],[121.41202,25.00407],[121.41325,25.00447],[121.4137,25.00382],[121.41319,25.002],[121.41155,25.00023],[121.41145,24.99936],[121.41246,24.99751],[121.41063,24.99804],[121.40883,24.9979],[121.40669,24.99644],[121.40584,24.99661],[121.40394,24.9983],[121.40328,24.99956],[121.40331,24.99959]]]}},{"type":"Feature","properties":{"VILLCODE":"65000040044","VILLNAME":"和平里","TOWNCODE":"65000040","TOWNNAME":"永和區","COUNTYNAME":"新北市"},"geometry":{"type":"Polygon","coordinates":[[[121.5101,25.00761],[121.50855,25.0064],[121.50688,25.00716],[121.50994,25.00968],[121.51051,25.0101],[121.51259,25.00991],[121.51291,25.00867],[121.5101,25.00761]]]}},{"type":"Feature","properties":{"VILLCODE":"65000040003","VILLNAME":"豫溪里","TOWNCODE":"65000040","TOWNNAME":"永和區","COUNTYNAME":"新北市"},"geometry":{"type":"Polygon","coordinates":[[[121.51672,25.0089],[121.51407,25.00895],[121.51445,25.01036],[121.51726,25.00988],[121.52035,25.01027],[121.52058,25.00915],[121.51672,25.0089]]]}},{"type":"Feature","properties":{"VILLCODE":"65000180006","VILLNAME":"埔新里","TOWNCODE":"65000180","TOWNNAME":"深坑區","COUNTYNAME":"新北市"},"geometry":{"type":"Polygon","coordinates":[[[121.62136,25.00116],[121.61799,25.00197],[121.61691,25.00191],[121.61657,25.00278],[121.61748,25.00332],[121.61622,25.00895],[121.61887,25.01086],[121.61868,25.01008],[121.62124,25.00814],[121.62244,25.00679],[121.62206,25.00455],[121.62345,25.00346],[121.62155,25.00191],[121.62136,25.00116]]]}},{"type":"Feature","properties":{"VILLCODE":"65000040043","VILLNAME":"前溪里","TOWNCODE":"65000040","TOWNNAME":"永和區","COUNTYNAME":"新北市"},"geometry":{"type":"Polygon","coordinates":[[[121.51404,25.00873],[121.51291,25.00867],[121.51259,25.00991],[121.51051,25.0101],[121.5112,25.01066],[121.5119,25.01092],[121.51445,25.01036],[121.51407,25.00895],[121.51404,25.00873]]]}},{"type":"Feature","properties":{"VILLCODE":"65000070004","VILLNAME":"圳安里","TOWNCODE":"65000070","TOWNNAME":"樹林區","COUNTYNAME":"新北市"},"geometry":{"type":"Polygon","coordinates":[[[121.42588,25.00152],[121.42424,25.00281],[121.42238,25.00438],[121.41998,25.00592],[121.42061,25.00682],[121.42386,25.00873],[121.42323,25.01002],[121.42648,25.01114],[121.42673,25.01052],[121.42632,25.00988],[121.42698,25.0082],[121.42806,25.00879],[121.42986,25.00679],[121.43008,25.00545],[121.43087,25.00489],[121.4278,25.0032],[121.42588,25.00152]]]}},{"type":"Feature","properties":{"VILLCODE":"65000010001","VILLNAME":"留侯里","TOWNCODE":"65000010","TOWNNAME":"板橋區","COUNTYNAME":"新北市"},"geometry":{"type":"Polygon","coordinates":[[[121.45634,25.00758],[121.45457,25.00867],[121.45331,25.00867],[121.45438,25.00921],[121.45394,25.01066],[121.45476,25.01131],[121.45524,25.01156],[121.45615,25.01086],[121.4558,25.00994],[121.45729,25.0096],[121.45637,25.00929],[121.45634,25.00758]]]}},{"type":"Feature","properties":{"VILLCODE":"65000030088","VILLNAME":"員富里","TOWNCODE":"65000030","TOWNNAME":"中和區","COUNTYNAME":"新北市"},"geometry":{"type":"Polygon","coordinates":[[[121.48219,25.00811],[121.48074,25.00952],[121.47784,25.00929],[121.4749,25.00693],[121.47408,25.00884],[121.47607,25.01111],[121.48096,25.01162],[121.48203,25.01125],[121.48219,25.00811]]]}},{"type":"Feature","properties":{"VILLCODE":"65000040023","VILLNAME":"竹林里","TOWNCODE":"65000040","TOWNNAME":"永和區","COUNTYNAME":"新北市"},"geometry":{"type":"Polygon","coordinates":[[[121.52506,25.00904],[121.52307,25.00985],[121.52058,25.00915],[121.52035,25.01027],[121.51985,25.01145],[121.52272,25.0112],[121.52253,25.01022],[121.52405,25.01044],[121.52506,25.00904]]]}},{"type":"Feature","properties":{"VILLCODE":"65000010125","VILLNAME":"大觀里","TOWNCODE":"65000010","TOWNNAME":"板橋區","COUNTYNAME":"新北市"},"geometry":{"type":"Polygon","coordinates":[[[121.44618,25.00845],[121.44412,25.00873],[121.44422,25.00949],[121.44589,25.01179],[121.44753,25.01156],[121.44681,25.01055],[121.44618,25.00845]]]}},{"type":"Feature","properties":{"VILLCODE":"65000040057","VILLNAME":"信義里","TOWNCODE":"65000040","TOWNNAME":"永和區","COUNTYNAME":"新北市"},"geometry":{"type":"Polygon","coordinates":[[[121.51445,25.01036],[121.5119,25.01092],[121.5112,25.01066],[121.51098,25.01204],[121.51167,25.01193],[121.51224,25.01156],[121.51382,25.01224],[121.51496,25.01204],[121.51445,25.01036]]]}},{"type":"Feature","properties":{"VILLCODE":"65000190010","VILLNAME":"豐林里","TOWNCODE":"65000190","TOWNNAME":"石碇區","COUNTYNAME":"新北市"},"geometry":{"type":"Polygon","coordinates":[[[121.65157,25.00363],[121.64987,25.00301],[121.64804,25.00144],[121.64725,24.99975],[121.64567,24.99818],[121.6451,24.99947],[121.64523,25.00149],[121.64469,25.00208],[121.64182,25.00228],[121.64024,25.00262],[121.63926,25.00393],[121.63923,25.00545],[121.63992,25.00651],[121.64144,25.00758],[121.64062,25.00895],[121.64097,25.01123],[121.64336,25.01204],[121.64551,25.01218],[121.64703,25.01123],[121.64845,25.00963],[121.65116,25.00752],[121.65195,25.00466],[121.65157,25.00363]]]}},{"type":"Feature","properties":{"VILLCODE":"65000040013","VILLNAME":"保安里","TOWNCODE":"65000040","TOWNNAME":"永和區","COUNTYNAME":"新北市"},"geometry":{"type":"Polygon","coordinates":[[[121.50688,25.00716],[121.50552,25.00609],[121.50366,25.00702],[121.50255,25.00713],[121.50486,25.00901],[121.50479,25.01106],[121.50722,25.01235],[121.50994,25.00968],[121.50688,25.00716]]]}},{"type":"Feature","properties":{"VILLCODE":"65000040053","VILLNAME":"正興里","TOWNCODE":"65000040","TOWNNAME":"永和區","COUNTYNAME":"新北市"},"geometry":{"type":"Polygon","coordinates":[[[121.51726,25.00988],[121.51445,25.01036],[121.51496,25.01204],[121.51505,25.01235],[121.51679,25.0117],[121.51726,25.00988]]]}},{"type":"Feature","properties":{"VILLCODE":"65000010126","VILLNAME":"歡園里","TOWNCODE":"65000010","TOWNNAME":"板橋區","COUNTYNAME":"新北市"},"geometry":{"type":"Polygon","coordinates":[[[121.44337,25.00416],[121.43686,25.00458],[121.43705,25.00825],[121.43765,25.01066],[121.43863,25.01246],[121.44589,25.01179],[121.44422,25.00949],[121.44412,25.00873],[121.44337,25.00416]]]}},{"type":"Feature","properties":{"VILLCODE":"65000040054","VILLNAME":"永興里","TOWNCODE":"65000040","TOWNNAME":"永和區","COUNTYNAME":"新北市"},"geometry":{"type":"Polygon","coordinates":[[[121.52035,25.01027],[121.51726,25.00988],[121.51679,25.0117],[121.51947,25.01249],[121.51957,25.01221],[121.51985,25.01145],[121.52035,25.01027]]]}},{"type":"Feature","properties":{"VILLCODE":"65000010006","VILLNAME":"湳興里","TOWNCODE":"65000010","TOWNNAME":"板橋區","COUNTYNAME":"新北市"},"geometry":{"type":"Polygon","coordinates":[[[121.45482,25.00399],[121.45258,25.00363],[121.45217,25.00677],[121.45138,25.00935],[121.45107,25.01246],[121.45195,25.01252],[121.4522,25.01173],[121.45318,25.00853],[121.45441,25.00615],[121.45656,25.00525],[121.45482,25.00399]]]}},{"type":"Feature","properties":{"VILLCODE":"65000070007","VILLNAME":"獇寮里","TOWNCODE":"65000070","TOWNNAME":"樹林區","COUNTYNAME":"新北市"},"geometry":{"type":"Polygon","coordinates":[[[121.41786,25.00808],[121.41625,25.00646],[121.41515,25.00346],[121.4137,25.00382],[121.41325,25.00447],[121.41202,25.00407],[121.4119,25.00343],[121.41041,25.00357],[121.40931,25.00514],[121.40947,25.00637],[121.40868,25.00727],[121.40956,25.00764],[121.40883,25.00853],[121.40969,25.00982],[121.41139,25.00994],[121.41287,25.01055],[121.41338,25.01165],[121.41742,25.01254],[121.41742,25.01106],[121.41843,25.00968],[121.41786,25.00808]]]}},{"type":"Feature","properties":{"VILLCODE":"65000010013","VILLNAME":"光華里","TOWNCODE":"65000010","TOWNNAME":"板橋區","COUNTYNAME":"新北市"},"geometry":{"type":"Polygon","coordinates":[[[121.45331,25.00867],[121.45318,25.00853],[121.4522,25.01173],[121.454,25.01215],[121.45419,25.01263],[121.45476,25.01131],[121.45394,25.01066],[121.45438,25.00921],[121.45331,25.00867]]]}},{"type":"Feature","properties":{"VILLCODE":"65000010005","VILLNAME":"挹秀里","TOWNCODE":"65000010","TOWNNAME":"板橋區","COUNTYNAME":"新北市"},"geometry":{"type":"Polygon","coordinates":[[[121.46032,25.00943],[121.45845,25.00727],[121.45741,25.0096],[121.46016,25.01263],[121.46193,25.01128],[121.46032,25.00943]]]}},{"type":"Feature","properties":{"VILLCODE":"65000010057","VILLNAME":"海山里","TOWNCODE":"65000010","TOWNNAME":"板橋區","COUNTYNAME":"新北市"},"geometry":{"type":"Polygon","coordinates":[[[121.47323,25.00808],[121.47212,25.00713],[121.47127,25.00895],[121.47288,25.00963],[121.47389,25.01159],[121.47436,25.01204],[121.47537,25.01266],[121.47582,25.01291],[121.47645,25.01235],[121.47607,25.01111],[121.47408,25.00884],[121.47323,25.00808]]]}},{"type":"Feature","properties":{"VILLCODE":"65000050038","VILLNAME":"光華里","TOWNCODE":"65000050","TOWNNAME":"新莊區","COUNTYNAME":"新北市"},"geometry":{"type":"Polygon","coordinates":[[[121.42784,25.01288],[121.42913,25.01238],[121.42919,25.0098],[121.42834,25.0089],[121.42733,25.00952],[121.42708,25.01066],[121.42604,25.01313],[121.42784,25.01288]]]}},{"type":"Feature","properties":{"VILLCODE":"65000010065","VILLNAME":"深丘里","TOWNCODE":"65000010","TOWNNAME":"板橋區","COUNTYNAME":"新北市"},"geometry":{"type":"Polygon","coordinates":[[[121.46458,25.00789],[121.46357,25.00775],[121.46325,25.00932],[121.4642,25.01024],[121.46385,25.01106],[121.46856,25.01325],[121.46976,25.01153],[121.4713,25.01238],[121.47231,25.01148],[121.47342,25.01221],[121.47389,25.01159],[121.47288,25.00963],[121.47127,25.00895],[121.46887,25.00918],[121.46578,25.00853],[121.46505,25.00879],[121.46458,25.00789]]]}},{"type":"Feature","properties":{"VILLCODE":"65000040062","VILLNAME":"保順里","TOWNCODE":"65000040","TOWNNAME":"永和區","COUNTYNAME":"新北市"},"geometry":{"type":"Polygon","coordinates":[[[121.50255,25.00713],[121.50069,25.00792],[121.49845,25.00851],[121.49829,25.0087],[121.50044,25.00996],[121.50457,25.01336],[121.50464,25.01249],[121.50479,25.01106],[121.50486,25.00901],[121.50255,25.00713]]]}},{"type":"Feature","properties":{"VILLCODE":"65000040014","VILLNAME":"中溪里","TOWNCODE":"65000040","TOWNNAME":"永和區","COUNTYNAME":"新北市"},"geometry":{"type":"Polygon","coordinates":[[[121.51051,25.0101],[121.50994,25.00968],[121.50722,25.01235],[121.50798,25.01291],[121.51032,25.01336],[121.51098,25.01204],[121.5112,25.01066],[121.51051,25.0101]]]}},{"type":"Feature","properties":{"VILLCODE":"65000040058","VILLNAME":"後溪里","TOWNCODE":"65000040","TOWNNAME":"永和區","COUNTYNAME":"新北市"},"geometry":{"type":"Polygon","coordinates":[[[121.51496,25.01204],[121.51382,25.01224],[121.51224,25.01156],[121.51167,25.01193],[121.51231,25.01299],[121.51316,25.01333],[121.51537,25.01361],[121.51515,25.01277],[121.51505,25.01235],[121.51496,25.01204]]]}},{"type":"Feature","properties":{"VILLCODE":"65000010004","VILLNAME":"黃石里","TOWNCODE":"65000010","TOWNNAME":"板橋區","COUNTYNAME":"新北市"},"geometry":{"type":"Polygon","coordinates":[[[121.45741,25.0096],[121.45729,25.0096],[121.4558,25.00994],[121.45615,25.01086],[121.45524,25.01156],[121.45615,25.01198],[121.45924,25.01361],[121.45934,25.0135],[121.46016,25.01263],[121.45741,25.0096]]]}},{"type":"Feature","properties":{"VILLCODE":"65000010056","VILLNAME":"福壽里","TOWNCODE":"65000010","TOWNNAME":"板橋區","COUNTYNAME":"新北市"},"geometry":{"type":"Polygon","coordinates":[[[121.48203,25.01125],[121.48096,25.01162],[121.47607,25.01111],[121.47645,25.01235],[121.47582,25.01291],[121.47705,25.01364],[121.47815,25.01249],[121.47894,25.01327],[121.48194,25.01313],[121.48203,25.01125]]]}},{"type":"Feature","properties":{"VILLCODE":"65000040055","VILLNAME":"桂林里","TOWNCODE":"65000040","TOWNNAME":"永和區","COUNTYNAME":"新北市"},"geometry":{"type":"Polygon","coordinates":[[[121.52405,25.01044],[121.52253,25.01022],[121.52272,25.0112],[121.51985,25.01145],[121.51957,25.01221],[121.52092,25.01243],[121.52181,25.01381],[121.52405,25.01044]]]}},{"type":"Feature","properties":{"VILLCODE":"65000010114","VILLNAME":"光榮里","TOWNCODE":"65000010","TOWNNAME":"板橋區","COUNTYNAME":"新北市"},"geometry":{"type":"Polygon","coordinates":[[[121.4522,25.01173],[121.45195,25.01252],[121.45151,25.01386],[121.45344,25.01364],[121.45372,25.01403],[121.45419,25.01263],[121.454,25.01215],[121.4522,25.01173]]]}},{"type":"Feature","properties":{"VILLCODE":"65000040018","VILLNAME":"中興里","TOWNCODE":"65000040","TOWNNAME":"永和區","COUNTYNAME":"新北市"},"geometry":{"type":"Polygon","coordinates":[[[121.51679,25.0117],[121.51505,25.01235],[121.51515,25.01277],[121.51571,25.01257],[121.5178,25.01411],[121.51947,25.01249],[121.51679,25.0117]]]}},{"type":"Feature","properties":{"VILLCODE":"65000050084","VILLNAME":"光和里","TOWNCODE":"65000050","TOWNNAME":"新莊區","COUNTYNAME":"新北市"},"geometry":{"type":"Polygon","coordinates":[[[121.42784,25.01288],[121.42604,25.01313],[121.42594,25.01482],[121.42803,25.01473],[121.42784,25.01288]]]}},{"type":"Feature","properties":{"VILLCODE":"65000010069","VILLNAME":"長安里","TOWNCODE":"65000010","TOWNNAME":"板橋區","COUNTYNAME":"新北市"},"geometry":{"type":"Polygon","coordinates":[[[121.47537,25.01266],[121.47436,25.01204],[121.47389,25.01159],[121.47342,25.01221],[121.47231,25.01148],[121.4713,25.01238],[121.46976,25.01153],[121.46856,25.01325],[121.47193,25.01484],[121.47537,25.01266]]]}},{"type":"Feature","properties":{"VILLCODE":"65000040019","VILLNAME":"勵行里","TOWNCODE":"65000040","TOWNNAME":"永和區","COUNTYNAME":"新北市"},"geometry":{"type":"Polygon","coordinates":[[[121.51515,25.01277],[121.51537,25.01361],[121.51575,25.01496],[121.51698,25.01484],[121.5178,25.01411],[121.51571,25.01257],[121.51515,25.01277]]]}},{"type":"Feature","properties":{"VILLCODE":"65000010011","VILLNAME":"自強里","TOWNCODE":"65000010","TOWNNAME":"板橋區","COUNTYNAME":"新北市"},"geometry":{"type":"Polygon","coordinates":[[[121.45524,25.01156],[121.45476,25.01131],[121.45419,25.01263],[121.45372,25.01403],[121.45378,25.0149],[121.45517,25.01504],[121.45653,25.01476],[121.45615,25.01198],[121.45524,25.01156]]]}},{"type":"Feature","properties":{"VILLCODE":"65000070040","VILLNAME":"圳民里","TOWNCODE":"65000070","TOWNNAME":"樹林區","COUNTYNAME":"新北市"},"geometry":{"type":"Polygon","coordinates":[[[121.41998,25.00592],[121.41859,25.00696],[121.41786,25.00808],[121.41843,25.00968],[121.41938,25.01103],[121.42408,25.01299],[121.42364,25.01496],[121.42417,25.01358],[121.42648,25.01114],[121.42323,25.01002],[121.42386,25.00873],[121.42061,25.00682],[121.41998,25.00592]]]}},{"type":"Feature","properties":{"VILLCODE":"65000010120","VILLNAME":"居仁里","TOWNCODE":"65000010","TOWNNAME":"板橋區","COUNTYNAME":"新北市"},"geometry":{"type":"Polygon","coordinates":[[[121.48194,25.01313],[121.47894,25.01327],[121.4791,25.01496],[121.48226,25.01518],[121.48254,25.01454],[121.48194,25.01313]]]}},{"type":"Feature","properties":{"VILLCODE":"65000040022","VILLNAME":"上溪里","TOWNCODE":"65000040","TOWNNAME":"永和區","COUNTYNAME":"新北市"},"geometry":{"type":"Polygon","coordinates":[[[121.51537,25.01361],[121.51316,25.01333],[121.51262,25.01535],[121.51392,25.01521],[121.51575,25.01496],[121.51537,25.01361]]]}},{"type":"Feature","properties":{"VILLCODE":"65000040005","VILLNAME":"仁愛里","TOWNCODE":"65000040","TOWNNAME":"永和區","COUNTYNAME":"新北市"},"geometry":{"type":"Polygon","coordinates":[[[121.51167,25.01193],[121.51098,25.01204],[121.51032,25.01336],[121.51202,25.01372],[121.51221,25.01543],[121.51262,25.01535],[121.51316,25.01333],[121.51231,25.01299],[121.51167,25.01193]]]}},{"type":"Feature","properties":{"VILLCODE":"65000040051","VILLNAME":"上林里","TOWNCODE":"65000040","TOWNNAME":"永和區","COUNTYNAME":"新北市"},"geometry":{"type":"Polygon","coordinates":[[[121.51957,25.01221],[121.51947,25.01249],[121.5178,25.01411],[121.52051,25.01549],[121.52181,25.01381],[121.52092,25.01243],[121.51957,25.01221]]]}},{"type":"Feature","properties":{"VILLCODE":"65000040046","VILLNAME":"下溪里","TOWNCODE":"65000040","TOWNNAME":"永和區","COUNTYNAME":"新北市"},"geometry":{"type":"Polygon","coordinates":[[[121.50722,25.01235],[121.50479,25.01106],[121.50464,25.01249],[121.50672,25.01305],[121.50773,25.01454],[121.50855,25.01549],[121.51032,25.01336],[121.50798,25.01291],[121.50722,25.01235]]]}},{"type":"Feature","properties":{"VILLCODE":"65000010070","VILLNAME":"福丘里","TOWNCODE":"65000010","TOWNNAME":"板橋區","COUNTYNAME":"新北市"},"geometry":{"type":"Polygon","coordinates":[[[121.46357,25.00775],[121.4618,25.00738],[121.46082,25.00797],[121.46085,25.00907],[121.46032,25.00943],[121.46193,25.01128],[121.46332,25.01288],[121.46669,25.01552],[121.46856,25.01325],[121.46385,25.01106],[121.4642,25.01024],[121.46325,25.00932],[121.46357,25.00775]]]}},{"type":"Feature","properties":{"VILLCODE":"65000010109","VILLNAME":"民生里","TOWNCODE":"65000010","TOWNNAME":"板橋區","COUNTYNAME":"新北市"},"geometry":{"type":"Polygon","coordinates":[[[121.47582,25.01291],[121.47537,25.01266],[121.47193,25.01484],[121.47351,25.01557],[121.47582,25.01291]]]}},{"type":"Feature","properties":{"VILLCODE":"65000260002","VILLNAME":"吉林里","TOWNCODE":"65000260","TOWNNAME":"貢寮區","COUNTYNAME":"新北市"},"geometry":{"type":"Polygon","coordinates":[[[121.88828,24.96332],[121.88471,24.96439],[121.88231,24.96413],[121.87919,24.96276],[121.87799,24.96276],[121.87622,24.96153],[121.87468,24.96169],[121.87234,24.9613],[121.87155,24.96071],[121.86915,24.96144],[121.86517,24.96223],[121.86363,24.96214],[121.86126,24.96366],[121.86063,24.96565],[121.8617,24.96775],[121.86094,24.97117],[121.86085,24.97359],[121.86132,24.97479],[121.86227,24.97504],[121.86183,24.97583],[121.86186,24.97782],[121.86259,24.97964],[121.8624,24.98155],[121.86416,24.98245],[121.86514,24.98408],[121.86382,24.98551],[121.86527,24.98775],[121.86603,24.98955],[121.86748,24.99053],[121.8688,24.99201],[121.86981,24.99218],[121.87098,24.99322],[121.87161,24.99518],[121.87253,24.99656],[121.87531,24.99936],[121.87569,25.00076],[121.87594,25.00371],[121.87647,25.00489],[121.87862,25.0071],[121.87875,25.01069],[121.88045,25.01156],[121.88048,25.01336],[121.88165,25.01395],[121.88411,25.01434],[121.88503,25.0149],[121.88708,25.01411],[121.8898,25.01569],[121.89024,25.01468],[121.89213,25.01229],[121.89267,25.01058],[121.89216,25.00848],[121.89279,25.00665],[121.89478,25.00323],[121.89658,25.00175],[121.9005,24.99751],[121.90166,24.99574],[121.90034,24.9937],[121.90084,24.99008],[121.90037,24.98747],[121.90179,24.98534],[121.90425,24.98326],[121.90731,24.97796],[121.90769,24.97575],[121.9076,24.97572],[121.90684,24.97558],[121.90545,24.97342],[121.90403,24.97465],[121.90283,24.9744],[121.90031,24.97179],[121.89945,24.97028],[121.89942,24.96935],[121.89721,24.96708],[121.89611,24.96708],[121.89182,24.96512],[121.88945,24.96469],[121.8885,24.96318],[121.88838,24.96326],[121.88828,24.96332]]]}},{"type":"Feature","properties":{"VILLCODE":"65000070001","VILLNAME":"三多里","TOWNCODE":"65000070","TOWNNAME":"樹林區","COUNTYNAME":"新北市"},"geometry":{"type":"Polygon","coordinates":[[[121.40969,25.00982],[121.40741,25.00999],[121.40984,25.01305],[121.40991,25.0151],[121.41338,25.01569],[121.41676,25.01535],[121.41755,25.01552],[121.41786,25.01322],[121.41742,25.01254],[121.41338,25.01165],[121.41287,25.01055],[121.41139,25.00994],[121.40969,25.00982]]]}},{"type":"Feature","properties":{"VILLCODE":"65000030001","VILLNAME":"中原里","TOWNCODE":"65000030","TOWNNAME":"中和區","COUNTYNAME":"新北市"},"geometry":{"type":"Polygon","coordinates":[[[121.49447,25.00214],[121.49371,25.00208],[121.49094,25.00326],[121.48803,25.00458],[121.48585,25.0048],[121.48308,25.00489],[121.48273,25.00626],[121.48219,25.00811],[121.48203,25.01125],[121.48194,25.01313],[121.48254,25.01454],[121.48226,25.01518],[121.482,25.01571],[121.48424,25.01571],[121.48869,25.01574],[121.48869,25.01569],[121.48955,25.01316],[121.49027,25.01282],[121.49267,25.00954],[121.49403,25.00918],[121.49482,25.00839],[121.49636,25.00834],[121.49744,25.00895],[121.49829,25.0087],[121.49845,25.00851],[121.49835,25.00682],[121.4981,25.00629],[121.49649,25.00607],[121.49545,25.00657],[121.49463,25.00598],[121.49438,25.00435],[121.49447,25.00214]]]}},{"type":"Feature","properties":{"VILLCODE":"65000010012","VILLNAME":"自立里","TOWNCODE":"65000010","TOWNNAME":"板橋區","COUNTYNAME":"新北市"},"geometry":{"type":"Polygon","coordinates":[[[121.45372,25.01403],[121.45344,25.01364],[121.45151,25.01386],[121.45198,25.01532],[121.45296,25.01583],[121.45479,25.01521],[121.45517,25.01504],[121.45378,25.0149],[121.45372,25.01403]]]}},{"type":"Feature","properties":{"VILLCODE":"65000010115","VILLNAME":"民安里","TOWNCODE":"65000010","TOWNNAME":"板橋區","COUNTYNAME":"新北市"},"geometry":{"type":"Polygon","coordinates":[[[121.45934,25.0135],[121.45924,25.01361],[121.45722,25.01585],[121.4595,25.01569],[121.46098,25.01515],[121.45934,25.0135]]]}},{"type":"Feature","properties":{"VILLCODE":"65000010108","VILLNAME":"正泰里","TOWNCODE":"65000010","TOWNNAME":"板橋區","COUNTYNAME":"新北市"},"geometry":{"type":"Polygon","coordinates":[[[121.47894,25.01327],[121.47815,25.01249],[121.47705,25.01364],[121.47919,25.01594],[121.4791,25.01496],[121.47894,25.01327]]]}},{"type":"Feature","properties":{"VILLCODE":"65000040037","VILLNAME":"復興里","TOWNCODE":"65000040","TOWNNAME":"永和區","COUNTYNAME":"新北市"},"geometry":{"type":"Polygon","coordinates":[[[121.5178,25.01411],[121.51698,25.01484],[121.51575,25.01496],[121.51603,25.01585],[121.51994,25.01611],[121.52051,25.01549],[121.5178,25.01411]]]}},{"type":"Feature","properties":{"VILLCODE":"65000040002","VILLNAME":"文化里","TOWNCODE":"65000040","TOWNNAME":"永和區","COUNTYNAME":"新北市"},"geometry":{"type":"Polygon","coordinates":[[[121.51221,25.01543],[121.51202,25.01372],[121.51032,25.01336],[121.50855,25.01549],[121.51016,25.01661],[121.51221,25.01543]]]}},{"type":"Feature","properties":{"VILLCODE":"65000010066","VILLNAME":"香丘里","TOWNCODE":"65000010","TOWNNAME":"板橋區","COUNTYNAME":"新北市"},"geometry":{"type":"Polygon","coordinates":[[[121.47193,25.01484],[121.46856,25.01325],[121.46669,25.01552],[121.46846,25.01667],[121.46922,25.01583],[121.47193,25.01484]]]}},{"type":"Feature","properties":{"VILLCODE":"65000010018","VILLNAME":"民權里","TOWNCODE":"65000010","TOWNNAME":"板橋區","COUNTYNAME":"新北市"},"geometry":{"type":"Polygon","coordinates":[[[121.46098,25.01515],[121.4595,25.01569],[121.45722,25.01585],[121.45814,25.01667],[121.46085,25.01672],[121.46139,25.01644],[121.46098,25.01515]]]}},{"type":"Feature","properties":{"VILLCODE":"65000070003","VILLNAME":"三興里","TOWNCODE":"65000070","TOWNNAME":"樹林區","COUNTYNAME":"新北市"},"geometry":{"type":"Polygon","coordinates":[[[121.3976,25.01622],[121.40164,25.01577],[121.40423,25.0172],[121.40432,25.01723],[121.40435,25.0172],[121.40432,25.01504],[121.40486,25.01296],[121.40432,25.00789],[121.40214,25.00761],[121.39993,25.00576],[121.39981,25.00581],[121.39952,25.00696],[121.39542,25.00907],[121.39371,25.0098],[121.39365,25.00982],[121.39207,25.011],[121.39128,25.01226],[121.3921,25.01254],[121.39261,25.01375],[121.39236,25.0149],[121.39296,25.0156],[121.39444,25.01465],[121.39605,25.01521],[121.3976,25.01622]]]}},{"type":"Feature","properties":{"VILLCODE":"65000040029","VILLNAME":"頂溪里","TOWNCODE":"65000040","TOWNNAME":"永和區","COUNTYNAME":"新北市"},"geometry":{"type":"Polygon","coordinates":[[[121.51575,25.01496],[121.51392,25.01521],[121.51373,25.0163],[121.51439,25.01714],[121.51581,25.01726],[121.51612,25.01625],[121.51603,25.01585],[121.51575,25.01496]]]}},{"type":"Feature","properties":{"VILLCODE":"65000010068","VILLNAME":"東丘里","TOWNCODE":"65000010","TOWNNAME":"板橋區","COUNTYNAME":"新北市"},"geometry":{"type":"Polygon","coordinates":[[[121.47705,25.01364],[121.47582,25.01291],[121.47351,25.01557],[121.47667,25.01712],[121.4772,25.0174],[121.47787,25.01636],[121.4778,25.01538],[121.47642,25.01456],[121.47705,25.01364]]]}},{"type":"Feature","properties":{"VILLCODE":"65000050041","VILLNAME":"光榮里","TOWNCODE":"65000050","TOWNNAME":"新莊區","COUNTYNAME":"新北市"},"geometry":{"type":"Polygon","coordinates":[[[121.42913,25.01238],[121.42784,25.01288],[121.42803,25.01473],[121.42815,25.01754],[121.42932,25.01748],[121.42913,25.01238]]]}},{"type":"Feature","properties":{"VILLCODE":"65000010067","VILLNAME":"西安里","TOWNCODE":"65000010","TOWNNAME":"板橋區","COUNTYNAME":"新北市"},"geometry":{"type":"Polygon","coordinates":[[[121.47351,25.01557],[121.47193,25.01484],[121.46922,25.01583],[121.46846,25.01667],[121.46922,25.01717],[121.472,25.01605],[121.47493,25.0167],[121.47638,25.01759],[121.47667,25.01712],[121.47351,25.01557]]]}},{"type":"Feature","properties":{"VILLCODE":"65000010055","VILLNAME":"長壽里","TOWNCODE":"65000010","TOWNNAME":"板橋區","COUNTYNAME":"新北市"},"geometry":{"type":"Polygon","coordinates":[[[121.48226,25.01518],[121.4791,25.01496],[121.47919,25.01594],[121.47922,25.01672],[121.48087,25.01675],[121.48339,25.01785],[121.48424,25.01571],[121.482,25.01571],[121.48226,25.01518]]]}},{"type":"Feature","properties":{"VILLCODE":"65000050083","VILLNAME":"光正里","TOWNCODE":"65000050","TOWNNAME":"新莊區","COUNTYNAME":"新北市"},"geometry":{"type":"Polygon","coordinates":[[[121.42803,25.01473],[121.42594,25.01482],[121.42648,25.01793],[121.42705,25.01779],[121.42815,25.01754],[121.42803,25.01473]]]}},{"type":"Feature","properties":{"VILLCODE":"65000040052","VILLNAME":"網溪里","TOWNCODE":"65000040","TOWNNAME":"永和區","COUNTYNAME":"新北市"},"geometry":{"type":"Polygon","coordinates":[[[121.51612,25.01625],[121.51581,25.01726],[121.51549,25.01813],[121.51881,25.01698],[121.51612,25.01625]]]}},{"type":"Feature","properties":{"VILLCODE":"65000040045","VILLNAME":"新廍里","TOWNCODE":"65000040","TOWNNAME":"永和區","COUNTYNAME":"新北市"},"geometry":{"type":"Polygon","coordinates":[[[121.51392,25.01521],[121.51262,25.01535],[121.51221,25.01543],[121.51016,25.01661],[121.51148,25.01801],[121.51259,25.01827],[121.51161,25.0172],[121.51373,25.0163],[121.51392,25.01521]]]}},{"type":"Feature","properties":{"VILLCODE":"65000040028","VILLNAME":"河堤里","TOWNCODE":"65000040","TOWNNAME":"永和區","COUNTYNAME":"新北市"},"geometry":{"type":"Polygon","coordinates":[[[121.51581,25.01726],[121.51439,25.01714],[121.51373,25.0163],[121.51161,25.0172],[121.51259,25.01827],[121.51549,25.01813],[121.51581,25.01726]]]}},{"type":"Feature","properties":{"VILLCODE":"65000010019","VILLNAME":"建國里","TOWNCODE":"65000010","TOWNNAME":"板橋區","COUNTYNAME":"新北市"},"geometry":{"type":"Polygon","coordinates":[[[121.46085,25.01672],[121.45814,25.01667],[121.45722,25.01585],[121.4564,25.0172],[121.46054,25.01829],[121.46085,25.01672]]]}},{"type":"Feature","properties":{"VILLCODE":"65000070002","VILLNAME":"三福里","TOWNCODE":"65000070","TOWNNAME":"樹林區","COUNTYNAME":"新北市"},"geometry":{"type":"Polygon","coordinates":[[[121.40435,25.0172],[121.40438,25.0172],[121.40565,25.01712],[121.40757,25.01751],[121.4088,25.01821],[121.40883,25.01827],[121.4089,25.01829],[121.40893,25.01829],[121.40991,25.01633],[121.40991,25.0151],[121.40984,25.01305],[121.40741,25.00999],[121.40571,25.00853],[121.40432,25.00789],[121.40486,25.01296],[121.40432,25.01504],[121.40435,25.0172]]]}},{"type":"Feature","properties":{"VILLCODE":"65000010101","VILLNAME":"香雅里","TOWNCODE":"65000010","TOWNNAME":"板橋區","COUNTYNAME":"新北市"},"geometry":{"type":"Polygon","coordinates":[[[121.45195,25.01252],[121.45107,25.01246],[121.44993,25.01529],[121.44835,25.01804],[121.45192,25.01852],[121.45277,25.01611],[121.45416,25.01636],[121.45423,25.01689],[121.45479,25.01521],[121.45296,25.01583],[121.45198,25.01532],[121.45151,25.01386],[121.45195,25.01252]]]}},{"type":"Feature","properties":{"VILLCODE":"65000010107","VILLNAME":"富貴里","TOWNCODE":"65000010","TOWNNAME":"板橋區","COUNTYNAME":"新北市"},"geometry":{"type":"Polygon","coordinates":[[[121.48339,25.01785],[121.48087,25.01675],[121.47922,25.01672],[121.47922,25.01821],[121.48317,25.01843],[121.48339,25.01785]]]}},{"type":"Feature","properties":{"VILLCODE":"65000010020","VILLNAME":"漢生里","TOWNCODE":"65000010","TOWNNAME":"板橋區","COUNTYNAME":"新北市"},"geometry":{"type":"Polygon","coordinates":[[[121.46016,25.01263],[121.45934,25.0135],[121.46098,25.01515],[121.46139,25.01644],[121.46085,25.01672],[121.46054,25.01829],[121.46152,25.01849],[121.46297,25.01846],[121.4642,25.01765],[121.46016,25.01263]]]}},{"type":"Feature","properties":{"VILLCODE":"65000050044","VILLNAME":"光明里","TOWNCODE":"65000050","TOWNNAME":"新莊區","COUNTYNAME":"新北市"},"geometry":{"type":"Polygon","coordinates":[[[121.42673,25.01052],[121.42648,25.01114],[121.42417,25.01358],[121.42364,25.01496],[121.42383,25.01681],[121.42462,25.01857],[121.42648,25.01793],[121.42594,25.01482],[121.42604,25.01313],[121.42708,25.01066],[121.42673,25.01052]]]}},{"type":"Feature","properties":{"VILLCODE":"65000010058","VILLNAME":"九如里","TOWNCODE":"65000010","TOWNNAME":"板橋區","COUNTYNAME":"新北市"},"geometry":{"type":"Polygon","coordinates":[[[121.47919,25.01594],[121.47705,25.01364],[121.47642,25.01456],[121.4778,25.01538],[121.47787,25.01636],[121.4772,25.0174],[121.4784,25.01818],[121.47919,25.01869],[121.47922,25.01821],[121.47922,25.01672],[121.47919,25.01594]]]}},{"type":"Feature","properties":{"VILLCODE":"65000260004","VILLNAME":"龍崗里","TOWNCODE":"65000260","TOWNNAME":"貢寮區","COUNTYNAME":"新北市"},"geometry":{"type":"Polygon","coordinates":[[[121.91568,24.97939],[121.91562,24.97939],[121.91325,24.97849],[121.91296,24.97844],[121.91085,24.97676],[121.9105,24.97493],[121.90779,24.9758],[121.90769,24.97575],[121.90731,24.97796],[121.90425,24.98326],[121.90179,24.98534],[121.90037,24.98747],[121.90084,24.99008],[121.90034,24.9937],[121.90166,24.99574],[121.9005,24.99751],[121.89658,25.00175],[121.89478,25.00323],[121.89279,25.00665],[121.89216,25.00848],[121.89267,25.01058],[121.89213,25.01229],[121.89024,25.01468],[121.8898,25.01569],[121.89115,25.01641],[121.89472,25.01627],[121.89813,25.01675],[121.90236,25.01706],[121.90425,25.01869],[121.90627,25.01916],[121.90725,25.01871],[121.91192,25.0186],[121.91072,25.01726],[121.90949,25.01482],[121.90735,25.01468],[121.9063,25.01316],[121.90867,25.00929],[121.90971,25.00621],[121.9118,25.00385],[121.91577,25.0018],[121.91776,25.00121],[121.91779,24.99947],[121.9183,24.99748],[121.92013,24.99437],[121.92054,24.99288],[121.91846,24.99053],[121.91729,24.98999],[121.91697,24.98907],[121.91543,24.98744],[121.91416,24.98466],[121.91426,24.98357],[121.91546,24.98088],[121.91568,24.97939]]]}},{"type":"Feature","properties":{"VILLCODE":"65000010014","VILLNAME":"國光里","TOWNCODE":"65000010","TOWNNAME":"板橋區","COUNTYNAME":"新北市"},"geometry":{"type":"Polygon","coordinates":[[[121.46054,25.01829],[121.4564,25.0172],[121.45628,25.01745],[121.4571,25.01776],[121.45685,25.01852],[121.46035,25.01922],[121.46107,25.01877],[121.46152,25.01849],[121.46054,25.01829]]]}},{"type":"Feature","properties":{"VILLCODE":"65000070041","VILLNAME":"圳生里","TOWNCODE":"65000070","TOWNNAME":"樹林區","COUNTYNAME":"新北市"},"geometry":{"type":"Polygon","coordinates":[[[121.41843,25.00968],[121.41742,25.01106],[121.41742,25.01254],[121.41786,25.01322],[121.41755,25.01552],[121.41881,25.01933],[121.42042,25.01866],[121.42152,25.01765],[121.42383,25.01681],[121.42364,25.01496],[121.42408,25.01299],[121.41938,25.01103],[121.41843,25.00968]]]}},{"type":"Feature","properties":{"VILLCODE":"65000010059","VILLNAME":"玉光里","TOWNCODE":"65000010","TOWNNAME":"板橋區","COUNTYNAME":"新北市"},"geometry":{"type":"Polygon","coordinates":[[[121.47493,25.0167],[121.472,25.01605],[121.46922,25.01717],[121.47111,25.01855],[121.47222,25.01933],[121.47361,25.01905],[121.47493,25.0167]]]}},{"type":"Feature","properties":{"VILLCODE":"65000050082","VILLNAME":"民有里","TOWNCODE":"65000050","TOWNNAME":"新莊區","COUNTYNAME":"新北市"},"geometry":{"type":"Polygon","coordinates":[[[121.42932,25.01748],[121.42815,25.01754],[121.42705,25.01779],[121.42711,25.01942],[121.42941,25.01916],[121.42932,25.01748]]]}},{"type":"Feature","properties":{"VILLCODE":"65000180008","VILLNAME":"賴仲里","TOWNCODE":"65000180","TOWNNAME":"深坑區","COUNTYNAME":"新北市"},"geometry":{"type":"Polygon","coordinates":[[[121.632,25.00985],[121.63137,25.00937],[121.63014,25.00733],[121.62799,25.00548],[121.62736,25.00545],[121.62705,25.00654],[121.62547,25.00657],[121.62493,25.00528],[121.62345,25.00346],[121.62206,25.00455],[121.62244,25.00679],[121.62124,25.00814],[121.61868,25.01008],[121.61887,25.01086],[121.62007,25.0119],[121.62117,25.01397],[121.62149,25.0179],[121.62155,25.01787],[121.6225,25.01737],[121.62616,25.01863],[121.62705,25.01958],[121.6279,25.0195],[121.62806,25.01953],[121.62948,25.01855],[121.62929,25.01776],[121.6303,25.01535],[121.63086,25.01288],[121.632,25.00985]]]}},{"type":"Feature","properties":{"VILLCODE":"65000010022","VILLNAME":"新民里","TOWNCODE":"65000010","TOWNNAME":"板橋區","COUNTYNAME":"新北市"},"geometry":{"type":"Polygon","coordinates":[[[121.46193,25.01128],[121.46016,25.01263],[121.4642,25.01765],[121.46534,25.01902],[121.4659,25.01975],[121.46881,25.01756],[121.46922,25.01717],[121.46846,25.01667],[121.46669,25.01552],[121.46332,25.01288],[121.46193,25.01128]]]}},{"type":"Feature","properties":{"VILLCODE":"65000010008","VILLNAME":"社後里","TOWNCODE":"65000010","TOWNNAME":"板橋區","COUNTYNAME":"新北市"},"geometry":{"type":"Polygon","coordinates":[[[121.45924,25.01361],[121.45615,25.01198],[121.45653,25.01476],[121.45517,25.01504],[121.45479,25.01521],[121.45423,25.01689],[121.45381,25.01891],[121.45508,25.01992],[121.45524,25.01958],[121.45542,25.01922],[121.45628,25.01745],[121.4564,25.0172],[121.45722,25.01585],[121.45924,25.01361]]]}},{"type":"Feature","properties":{"VILLCODE":"65000010017","VILLNAME":"港德里","TOWNCODE":"65000010","TOWNNAME":"板橋區","COUNTYNAME":"新北市"},"geometry":{"type":"Polygon","coordinates":[[[121.46107,25.01877],[121.46035,25.01922],[121.45685,25.01852],[121.4571,25.01776],[121.45628,25.01745],[121.45542,25.01922],[121.46048,25.0202],[121.4607,25.01998],[121.46107,25.01877]]]}},{"type":"Feature","properties":{"VILLCODE":"65000070042","VILLNAME":"三龍里","TOWNCODE":"65000070","TOWNNAME":"樹林區","COUNTYNAME":"新北市"},"geometry":{"type":"Polygon","coordinates":[[[121.40893,25.01829],[121.40899,25.01832],[121.41123,25.01799],[121.41212,25.01944],[121.41234,25.02026],[121.41328,25.01975],[121.41388,25.01894],[121.41439,25.01947],[121.41685,25.01933],[121.41764,25.02003],[121.41881,25.01933],[121.41755,25.01552],[121.41676,25.01535],[121.41338,25.01569],[121.40991,25.0151],[121.40991,25.01633],[121.40893,25.01829]]]}},{"type":"Feature","properties":{"VILLCODE":"65000010021","VILLNAME":"公舘里","TOWNCODE":"65000010","TOWNNAME":"板橋區","COUNTYNAME":"新北市"},"geometry":{"type":"Polygon","coordinates":[[[121.4642,25.01765],[121.46297,25.01846],[121.46152,25.01849],[121.46107,25.01877],[121.4607,25.01998],[121.46265,25.02037],[121.46534,25.01902],[121.4642,25.01765]]]}},{"type":"Feature","properties":{"VILLCODE":"65000010060","VILLNAME":"光仁里","TOWNCODE":"65000010","TOWNNAME":"板橋區","COUNTYNAME":"新北市"},"geometry":{"type":"Polygon","coordinates":[[[121.4772,25.0174],[121.47667,25.01712],[121.47638,25.01759],[121.47493,25.0167],[121.47361,25.01905],[121.47661,25.02054],[121.47746,25.02048],[121.4773,25.01992],[121.4784,25.01818],[121.4772,25.0174]]]}},{"type":"Feature","properties":{"VILLCODE":"65000010025","VILLNAME":"百壽里","TOWNCODE":"65000010","TOWNNAME":"板橋區","COUNTYNAME":"新北市"},"geometry":{"type":"Polygon","coordinates":[[[121.46881,25.01756],[121.4659,25.01975],[121.4666,25.02065],[121.46979,25.01891],[121.46881,25.01756]]]}},{"type":"Feature","properties":{"VILLCODE":"65000010090","VILLNAME":"華中里","TOWNCODE":"65000010","TOWNNAME":"板橋區","COUNTYNAME":"新北市"},"geometry":{"type":"Polygon","coordinates":[[[121.44753,25.01156],[121.44589,25.01179],[121.43863,25.01246],[121.44034,25.0151],[121.44264,25.01807],[121.44435,25.02073],[121.4451,25.0204],[121.44668,25.01863],[121.44756,25.01686],[121.44794,25.01341],[121.44753,25.01156]]]}},{"type":"Feature","properties":{"VILLCODE":"65000180007","VILLNAME":"萬福里","TOWNCODE":"65000180","TOWNNAME":"深坑區","COUNTYNAME":"新北市"},"geometry":{"type":"Polygon","coordinates":[[[121.61155,25.00124],[121.60994,25.00102],[121.60514,25.00194],[121.60261,25.00332],[121.59687,25.00517],[121.59602,25.00433],[121.59599,25.00435],[121.59564,25.00716],[121.59652,25.01193],[121.59747,25.01305],[121.59728,25.01437],[121.5975,25.01479],[121.60271,25.01515],[121.60306,25.01681],[121.60413,25.01908],[121.6082,25.01944],[121.60937,25.0209],[121.60981,25.0202],[121.6135,25.01914],[121.61587,25.01967],[121.61597,25.0197],[121.61739,25.01846],[121.61922,25.01813],[121.62064,25.01835],[121.62143,25.01793],[121.62149,25.0179],[121.62117,25.01397],[121.62007,25.0119],[121.61887,25.01086],[121.61622,25.00895],[121.61492,25.00803],[121.6141,25.00674],[121.61294,25.00581],[121.61155,25.00124]]]}},{"type":"Feature","properties":{"VILLCODE":"65000050035","VILLNAME":"民本里","TOWNCODE":"65000050","TOWNNAME":"新莊區","COUNTYNAME":"新北市"},"geometry":{"type":"Polygon","coordinates":[[[121.42941,25.01916],[121.42711,25.01942],[121.42777,25.01989],[121.42771,25.02101],[121.42951,25.02085],[121.42941,25.01916]]]}},{"type":"Feature","properties":{"VILLCODE":"65000010054","VILLNAME":"埔墘里","TOWNCODE":"65000010","TOWNNAME":"板橋區","COUNTYNAME":"新北市"},"geometry":{"type":"Polygon","coordinates":[[[121.48317,25.01843],[121.47922,25.01821],[121.47919,25.01869],[121.47929,25.0213],[121.48248,25.02141],[121.48279,25.02099],[121.48342,25.02057],[121.48279,25.01852],[121.48317,25.01843]]]}},{"type":"Feature","properties":{"VILLCODE":"65000010016","VILLNAME":"金華里","TOWNCODE":"65000010","TOWNNAME":"板橋區","COUNTYNAME":"新北市"},"geometry":{"type":"Polygon","coordinates":[[[121.45542,25.01922],[121.45524,25.01958],[121.45568,25.02034],[121.45915,25.02144],[121.46048,25.0202],[121.45542,25.01922]]]}},{"type":"Feature","properties":{"VILLCODE":"65000010026","VILLNAME":"介壽里","TOWNCODE":"65000010","TOWNNAME":"板橋區","COUNTYNAME":"新北市"},"geometry":{"type":"Polygon","coordinates":[[[121.47111,25.01855],[121.46922,25.01717],[121.46881,25.01756],[121.46979,25.01891],[121.4666,25.02065],[121.4672,25.02155],[121.46925,25.02118],[121.46969,25.02048],[121.47111,25.01855]]]}},{"type":"Feature","properties":{"VILLCODE":"65000050071","VILLNAME":"成德里","TOWNCODE":"65000050","TOWNNAME":"新莊區","COUNTYNAME":"新北市"},"geometry":{"type":"Polygon","coordinates":[[[121.42462,25.01857],[121.42383,25.01681],[121.42152,25.01765],[121.42231,25.01925],[121.42373,25.02177],[121.42569,25.0209],[121.42462,25.01857]]]}},{"type":"Feature","properties":{"VILLCODE":"65000050079","VILLNAME":"龍福里","TOWNCODE":"65000050","TOWNNAME":"新莊區","COUNTYNAME":"新北市"},"geometry":{"type":"Polygon","coordinates":[[[121.41212,25.01944],[121.41066,25.01992],[121.41048,25.02107],[121.41044,25.02107],[121.41183,25.02197],[121.41328,25.01975],[121.41234,25.02026],[121.41212,25.01944]]]}},{"type":"Feature","properties":{"VILLCODE":"65000010064","VILLNAME":"廣新里","TOWNCODE":"65000010","TOWNNAME":"板橋區","COUNTYNAME":"新北市"},"geometry":{"type":"Polygon","coordinates":[[[121.47361,25.01905],[121.47222,25.01933],[121.47392,25.02057],[121.47591,25.02202],[121.47673,25.02191],[121.47651,25.02101],[121.47758,25.02124],[121.47746,25.02048],[121.47661,25.02054],[121.47361,25.01905]]]}},{"type":"Feature","properties":{"VILLCODE":"65000050032","VILLNAME":"民安里","TOWNCODE":"65000050","TOWNNAME":"新莊區","COUNTYNAME":"新北市"},"geometry":{"type":"Polygon","coordinates":[[[121.42705,25.01779],[121.42648,25.01793],[121.42462,25.01857],[121.42569,25.0209],[121.42638,25.02205],[121.42771,25.02101],[121.42777,25.01989],[121.42711,25.01942],[121.42705,25.01779]]]}},{"type":"Feature","properties":{"VILLCODE":"65000010121","VILLNAME":"莊敬里","TOWNCODE":"65000010","TOWNNAME":"板橋區","COUNTYNAME":"新北市"},"geometry":{"type":"Polygon","coordinates":[[[121.47222,25.01933],[121.47111,25.01855],[121.46969,25.02048],[121.47178,25.02208],[121.47231,25.02135],[121.47386,25.02155],[121.47392,25.02057],[121.47222,25.01933]]]}},{"type":"Feature","properties":{"VILLCODE":"65000010089","VILLNAME":"浮洲里","TOWNCODE":"65000010","TOWNNAME":"板橋區","COUNTYNAME":"新北市"},"geometry":{"type":"Polygon","coordinates":[[[121.45258,25.00363],[121.45028,25.00379],[121.44697,25.00399],[121.44482,25.00407],[121.44561,25.00592],[121.44618,25.00845],[121.44681,25.01055],[121.44753,25.01156],[121.44794,25.01341],[121.44756,25.01686],[121.44668,25.01863],[121.4451,25.0204],[121.44435,25.02073],[121.44539,25.02239],[121.44835,25.01804],[121.44993,25.01529],[121.45107,25.01246],[121.45138,25.00935],[121.45217,25.00677],[121.45258,25.00363]]]}},{"type":"Feature","properties":{"VILLCODE":"65000050067","VILLNAME":"龍安里","TOWNCODE":"65000050","TOWNNAME":"新莊區","COUNTYNAME":"新北市"},"geometry":{"type":"Polygon","coordinates":[[[121.42042,25.01866],[121.41881,25.01933],[121.41894,25.02037],[121.41953,25.02284],[121.42092,25.0223],[121.42118,25.02166],[121.42045,25.02012],[121.42042,25.01866]]]}},{"type":"Feature","properties":{"VILLCODE":"65000250011","VILLNAME":"長源里","TOWNCODE":"65000250","TOWNNAME":"雙溪區","COUNTYNAME":"新北市"},"geometry":{"type":"Polygon","coordinates":[[[121.79232,24.98346],[121.791,24.9836],[121.78961,24.98309],[121.78655,24.98307],[121.78516,24.982],[121.78165,24.982],[121.77951,24.98377],[121.77714,24.98486],[121.77581,24.98553],[121.77559,24.98668],[121.77433,24.98856],[121.7731,24.98915],[121.77111,24.98896],[121.76871,24.99013],[121.76862,24.99112],[121.76694,24.99285],[121.76473,24.99358],[121.76442,24.99527],[121.76369,24.99619],[121.76893,24.99975],[121.77114,25.00034],[121.7725,25.00166],[121.77471,25.0025],[121.77708,25.0057],[121.77805,25.00635],[121.77932,25.00643],[121.77869,25.00761],[121.78017,25.0105],[121.78203,25.01123],[121.78225,25.01207],[121.78443,25.01397],[121.78421,25.01496],[121.78449,25.01765],[121.78692,25.02051],[121.78797,25.02101],[121.78917,25.02303],[121.79106,25.02287],[121.79791,25.01796],[121.79952,25.01726],[121.80283,25.01759],[121.80473,25.01737],[121.80716,25.01482],[121.80773,25.0124],[121.80555,25.01078],[121.80369,25.01047],[121.80337,25.00898],[121.8017,25.00581],[121.80189,25.00405],[121.80946,25.00043],[121.81249,24.99858],[121.81202,24.99678],[121.81012,24.99555],[121.80959,24.99465],[121.80893,24.99266],[121.80801,24.99131],[121.80466,24.98907],[121.79608,24.98781],[121.79485,24.98682],[121.79232,24.98346]]]}},{"type":"Feature","properties":{"VILLCODE":"65000010015","VILLNAME":"港尾里","TOWNCODE":"65000010","TOWNNAME":"板橋區","COUNTYNAME":"新北市"},"geometry":{"type":"Polygon","coordinates":[[[121.45524,25.01958],[121.45508,25.01992],[121.45486,25.02045],[121.45423,25.02194],[121.45429,25.02312],[121.45596,25.02247],[121.45539,25.02172],[121.45568,25.02034],[121.45524,25.01958]]]}},{"type":"Feature","properties":{"VILLCODE":"65000010102","VILLNAME":"新生里","TOWNCODE":"65000010","TOWNNAME":"板橋區","COUNTYNAME":"新北市"},"geometry":{"type":"Polygon","coordinates":[[[121.45915,25.02144],[121.45568,25.02034],[121.45539,25.02172],[121.45596,25.02247],[121.45599,25.02323],[121.45814,25.02208],[121.45915,25.02144]]]}},{"type":"Feature","properties":{"VILLCODE":"65000190007","VILLNAME":"永定里","TOWNCODE":"65000190","TOWNNAME":"石碇區","COUNTYNAME":"新北市"},"geometry":{"type":"Polygon","coordinates":[[[121.71363,25.00601],[121.71234,25.00494],[121.71006,25.00393],[121.70725,25.00121],[121.70255,24.99928],[121.70173,24.99855],[121.6993,24.99883],[121.69545,24.99782],[121.69403,24.9972],[121.69172,24.99572],[121.68847,24.99527],[121.68781,24.99555],[121.68465,24.99838],[121.68393,24.99998],[121.68105,25.00189],[121.68064,25.00256],[121.68026,25.00707],[121.6797,25.00887],[121.67973,25.01165],[121.67938,25.01291],[121.67998,25.01574],[121.68232,25.01762],[121.68566,25.01754],[121.68797,25.01692],[121.6898,25.01712],[121.69226,25.01818],[121.69535,25.01801],[121.69614,25.01841],[121.69775,25.02026],[121.70107,25.02326],[121.70258,25.02138],[121.70435,25.01821],[121.70567,25.0179],[121.70694,25.01706],[121.70609,25.01512],[121.70924,25.01184],[121.71013,25.01159],[121.71192,25.00971],[121.71363,25.00601]]]}},{"type":"Feature","properties":{"VILLCODE":"65000010009","VILLNAME":"香社里","TOWNCODE":"65000010","TOWNNAME":"板橋區","COUNTYNAME":"新北市"},"geometry":{"type":"Polygon","coordinates":[[[121.45423,25.01689],[121.45416,25.01636],[121.45277,25.01611],[121.45192,25.01852],[121.44835,25.01804],[121.44539,25.02239],[121.44583,25.02329],[121.45176,25.02017],[121.45397,25.0197],[121.45486,25.02045],[121.45508,25.01992],[121.45381,25.01891],[121.45423,25.01689]]]}},{"type":"Feature","properties":{"VILLCODE":"65000190008","VILLNAME":"中民里","TOWNCODE":"65000190","TOWNNAME":"石碇區","COUNTYNAME":"新北市"},"geometry":{"type":"Polygon","coordinates":[[[121.68642,24.99395],[121.68336,24.99342],[121.6809,24.9937],[121.67562,24.9921],[121.6743,24.99232],[121.67436,24.99558],[121.67474,24.99759],[121.67291,24.999],[121.67035,24.99863],[121.66953,24.99886],[121.66887,25.00054],[121.66903,25.00278],[121.66717,25.00489],[121.666,25.00506],[121.66499,25.00584],[121.6611,25.00626],[121.66095,25.00766],[121.66129,25.01027],[121.6605,25.0128],[121.65833,25.01484],[121.65858,25.01681],[121.65798,25.01967],[121.65826,25.02138],[121.66063,25.0234],[121.66069,25.0234],[121.66284,25.02275],[121.66347,25.02295],[121.66316,25.02076],[121.66366,25.01933],[121.66606,25.01748],[121.66792,25.01686],[121.67373,25.01591],[121.676,25.0165],[121.67764,25.01571],[121.67802,25.01487],[121.67998,25.01574],[121.67938,25.01291],[121.67973,25.01165],[121.6797,25.00887],[121.68026,25.00707],[121.68064,25.00256],[121.68105,25.00189],[121.68393,24.99998],[121.68465,24.99838],[121.68781,24.99555],[121.68642,24.99395]]]}},{"type":"Feature","properties":{"VILLCODE":"65000010061","VILLNAME":"埤墘里","TOWNCODE":"65000010","TOWNNAME":"板橋區","COUNTYNAME":"新北市"},"geometry":{"type":"Polygon","coordinates":[[[121.47591,25.02202],[121.47392,25.02057],[121.47386,25.02155],[121.47231,25.02135],[121.47178,25.02208],[121.47279,25.02343],[121.47408,25.02343],[121.47443,25.0234],[121.47414,25.02236],[121.47591,25.02202]]]}},{"type":"Feature","properties":{"VILLCODE":"65000010063","VILLNAME":"雙玉里","TOWNCODE":"65000010","TOWNNAME":"板橋區","COUNTYNAME":"新北市"},"geometry":{"type":"Polygon","coordinates":[[[121.47919,25.01869],[121.4784,25.01818],[121.4773,25.01992],[121.47746,25.02048],[121.47758,25.02124],[121.47651,25.02101],[121.47673,25.02191],[121.47591,25.02202],[121.47809,25.02351],[121.47856,25.02177],[121.47938,25.02155],[121.47929,25.0213],[121.47919,25.01869]]]}},{"type":"Feature","properties":{"VILLCODE":"65000010053","VILLNAME":"光復里","TOWNCODE":"65000010","TOWNNAME":"板橋區","COUNTYNAME":"新北市"},"geometry":{"type":"Polygon","coordinates":[[[121.48869,25.01574],[121.48424,25.01571],[121.48339,25.01785],[121.48317,25.01843],[121.48279,25.01852],[121.48342,25.02057],[121.48279,25.02099],[121.48383,25.0216],[121.48873,25.02354],[121.48857,25.02188],[121.48857,25.02186],[121.48857,25.02169],[121.48841,25.02082],[121.48841,25.02079],[121.48841,25.02076],[121.48854,25.01928],[121.48854,25.01925],[121.4886,25.01667],[121.4886,25.01661],[121.48869,25.01574]]]}},{"type":"Feature","properties":{"VILLCODE":"65000010028","VILLNAME":"華江里","TOWNCODE":"65000010","TOWNNAME":"板橋區","COUNTYNAME":"新北市"},"geometry":{"type":"Polygon","coordinates":[[[121.46969,25.02048],[121.46925,25.02118],[121.4672,25.02155],[121.46846,25.02379],[121.47095,25.02371],[121.47279,25.02343],[121.47178,25.02208],[121.46969,25.02048]]]}},{"type":"Feature","properties":{"VILLCODE":"65000050050","VILLNAME":"龍鳳里","TOWNCODE":"65000050","TOWNNAME":"新莊區","COUNTYNAME":"新北市"},"geometry":{"type":"Polygon","coordinates":[[[121.41881,25.01933],[121.41764,25.02003],[121.41685,25.01933],[121.41439,25.01947],[121.41388,25.01894],[121.41328,25.01975],[121.41183,25.02197],[121.41581,25.02421],[121.41685,25.02264],[121.41673,25.02115],[121.41894,25.02037],[121.41881,25.01933]]]}},{"type":"Feature","properties":{"VILLCODE":"65000240007","VILLNAME":"東勢里","TOWNCODE":"65000240","TOWNNAME":"平溪區","COUNTYNAME":"新北市"},"geometry":{"type":"Polygon","coordinates":[[[121.77714,24.98486],[121.77559,24.98548],[121.77351,24.98267],[121.77313,24.98136],[121.77158,24.9797],[121.76944,24.97987],[121.76757,24.97956],[121.76363,24.98057],[121.76227,24.97891],[121.76066,24.97861],[121.75858,24.9769],[121.75643,24.97768],[121.75315,24.9767],[121.7522,24.97712],[121.74933,24.97465],[121.7481,24.97417],[121.74627,24.97518],[121.74412,24.9751],[121.74245,24.9797],[121.7398,24.97908],[121.73888,24.97978],[121.73765,24.97757],[121.73702,24.97748],[121.73636,24.97572],[121.73386,24.97642],[121.73314,24.97597],[121.73086,24.97586],[121.72888,24.97504],[121.72619,24.97468],[121.72468,24.97513],[121.72174,24.97412],[121.72064,24.97406],[121.71817,24.9749],[121.71824,24.97692],[121.71735,24.97816],[121.71726,24.97917],[121.71852,24.98004],[121.72064,24.98023],[121.72092,24.98136],[121.72203,24.98239],[121.72367,24.98259],[121.72458,24.98368],[121.72455,24.98629],[121.72525,24.98775],[121.72679,24.98918],[121.72651,24.99025],[121.72515,24.99204],[121.72319,24.99692],[121.72165,24.99818],[121.72079,24.99939],[121.72051,25.0009],[121.72174,25.00124],[121.72263,25.00539],[121.72222,25.00761],[121.72114,25.00881],[121.72427,25.00977],[121.72597,25.01066],[121.73083,25.00929],[121.73269,25.00952],[121.73756,25.01111],[121.73699,25.01218],[121.73932,25.01431],[121.73986,25.01689],[121.73954,25.01849],[121.73977,25.01956],[121.74251,25.0193],[121.74459,25.01942],[121.74766,25.02085],[121.75053,25.02371],[121.75268,25.02416],[121.75476,25.02416],[121.75583,25.02376],[121.75829,25.0223],[121.75924,25.02012],[121.75852,25.01563],[121.75905,25.01454],[121.75848,25.01311],[121.75902,25.01139],[121.75864,25.00994],[121.75924,25.00909],[121.76271,25.00722],[121.76382,25.00699],[121.76401,25.00587],[121.76319,25.00449],[121.76338,25.00393],[121.76281,25.00155],[121.76271,24.99922],[121.76164,24.99768],[121.76369,24.99619],[121.76442,24.99527],[121.76473,24.99358],[121.76694,24.99285],[121.76862,24.99112],[121.76871,24.99013],[121.77111,24.98896],[121.7731,24.98915],[121.77433,24.98856],[121.77559,24.98668],[121.77581,24.98553],[121.77714,24.98486]]]}},{"type":"Feature","properties":{"VILLCODE":"65000010023","VILLNAME":"幸福里","TOWNCODE":"65000010","TOWNNAME":"板橋區","COUNTYNAME":"新北市"},"geometry":{"type":"Polygon","coordinates":[[[121.4607,25.01998],[121.46048,25.0202],[121.45915,25.02144],[121.45814,25.02208],[121.45861,25.02343],[121.46022,25.02432],[121.46079,25.0234],[121.46265,25.02037],[121.4607,25.01998]]]}},{"type":"Feature","properties":{"VILLCODE":"65000050012","VILLNAME":"八德里","TOWNCODE":"65000050","TOWNNAME":"新莊區","COUNTYNAME":"新北市"},"geometry":{"type":"Polygon","coordinates":[[[121.42569,25.0209],[121.42373,25.02177],[121.42496,25.02438],[121.42547,25.02365],[121.42638,25.02205],[121.42569,25.0209]]]}},{"type":"Feature","properties":{"VILLCODE":"65000010024","VILLNAME":"忠誠里","TOWNCODE":"65000010","TOWNNAME":"板橋區","COUNTYNAME":"新北市"},"geometry":{"type":"Polygon","coordinates":[[[121.4659,25.01975],[121.46534,25.01902],[121.46265,25.02037],[121.46332,25.02343],[121.46319,25.02444],[121.46411,25.02309],[121.46537,25.02216],[121.4672,25.02155],[121.4666,25.02065],[121.4659,25.01975]]]}},{"type":"Feature","properties":{"VILLCODE":"65000010027","VILLNAME":"新埔里","TOWNCODE":"65000010","TOWNNAME":"板橋區","COUNTYNAME":"新北市"},"geometry":{"type":"Polygon","coordinates":[[[121.46846,25.02379],[121.4672,25.02155],[121.46537,25.02216],[121.46571,25.02396],[121.4672,25.02449],[121.46846,25.02379]]]}},{"type":"Feature","properties":{"VILLCODE":"65000190003","VILLNAME":"隆盛里","TOWNCODE":"65000190","TOWNNAME":"石碇區","COUNTYNAME":"新北市"},"geometry":{"type":"Polygon","coordinates":[[[121.67035,24.99863],[121.67035,24.99751],[121.66776,24.99715],[121.66464,24.99919],[121.6624,24.99858],[121.65946,25.00012],[121.65823,25.00194],[121.65498,25.00264],[121.65157,25.00363],[121.65195,25.00466],[121.65116,25.00752],[121.64845,25.00963],[121.64703,25.01123],[121.64551,25.01218],[121.64336,25.01204],[121.64097,25.01123],[121.64046,25.01218],[121.64109,25.014],[121.64103,25.01549],[121.64024,25.019],[121.6392,25.02051],[121.64024,25.02214],[121.64024,25.02354],[121.64027,25.02354],[121.64299,25.02455],[121.64466,25.02374],[121.64611,25.02174],[121.64706,25.02186],[121.6499,25.02396],[121.65211,25.02399],[121.65381,25.02444],[121.65549,25.02371],[121.65773,25.02323],[121.65823,25.02357],[121.66057,25.0234],[121.66063,25.0234],[121.65826,25.02138],[121.65798,25.01967],[121.65858,25.01681],[121.65833,25.01484],[121.6605,25.0128],[121.66129,25.01027],[121.66095,25.00766],[121.6611,25.00626],[121.66499,25.00584],[121.666,25.00506],[121.66717,25.00489],[121.66903,25.00278],[121.66887,25.00054],[121.66953,24.99886],[121.67035,24.99863]]]}},{"type":"Feature","properties":{"VILLCODE":"65000240003","VILLNAME":"白石里","TOWNCODE":"65000240","TOWNNAME":"平溪區","COUNTYNAME":"新北市"},"geometry":{"type":"Polygon","coordinates":[[[121.72114,25.00881],[121.72095,25.00873],[121.72117,25.0094],[121.72042,25.01139],[121.71963,25.0121],[121.71865,25.01392],[121.71947,25.01611],[121.71871,25.01849],[121.71786,25.01975],[121.71789,25.02107],[121.72168,25.02233],[121.72247,25.022],[121.72354,25.02317],[121.72518,25.02351],[121.72717,25.02247],[121.7284,25.02424],[121.72954,25.02441],[121.73067,25.02264],[121.73273,25.02393],[121.73307,25.02326],[121.7315,25.02166],[121.72982,25.02045],[121.72929,25.01939],[121.72695,25.01799],[121.72676,25.01656],[121.72559,25.01487],[121.72528,25.01333],[121.72597,25.01066],[121.72427,25.00977],[121.72114,25.00881]]]}},{"type":"Feature","properties":{"VILLCODE":"65000010103","VILLNAME":"文德里","TOWNCODE":"65000010","TOWNNAME":"板橋區","COUNTYNAME":"新北市"},"geometry":{"type":"Polygon","coordinates":[[[121.46265,25.02037],[121.46079,25.0234],[121.46319,25.02444],[121.46332,25.02343],[121.46265,25.02037]]]}},{"type":"Feature","properties":{"VILLCODE":"65000050081","VILLNAME":"民全里","TOWNCODE":"65000050","TOWNNAME":"新莊區","COUNTYNAME":"新北市"},"geometry":{"type":"Polygon","coordinates":[[[121.42951,25.02085],[121.42771,25.02101],[121.42638,25.02205],[121.42702,25.02289],[121.4302,25.02489],[121.43011,25.02278],[121.42951,25.02085]]]}},{"type":"Feature","properties":{"VILLCODE":"65000010062","VILLNAME":"永安里","TOWNCODE":"65000010","TOWNNAME":"板橋區","COUNTYNAME":"新北市"},"geometry":{"type":"Polygon","coordinates":[[[121.47591,25.02202],[121.47414,25.02236],[121.47443,25.0234],[121.47525,25.02351],[121.4773,25.02503],[121.47809,25.02351],[121.47591,25.02202]]]}},{"type":"Feature","properties":{"VILLCODE":"65000050015","VILLNAME":"西盛里","TOWNCODE":"65000050","TOWNNAME":"新莊區","COUNTYNAME":"新北市"},"geometry":{"type":"Polygon","coordinates":[[[121.43008,24.99521],[121.43039,24.9972],[121.43109,25.00009],[121.43131,25.00214],[121.432,25.00357],[121.43087,25.00489],[121.43008,25.00545],[121.42986,25.00679],[121.42806,25.00879],[121.42698,25.0082],[121.42632,25.00988],[121.42673,25.01052],[121.42708,25.01066],[121.42733,25.00952],[121.42834,25.0089],[121.42919,25.0098],[121.42913,25.01238],[121.42932,25.01748],[121.42941,25.01916],[121.42951,25.02085],[121.43011,25.02278],[121.4302,25.02489],[121.43143,25.02505],[121.43551,25.02331],[121.43503,25.02239],[121.43592,25.0218],[121.43497,25.01916],[121.43582,25.01751],[121.43421,25.01274],[121.43513,25.01207],[121.4351,25.01061],[121.43589,25.00884],[121.43705,25.00825],[121.43686,25.00458],[121.43699,25.00315],[121.43645,25.00079],[121.43639,25.00018],[121.43346,25.00018],[121.43178,24.99931],[121.4308,24.99813],[121.43093,24.99625],[121.43008,24.99521]]]}},{"type":"Feature","properties":{"VILLCODE":"65000010116","VILLNAME":"陽明里","TOWNCODE":"65000010","TOWNNAME":"板橋區","COUNTYNAME":"新北市"},"geometry":{"type":"Polygon","coordinates":[[[121.46537,25.02216],[121.46411,25.02309],[121.46319,25.02444],[121.46445,25.025],[121.46571,25.02396],[121.46537,25.02216]]]}},{"type":"Feature","properties":{"VILLCODE":"65000260006","VILLNAME":"福隆里","TOWNCODE":"65000260","TOWNNAME":"貢寮區","COUNTYNAME":"新北市"},"geometry":{"type":"Polygon","coordinates":[[[121.96041,24.98828],[121.96034,24.98831],[121.95813,24.9873],[121.95551,24.98828],[121.95318,24.988],[121.9504,24.98831],[121.94791,24.98666],[121.94633,24.98696],[121.94485,24.98817],[121.94361,24.9873],[121.94361,24.98727],[121.94223,24.98898],[121.94226,24.99201],[121.94279,24.99431],[121.94194,24.99684],[121.94245,24.99908],[121.94188,24.9997],[121.93945,25.00107],[121.93935,25.00278],[121.93793,25.00421],[121.93547,25.00517],[121.93329,25.00937],[121.9319,25.01055],[121.93291,25.01274],[121.93342,25.01611],[121.9326,25.01759],[121.93276,25.01981],[121.93178,25.02163],[121.93197,25.02284],[121.93762,25.02264],[121.94118,25.02197],[121.94592,25.01958],[121.94718,25.02104],[121.94996,25.02045],[121.9504,25.02115],[121.95239,25.02152],[121.95217,25.02222],[121.95602,25.02236],[121.9587,25.02298],[121.96088,25.02301],[121.96489,25.02466],[121.96694,25.02393],[121.9689,25.02446],[121.97032,25.02561],[121.97199,25.02219],[121.97228,25.01936],[121.97199,25.0186],[121.9724,25.0147],[121.9736,25.01294],[121.97452,25.00332],[121.97445,25.00138],[121.97404,25.00009],[121.97212,24.99745],[121.97073,24.99314],[121.96896,24.99061],[121.96779,24.9903],[121.96347,24.99041],[121.96041,24.98828]]]}},{"type":"Feature","properties":{"VILLCODE":"65000050055","VILLNAME":"四維里","TOWNCODE":"65000050","TOWNNAME":"新莊區","COUNTYNAME":"新北市"},"geometry":{"type":"Polygon","coordinates":[[[121.42373,25.02177],[121.42231,25.01925],[121.42143,25.01967],[121.42424,25.02561],[121.42496,25.02438],[121.42373,25.02177]]]}},{"type":"Feature","properties":{"VILLCODE":"65000180003","VILLNAME":"土庫里","TOWNCODE":"65000180","TOWNNAME":"深坑區","COUNTYNAME":"新北市"},"geometry":{"type":"Polygon","coordinates":[[[121.64062,25.00895],[121.6385,25.00848],[121.63519,25.00893],[121.63361,25.00963],[121.632,25.00985],[121.63086,25.01288],[121.6303,25.01535],[121.62929,25.01776],[121.62948,25.01855],[121.62806,25.01953],[121.629,25.02],[121.63027,25.02222],[121.63093,25.02472],[121.63244,25.02564],[121.63456,25.02432],[121.6356,25.02402],[121.63569,25.0232],[121.63749,25.02407],[121.64011,25.02357],[121.64024,25.02354],[121.64024,25.02214],[121.6392,25.02051],[121.64024,25.019],[121.64103,25.01549],[121.64109,25.014],[121.64046,25.01218],[121.64097,25.01123],[121.64062,25.00895]]]}},{"type":"Feature","properties":{"VILLCODE":"65000050027","VILLNAME":"南港里","TOWNCODE":"65000050","TOWNNAME":"新莊區","COUNTYNAME":"新北市"},"geometry":{"type":"Polygon","coordinates":[[[121.42152,25.01765],[121.42042,25.01866],[121.42045,25.02012],[121.42118,25.02166],[121.42092,25.0223],[121.4213,25.02216],[121.42219,25.02525],[121.42326,25.02491],[121.42399,25.02604],[121.42424,25.02561],[121.42143,25.01967],[121.42231,25.01925],[121.42152,25.01765]]]}},{"type":"Feature","properties":{"VILLCODE":"65000010051","VILLNAME":"振興里","TOWNCODE":"65000010","TOWNNAME":"板橋區","COUNTYNAME":"新北市"},"geometry":{"type":"Polygon","coordinates":[[[121.48279,25.02099],[121.48248,25.02141],[121.47929,25.0213],[121.47938,25.02155],[121.47932,25.02303],[121.48077,25.02421],[121.4809,25.02553],[121.48194,25.02615],[121.48248,25.02522],[121.48175,25.02494],[121.48216,25.02323],[121.48383,25.0216],[121.48279,25.02099]]]}},{"type":"Feature","properties":{"VILLCODE":"65000010106","VILLNAME":"莒光里","TOWNCODE":"65000010","TOWNNAME":"板橋區","COUNTYNAME":"新北市"},"geometry":{"type":"Polygon","coordinates":[[[121.47095,25.02371],[121.46846,25.02379],[121.46963,25.02589],[121.46988,25.02629],[121.47187,25.02531],[121.47095,25.02371]]]}},{"type":"Feature","properties":{"VILLCODE":"65000050021","VILLNAME":"裕民里","TOWNCODE":"65000050","TOWNNAME":"新莊區","COUNTYNAME":"新北市"},"geometry":{"type":"Polygon","coordinates":[[[121.41953,25.02284],[121.41894,25.02037],[121.41673,25.02115],[121.41685,25.02264],[121.41581,25.02421],[121.41682,25.02477],[121.4178,25.02665],[121.42039,25.02584],[121.41979,25.02474],[121.41953,25.02284]]]}},{"type":"Feature","properties":{"VILLCODE":"65000260009","VILLNAME":"福連里","TOWNCODE":"65000260","TOWNNAME":"貢寮區","COUNTYNAME":"新北市"},"geometry":{"type":"Polygon","coordinates":[[[121.96603,24.98309],[121.96407,24.98556],[121.96284,24.98778],[121.96151,24.98803],[121.96116,24.98825],[121.9605,24.98823],[121.96041,24.98828],[121.96347,24.99041],[121.96779,24.9903],[121.96896,24.99061],[121.97073,24.99314],[121.97212,24.99745],[121.97404,25.00009],[121.97445,25.00138],[121.97452,25.00332],[121.9736,25.01294],[121.9724,25.0147],[121.97199,25.0186],[121.97228,25.01936],[121.97199,25.02219],[121.97032,25.02561],[121.97366,25.02657],[121.97568,25.02676],[121.97786,25.02662],[121.98304,25.02491],[121.988,25.02233],[121.99017,25.02107],[121.99226,25.01647],[121.99147,25.01496],[121.99118,25.01294],[121.99317,25.01426],[121.99396,25.01602],[121.99762,25.0195],[121.99914,25.01961],[122.00075,25.01644],[122.00182,25.01482],[122.00359,25.01462],[122.00416,25.01552],[122.0051,25.0156],[122.00545,25.01482],[122.00523,25.01299],[122.00608,25.0124],[122.00662,25.01103],[122.0075,25.01184],[122.00586,25.00862],[122.00706,25.00862],[122.00693,25.00803],[122.00567,25.00778],[122.00529,25.00449],[122.00599,25.00332],[122.00517,25.00155],[122.00359,25.002],[121.99668,25.00076],[121.99579,25.00012],[121.99604,24.9995],[121.99447,24.99919],[121.99273,24.9974],[121.99065,24.99572],[121.98929,24.99372],[121.98601,24.99213],[121.98389,24.99055],[121.98092,24.99106],[121.97755,24.99008],[121.97606,24.98882],[121.97474,24.98528],[121.97224,24.98537],[121.97092,24.98461],[121.97041,24.98506],[121.96773,24.98483],[121.96729,24.9827],[121.96603,24.98309]]]}},{"type":"Feature","properties":{"VILLCODE":"65000010043","VILLNAME":"華翠里","TOWNCODE":"65000010","TOWNNAME":"板橋區","COUNTYNAME":"新北市"},"geometry":{"type":"Polygon","coordinates":[[[121.47408,25.02343],[121.47279,25.02343],[121.47095,25.02371],[121.47187,25.02531],[121.47291,25.02682],[121.47484,25.02536],[121.47414,25.02452],[121.47408,25.02343]]]}},{"type":"Feature","properties":{"VILLCODE":"65000010032","VILLNAME":"聯翠里","TOWNCODE":"65000010","TOWNNAME":"板橋區","COUNTYNAME":"新北市"},"geometry":{"type":"Polygon","coordinates":[[[121.46846,25.02379],[121.4672,25.02449],[121.46635,25.02601],[121.46843,25.0269],[121.46963,25.02589],[121.46846,25.02379]]]}},{"type":"Feature","properties":{"VILLCODE":"65000010037","VILLNAME":"德翠里","TOWNCODE":"65000010","TOWNNAME":"板橋區","COUNTYNAME":"新北市"},"geometry":{"type":"Polygon","coordinates":[[[121.45814,25.02208],[121.45599,25.02323],[121.45448,25.02441],[121.45489,25.02679],[121.45574,25.02643],[121.45672,25.0269],[121.45861,25.02343],[121.45814,25.02208]]]}},{"type":"Feature","properties":{"VILLCODE":"65000050066","VILLNAME":"萬安里","TOWNCODE":"65000050","TOWNNAME":"新莊區","COUNTYNAME":"新北市"},"geometry":{"type":"Polygon","coordinates":[[[121.42092,25.0223],[121.41953,25.02284],[121.41979,25.02474],[121.42039,25.02584],[121.42193,25.02609],[121.42342,25.02699],[121.42399,25.02604],[121.42326,25.02491],[121.42219,25.02525],[121.4213,25.02216],[121.42092,25.0223]]]}},{"type":"Feature","properties":{"VILLCODE":"65000050009","VILLNAME":"後港里","TOWNCODE":"65000050","TOWNNAME":"新莊區","COUNTYNAME":"新北市"},"geometry":{"type":"Polygon","coordinates":[[[121.42547,25.02365],[121.42496,25.02438],[121.42424,25.02561],[121.42692,25.02657],[121.4285,25.0271],[121.42875,25.02564],[121.42547,25.02365]]]}},{"type":"Feature","properties":{"VILLCODE":"65000260003","VILLNAME":"雙玉里","TOWNCODE":"65000260","TOWNNAME":"貢寮區","COUNTYNAME":"新北市"},"geometry":{"type":"Polygon","coordinates":[[[121.94361,24.98727],[121.94358,24.98719],[121.94301,24.98638],[121.94103,24.98559],[121.94055,24.98452],[121.93866,24.98486],[121.93755,24.98307],[121.93579,24.9834],[121.93446,24.98315],[121.93351,24.98088],[121.93064,24.98102],[121.92906,24.98043],[121.92856,24.97967],[121.92679,24.98018],[121.92644,24.97973],[121.9243,24.97936],[121.92231,24.97861],[121.92089,24.9797],[121.91865,24.97877],[121.91849,24.97891],[121.91732,24.9788],[121.91571,24.97939],[121.91568,24.97939],[121.91546,24.98088],[121.91426,24.98357],[121.91416,24.98466],[121.91543,24.98744],[121.91697,24.98907],[121.91729,24.98999],[121.91846,24.99053],[121.92054,24.99288],[121.92013,24.99437],[121.9183,24.99748],[121.91779,24.99947],[121.91776,25.00121],[121.91577,25.0018],[121.9118,25.00385],[121.90971,25.00621],[121.90867,25.00929],[121.9063,25.01316],[121.90735,25.01468],[121.90949,25.01482],[121.91072,25.01726],[121.91192,25.0186],[121.91252,25.01894],[121.91274,25.0204],[121.91593,25.02216],[121.91644,25.02292],[121.91524,25.02446],[121.91533,25.02542],[121.91435,25.02713],[121.91599,25.02542],[121.9176,25.02472],[121.91997,25.02455],[121.92048,25.02587],[121.92136,25.02654],[121.92322,25.02657],[121.92531,25.02519],[121.92685,25.02567],[121.92925,25.02371],[121.93058,25.02303],[121.93197,25.02284],[121.93178,25.02163],[121.93276,25.01981],[121.9326,25.01759],[121.93342,25.01611],[121.93291,25.01274],[121.9319,25.01055],[121.93329,25.00937],[121.93547,25.00517],[121.93793,25.00421],[121.93935,25.00278],[121.93945,25.00107],[121.94188,24.9997],[121.94245,24.99908],[121.94194,24.99684],[121.94279,24.99431],[121.94226,24.99201],[121.94223,24.98898],[121.94361,24.98727]]]}},{"type":"Feature","properties":{"VILLCODE":"65000010052","VILLNAME":"振義里","TOWNCODE":"65000010","TOWNNAME":"板橋區","COUNTYNAME":"新北市"},"geometry":{"type":"Polygon","coordinates":[[[121.48873,25.02354],[121.48383,25.0216],[121.48216,25.02323],[121.48175,25.02494],[121.48248,25.02522],[121.48194,25.02615],[121.48292,25.02657],[121.48734,25.02741],[121.48753,25.0271],[121.48753,25.02707],[121.48756,25.02702],[121.48759,25.02604],[121.48866,25.02368],[121.48866,25.02365],[121.48869,25.02357],[121.48873,25.02354]]]}},{"type":"Feature","properties":{"VILLCODE":"65000010035","VILLNAME":"新翠里","TOWNCODE":"65000010","TOWNNAME":"板橋區","COUNTYNAME":"新北市"},"geometry":{"type":"Polygon","coordinates":[[[121.46079,25.0234],[121.46022,25.02432],[121.45934,25.0257],[121.46328,25.0278],[121.46325,25.02688],[121.46445,25.025],[121.46319,25.02444],[121.46079,25.0234]]]}},{"type":"Feature","properties":{"VILLCODE":"65000050070","VILLNAME":"建安里","TOWNCODE":"65000050","TOWNNAME":"新莊區","COUNTYNAME":"新北市"},"geometry":{"type":"Polygon","coordinates":[[[121.42638,25.02205],[121.42547,25.02365],[121.42875,25.02564],[121.4285,25.0271],[121.43052,25.02769],[121.43166,25.02749],[121.43447,25.02786],[121.43768,25.02783],[121.43762,25.02719],[121.43551,25.02331],[121.43143,25.02505],[121.4302,25.02489],[121.42702,25.02289],[121.42638,25.02205]]]}},{"type":"Feature","properties":{"VILLCODE":"65000050069","VILLNAME":"後德里","TOWNCODE":"65000050","TOWNNAME":"新莊區","COUNTYNAME":"新北市"},"geometry":{"type":"Polygon","coordinates":[[[121.42424,25.02561],[121.42399,25.02604],[121.42342,25.02699],[121.42471,25.02775],[121.42645,25.02805],[121.42692,25.02657],[121.42424,25.02561]]]}},{"type":"Feature","properties":{"VILLCODE":"65000010039","VILLNAME":"明翠里","TOWNCODE":"65000010","TOWNNAME":"板橋區","COUNTYNAME":"新北市"},"geometry":{"type":"Polygon","coordinates":[[[121.4672,25.02449],[121.46571,25.02396],[121.46445,25.025],[121.46325,25.02688],[121.46328,25.0278],[121.46313,25.02817],[121.46341,25.02814],[121.46543,25.02791],[121.46571,25.02735],[121.46635,25.02601],[121.4672,25.02449]]]}},{"type":"Feature","properties":{"VILLCODE":"65000050056","VILLNAME":"建福里","TOWNCODE":"65000050","TOWNNAME":"新莊區","COUNTYNAME":"新北市"},"geometry":{"type":"Polygon","coordinates":[[[121.4285,25.0271],[121.42692,25.02657],[121.42645,25.02805],[121.42863,25.02828],[121.43052,25.02769],[121.4285,25.0271]]]}},{"type":"Feature","properties":{"VILLCODE":"65000010117","VILLNAME":"朝陽里","TOWNCODE":"65000010","TOWNNAME":"板橋區","COUNTYNAME":"新北市"},"geometry":{"type":"Polygon","coordinates":[[[121.46328,25.0278],[121.45934,25.0257],[121.45849,25.02707],[121.46013,25.02794],[121.46101,25.02794],[121.46313,25.02817],[121.46328,25.0278]]]}},{"type":"Feature","properties":{"VILLCODE":"65000050024","VILLNAME":"富國里","TOWNCODE":"65000050","TOWNNAME":"新莊區","COUNTYNAME":"新北市"},"geometry":{"type":"Polygon","coordinates":[[[121.42039,25.02584],[121.4178,25.02665],[121.41824,25.02744],[121.42061,25.02836],[121.42105,25.02733],[121.42051,25.02643],[121.42193,25.02609],[121.42039,25.02584]]]}},{"type":"Feature","properties":{"VILLCODE":"65000010050","VILLNAME":"港嘴里","TOWNCODE":"65000010","TOWNNAME":"板橋區","COUNTYNAME":"新北市"},"geometry":{"type":"Polygon","coordinates":[[[121.47938,25.02155],[121.47856,25.02177],[121.47809,25.02351],[121.4773,25.02503],[121.47897,25.02559],[121.48036,25.02646],[121.48147,25.02719],[121.48652,25.02845],[121.48661,25.02828],[121.48727,25.02747],[121.48734,25.02741],[121.48292,25.02657],[121.48194,25.02615],[121.4809,25.02553],[121.48077,25.02421],[121.47932,25.02303],[121.47938,25.02155]]]}},{"type":"Feature","properties":{"VILLCODE":"65000010042","VILLNAME":"龍翠里","TOWNCODE":"65000010","TOWNNAME":"板橋區","COUNTYNAME":"新北市"},"geometry":{"type":"Polygon","coordinates":[[[121.48036,25.02646],[121.47897,25.02559],[121.4773,25.02503],[121.47635,25.02685],[121.47509,25.02794],[121.47623,25.02845],[121.47657,25.02769],[121.47831,25.02831],[121.47922,25.02786],[121.48036,25.02646]]]}},{"type":"Feature","properties":{"VILLCODE":"65000050078","VILLNAME":"富民里","TOWNCODE":"65000050","TOWNNAME":"新莊區","COUNTYNAME":"新北市"},"geometry":{"type":"Polygon","coordinates":[[[121.42342,25.02699],[121.42193,25.02609],[121.42051,25.02643],[121.42105,25.02733],[121.42061,25.02836],[121.42263,25.02901],[121.42342,25.02699]]]}},{"type":"Feature","properties":{"VILLCODE":"65000010105","VILLNAME":"新海里","TOWNCODE":"65000010","TOWNNAME":"板橋區","COUNTYNAME":"新北市"},"geometry":{"type":"Polygon","coordinates":[[[121.46022,25.02432],[121.45861,25.02343],[121.45672,25.0269],[121.4559,25.02898],[121.45685,25.0296],[121.45751,25.02859],[121.45849,25.02707],[121.45934,25.0257],[121.46022,25.02432]]]}},{"type":"Feature","properties":{"VILLCODE":"65000050046","VILLNAME":"合鳳里","TOWNCODE":"65000050","TOWNNAME":"新莊區","COUNTYNAME":"新北市"},"geometry":{"type":"Polygon","coordinates":[[[121.41824,25.02744],[121.4178,25.02665],[121.41363,25.02817],[121.41455,25.02977],[121.41638,25.02909],[121.41824,25.02744]]]}},{"type":"Feature","properties":{"VILLCODE":"65000050018","VILLNAME":"瓊林里","TOWNCODE":"65000050","TOWNNAME":"新莊區","COUNTYNAME":"新北市"},"geometry":{"type":"Polygon","coordinates":[[[121.43863,25.01246],[121.43765,25.01066],[121.43705,25.00825],[121.43589,25.00884],[121.4351,25.01061],[121.43513,25.01207],[121.43421,25.01274],[121.43582,25.01751],[121.43497,25.01916],[121.43592,25.0218],[121.43503,25.02239],[121.43551,25.02331],[121.43762,25.02719],[121.43768,25.02783],[121.44068,25.02763],[121.4416,25.02895],[121.44321,25.02963],[121.44447,25.02985],[121.44671,25.02901],[121.44674,25.02794],[121.44876,25.02733],[121.44583,25.02329],[121.44539,25.02239],[121.44435,25.02073],[121.44264,25.01807],[121.44034,25.0151],[121.43863,25.01246]]]}},{"type":"Feature","properties":{"VILLCODE":"65000010044","VILLNAME":"忠翠里","TOWNCODE":"65000010","TOWNNAME":"板橋區","COUNTYNAME":"新北市"},"geometry":{"type":"Polygon","coordinates":[[[121.47443,25.0234],[121.47408,25.02343],[121.47414,25.02452],[121.47484,25.02536],[121.47291,25.02682],[121.47187,25.02531],[121.46988,25.02629],[121.47102,25.02834],[121.47231,25.02991],[121.47351,25.02904],[121.47509,25.02794],[121.47635,25.02685],[121.4773,25.02503],[121.47525,25.02351],[121.47443,25.0234]]]}},{"type":"Feature","properties":{"VILLCODE":"65000010034","VILLNAME":"仁翠里","TOWNCODE":"65000010","TOWNNAME":"板橋區","COUNTYNAME":"新北市"},"geometry":{"type":"Polygon","coordinates":[[[121.46341,25.02814],[121.46313,25.02817],[121.46101,25.02794],[121.46006,25.02904],[121.46234,25.02999],[121.46341,25.02814]]]}},{"type":"Feature","properties":{"VILLCODE":"65000050080","VILLNAME":"祥鳳里","TOWNCODE":"65000050","TOWNNAME":"新莊區","COUNTYNAME":"新北市"},"geometry":{"type":"Polygon","coordinates":[[[121.41455,25.02977],[121.41363,25.02817],[121.413,25.02789],[121.41221,25.0289],[121.41335,25.03002],[121.41455,25.02977]]]}},{"type":"Feature","properties":{"VILLCODE":"65000010036","VILLNAME":"吉翠里","TOWNCODE":"65000010","TOWNNAME":"板橋區","COUNTYNAME":"新北市"},"geometry":{"type":"Polygon","coordinates":[[[121.46101,25.02794],[121.46013,25.02794],[121.45849,25.02707],[121.45751,25.02859],[121.45915,25.02954],[121.46006,25.02904],[121.46101,25.02794]]]}},{"type":"Feature","properties":{"VILLCODE":"65000010104","VILLNAME":"文化里","TOWNCODE":"65000010","TOWNNAME":"板橋區","COUNTYNAME":"新北市"},"geometry":{"type":"Polygon","coordinates":[[[121.46988,25.02629],[121.46963,25.02589],[121.46843,25.0269],[121.46635,25.02601],[121.46571,25.02735],[121.4665,25.02772],[121.46606,25.02859],[121.46808,25.03027],[121.46875,25.02991],[121.46856,25.02828],[121.47102,25.02834],[121.46988,25.02629]]]}},{"type":"Feature","properties":{"VILLCODE":"65000010119","VILLNAME":"文聖里","TOWNCODE":"65000010","TOWNNAME":"板橋區","COUNTYNAME":"新北市"},"geometry":{"type":"Polygon","coordinates":[[[121.47922,25.02786],[121.47831,25.02831],[121.47752,25.02988],[121.47904,25.03052],[121.48055,25.02881],[121.47922,25.02786]]]}},{"type":"Feature","properties":{"VILLCODE":"65000010118","VILLNAME":"松柏里","TOWNCODE":"65000010","TOWNNAME":"板橋區","COUNTYNAME":"新北市"},"geometry":{"type":"Polygon","coordinates":[[[121.47831,25.02831],[121.47657,25.02769],[121.47623,25.02845],[121.47509,25.02794],[121.47351,25.02904],[121.47446,25.02979],[121.47695,25.0308],[121.47752,25.02988],[121.47831,25.02831]]]}},{"type":"Feature","properties":{"VILLCODE":"65000010049","VILLNAME":"福翠里","TOWNCODE":"65000010","TOWNNAME":"板橋區","COUNTYNAME":"新北市"},"geometry":{"type":"Polygon","coordinates":[[[121.48652,25.02845],[121.48147,25.02719],[121.48036,25.02646],[121.47922,25.02786],[121.48055,25.02881],[121.48191,25.02971],[121.48529,25.03083],[121.48535,25.03075],[121.48648,25.02853],[121.48652,25.02845]]]}},{"type":"Feature","properties":{"VILLCODE":"65000010038","VILLNAME":"滿翠里","TOWNCODE":"65000010","TOWNNAME":"板橋區","COUNTYNAME":"新北市"},"geometry":{"type":"Polygon","coordinates":[[[121.46543,25.02791],[121.46341,25.02814],[121.46234,25.02999],[121.46385,25.03117],[121.46543,25.02791]]]}},{"type":"Feature","properties":{"VILLCODE":"65000250010","VILLNAME":"外柑里","TOWNCODE":"65000250","TOWNNAME":"雙溪區","COUNTYNAME":"新北市"},"geometry":{"type":"Polygon","coordinates":[[[121.84355,25.00133],[121.83995,25.00009],[121.83812,24.99919],[121.83629,24.99936],[121.83557,24.9981],[121.83011,24.99975],[121.82938,24.99942],[121.82865,24.99698],[121.82607,24.99501],[121.82588,24.99176],[121.82348,24.99154],[121.82297,24.99314],[121.82206,24.99451],[121.82124,24.99493],[121.81855,24.99468],[121.81628,24.99501],[121.81347,24.99437],[121.81167,24.99431],[121.80959,24.99465],[121.81012,24.99555],[121.81202,24.99678],[121.81249,24.99858],[121.80946,25.00043],[121.80189,25.00405],[121.8017,25.00581],[121.80337,25.00898],[121.80369,25.01047],[121.80555,25.01078],[121.80773,25.0124],[121.80716,25.01482],[121.80473,25.01737],[121.80283,25.01759],[121.79952,25.01726],[121.79791,25.01796],[121.79106,25.02287],[121.79261,25.02354],[121.79715,25.02766],[121.79804,25.02892],[121.79961,25.03019],[121.80258,25.03086],[121.80372,25.03089],[121.80444,25.03156],[121.80656,25.03159],[121.80874,25.02811],[121.81006,25.02517],[121.8106,25.0246],[121.81243,25.02407],[121.81341,25.02331],[121.81464,25.02138],[121.82199,25.0204],[121.82373,25.01992],[121.82919,25.02079],[121.83137,25.02071],[121.83478,25.01785],[121.8385,25.01414],[121.83898,25.01254],[121.83822,25.01027],[121.83822,25.00893],[121.84017,25.00707],[121.84308,25.00682],[121.84399,25.00604],[121.84504,25.00604],[121.84642,25.00536],[121.84393,25.00318],[121.84355,25.00133]]]}},{"type":"Feature","properties":{"VILLCODE":"65000050006","VILLNAME":"豐年里","TOWNCODE":"65000050","TOWNNAME":"新莊區","COUNTYNAME":"新北市"},"geometry":{"type":"Polygon","coordinates":[[[121.44671,25.02901],[121.44447,25.02985],[121.44321,25.02963],[121.44318,25.03142],[121.44646,25.0315],[121.44807,25.0317],[121.44779,25.03066],[121.44652,25.03052],[121.44671,25.02901]]]}},{"type":"Feature","properties":{"VILLCODE":"65000010040","VILLNAME":"松翠里","TOWNCODE":"65000010","TOWNNAME":"板橋區","COUNTYNAME":"新北市"},"geometry":{"type":"Polygon","coordinates":[[[121.47351,25.02904],[121.47231,25.02991],[121.4737,25.03148],[121.47597,25.03184],[121.47695,25.0308],[121.47446,25.02979],[121.47351,25.02904]]]}},{"type":"Feature","properties":{"VILLCODE":"65000010030","VILLNAME":"純翠里","TOWNCODE":"65000010","TOWNNAME":"板橋區","COUNTYNAME":"新北市"},"geometry":{"type":"Polygon","coordinates":[[[121.46571,25.02735],[121.46543,25.02791],[121.46385,25.03117],[121.4666,25.03198],[121.46808,25.03027],[121.46606,25.02859],[121.4665,25.02772],[121.46571,25.02735]]]}},{"type":"Feature","properties":{"VILLCODE":"65000050077","VILLNAME":"泰豐里","TOWNCODE":"65000050","TOWNNAME":"新莊區","COUNTYNAME":"新北市"},"geometry":{"type":"Polygon","coordinates":[[[121.44876,25.02733],[121.44674,25.02794],[121.44671,25.02901],[121.44652,25.03052],[121.44779,25.03066],[121.44807,25.0317],[121.44895,25.03212],[121.45028,25.03249],[121.45227,25.03094],[121.44876,25.02733]]]}},{"type":"Feature","properties":{"VILLCODE":"65000010029","VILLNAME":"江翠里","TOWNCODE":"65000010","TOWNNAME":"板橋區","COUNTYNAME":"新北市"},"geometry":{"type":"Polygon","coordinates":[[[121.47231,25.02991],[121.47102,25.02834],[121.46856,25.02828],[121.46875,25.02991],[121.46808,25.03027],[121.4666,25.03198],[121.46878,25.03263],[121.46991,25.03103],[121.47067,25.03134],[121.47231,25.02991]]]}},{"type":"Feature","properties":{"VILLCODE":"65000010045","VILLNAME":"嵐翠里","TOWNCODE":"65000010","TOWNNAME":"板橋區","COUNTYNAME":"新北市"},"geometry":{"type":"Polygon","coordinates":[[[121.47904,25.03052],[121.47752,25.02988],[121.47695,25.0308],[121.47597,25.03184],[121.47714,25.03271],[121.47856,25.03128],[121.47904,25.03052]]]}},{"type":"Feature","properties":{"VILLCODE":"65000010010","VILLNAME":"中正里","TOWNCODE":"65000010","TOWNNAME":"板橋區","COUNTYNAME":"新北市"},"geometry":{"type":"Polygon","coordinates":[[[121.45596,25.02247],[121.45429,25.02312],[121.45423,25.02194],[121.45486,25.02045],[121.45397,25.0197],[121.45176,25.02017],[121.44583,25.02329],[121.44876,25.02733],[121.45227,25.03094],[121.4528,25.03136],[121.45495,25.03293],[121.45685,25.0296],[121.4559,25.02898],[121.45672,25.0269],[121.45574,25.02643],[121.45489,25.02679],[121.45448,25.02441],[121.45599,25.02323],[121.45596,25.02247]]]}},{"type":"Feature","properties":{"VILLCODE":"65000050068","VILLNAME":"福營里","TOWNCODE":"65000050","TOWNNAME":"新莊區","COUNTYNAME":"新北市"},"geometry":{"type":"Polygon","coordinates":[[[121.43768,25.02783],[121.43447,25.02786],[121.43166,25.02749],[121.43052,25.02769],[121.42863,25.02828],[121.42645,25.02805],[121.42471,25.02775],[121.42342,25.02699],[121.42263,25.02901],[121.42339,25.02929],[121.42616,25.03016],[121.43349,25.03237],[121.44106,25.03372],[121.43885,25.03019],[121.43768,25.02783]]]}},{"type":"Feature","properties":{"VILLCODE":"65000050003","VILLNAME":"國泰里","TOWNCODE":"65000050","TOWNNAME":"新莊區","COUNTYNAME":"新北市"},"geometry":{"type":"Polygon","coordinates":[[[121.44321,25.02963],[121.4416,25.02895],[121.44068,25.02763],[121.43768,25.02783],[121.43885,25.03019],[121.44106,25.03372],[121.44204,25.03392],[121.44245,25.03403],[121.44283,25.03145],[121.44318,25.03142],[121.44321,25.02963]]]}},{"type":"Feature","properties":{"VILLCODE":"65000240001","VILLNAME":"薯榔里","TOWNCODE":"65000240","TOWNNAME":"平溪區","COUNTYNAME":"新北市"},"geometry":{"type":"Polygon","coordinates":[[[121.72095,25.00873],[121.71966,25.00738],[121.71792,25.00741],[121.71641,25.00671],[121.71363,25.00601],[121.71192,25.00971],[121.71013,25.01159],[121.70924,25.01184],[121.70609,25.01512],[121.70694,25.01706],[121.70567,25.0179],[121.70435,25.01821],[121.70258,25.02138],[121.70107,25.02326],[121.7023,25.02542],[121.70438,25.02657],[121.70451,25.02738],[121.70321,25.02949],[121.70318,25.03198],[121.7053,25.03285],[121.70779,25.0335],[121.70829,25.03408],[121.71199,25.03336],[121.7135,25.03207],[121.71436,25.03047],[121.71341,25.02912],[121.71394,25.02839],[121.71887,25.02817],[121.72117,25.02505],[121.7207,25.02421],[121.72168,25.02233],[121.71789,25.02107],[121.71786,25.01975],[121.71871,25.01849],[121.71947,25.01611],[121.71865,25.01392],[121.71963,25.0121],[121.72042,25.01139],[121.72117,25.0094],[121.72095,25.00873]]]}},{"type":"Feature","properties":{"VILLCODE":"65000010048","VILLNAME":"懷翠里","TOWNCODE":"65000010","TOWNNAME":"板橋區","COUNTYNAME":"新北市"},"geometry":{"type":"Polygon","coordinates":[[[121.48055,25.02881],[121.47904,25.03052],[121.47856,25.03128],[121.47954,25.03226],[121.47945,25.0333],[121.48036,25.03437],[121.48421,25.03341],[121.48424,25.03338],[121.48525,25.03092],[121.48529,25.03083],[121.48191,25.02971],[121.48055,25.02881]]]}},{"type":"Feature","properties":{"VILLCODE":"65000240004","VILLNAME":"石底里","TOWNCODE":"65000240","TOWNNAME":"平溪區","COUNTYNAME":"新北市"},"geometry":{"type":"Polygon","coordinates":[[[121.75053,25.02371],[121.74766,25.02085],[121.74459,25.01942],[121.74251,25.0193],[121.73977,25.01956],[121.73954,25.01849],[121.73986,25.01689],[121.73932,25.01431],[121.73699,25.01218],[121.73756,25.01111],[121.73269,25.00952],[121.73083,25.00929],[121.72597,25.01066],[121.72528,25.01333],[121.72559,25.01487],[121.72676,25.01656],[121.72695,25.01799],[121.72929,25.01939],[121.72982,25.02045],[121.7315,25.02166],[121.73307,25.02326],[121.73273,25.02393],[121.73067,25.02264],[121.72954,25.02441],[121.7284,25.02424],[121.72525,25.02668],[121.72379,25.02665],[121.7224,25.02909],[121.7213,25.03013],[121.72111,25.03254],[121.72528,25.03456],[121.72648,25.03369],[121.72723,25.03235],[121.72878,25.03187],[121.73074,25.03049],[121.73273,25.03086],[121.73307,25.03002],[121.73443,25.0294],[121.73449,25.02817],[121.73585,25.02699],[121.73705,25.02685],[121.73778,25.02587],[121.73904,25.02545],[121.73939,25.02455],[121.74008,25.02525],[121.74216,25.02567],[121.74371,25.02528],[121.74519,25.02388],[121.74611,25.02362],[121.75053,25.02371]]]}},{"type":"Feature","properties":{"VILLCODE":"65000010047","VILLNAME":"青翠里","TOWNCODE":"65000010","TOWNNAME":"板橋區","COUNTYNAME":"新北市"},"geometry":{"type":"Polygon","coordinates":[[[121.47856,25.03128],[121.47714,25.03271],[121.47913,25.03467],[121.48036,25.03437],[121.47945,25.0333],[121.47954,25.03226],[121.47856,25.03128]]]}},{"type":"Feature","properties":{"VILLCODE":"65000050001","VILLNAME":"海山里","TOWNCODE":"65000050","TOWNNAME":"新莊區","COUNTYNAME":"新北市"},"geometry":{"type":"Polygon","coordinates":[[[121.44646,25.0315],[121.44318,25.03142],[121.44283,25.03145],[121.44245,25.03403],[121.44627,25.03479],[121.44646,25.0315]]]}},{"type":"Feature","properties":{"VILLCODE":"65000050048","VILLNAME":"雙鳳里","TOWNCODE":"65000050","TOWNNAME":"新莊區","COUNTYNAME":"新北市"},"geometry":{"type":"Polygon","coordinates":[[[121.41044,25.02107],[121.40893,25.02079],[121.4046,25.02376],[121.40391,25.02517],[121.4012,25.0266],[121.40116,25.02662],[121.40116,25.02665],[121.40135,25.02839],[121.40126,25.02845],[121.40069,25.02918],[121.39921,25.02949],[121.39826,25.03019],[121.39798,25.03122],[121.3988,25.03156],[121.39823,25.03249],[121.39876,25.03481],[121.39952,25.03476],[121.39959,25.03473],[121.40041,25.03423],[121.4006,25.03423],[121.40085,25.03423],[121.40094,25.03428],[121.40233,25.03406],[121.40429,25.0319],[121.40536,25.03195],[121.40801,25.03038],[121.40972,25.03002],[121.41221,25.0289],[121.413,25.02789],[121.41363,25.02817],[121.4178,25.02665],[121.41682,25.02477],[121.41581,25.02421],[121.41183,25.02197],[121.41044,25.02107]]]}},{"type":"Feature","properties":{"VILLCODE":"65000010046","VILLNAME":"文翠里","TOWNCODE":"65000010","TOWNNAME":"板橋區","COUNTYNAME":"新北市"},"geometry":{"type":"Polygon","coordinates":[[[121.47597,25.03184],[121.4737,25.03148],[121.47705,25.03512],[121.47913,25.03467],[121.47714,25.03271],[121.47597,25.03184]]]}},{"type":"Feature","properties":{"VILLCODE":"65000050004","VILLNAME":"全安里","TOWNCODE":"65000050","TOWNNAME":"新莊區","COUNTYNAME":"新北市"},"geometry":{"type":"Polygon","coordinates":[[[121.44807,25.0317],[121.44646,25.0315],[121.44627,25.03479],[121.4463,25.03481],[121.44788,25.03515],[121.44895,25.03212],[121.44807,25.0317]]]}},{"type":"Feature","properties":{"VILLCODE":"65000050010","VILLNAME":"文衡里","TOWNCODE":"65000050","TOWNNAME":"新莊區","COUNTYNAME":"新北市"},"geometry":{"type":"Polygon","coordinates":[[[121.45028,25.03249],[121.44895,25.03212],[121.44788,25.03515],[121.44816,25.03521],[121.45012,25.03563],[121.45028,25.03249]]]}},{"type":"Feature","properties":{"VILLCODE":"65000240002","VILLNAME":"菁桐里","TOWNCODE":"65000240","TOWNNAME":"平溪區","COUNTYNAME":"新北市"},"geometry":{"type":"Polygon","coordinates":[[[121.7284,25.02424],[121.72717,25.02247],[121.72518,25.02351],[121.72354,25.02317],[121.72247,25.022],[121.72168,25.02233],[121.7207,25.02421],[121.72117,25.02505],[121.71887,25.02817],[121.71394,25.02839],[121.71341,25.02912],[121.71436,25.03047],[121.7135,25.03207],[121.71199,25.03336],[121.71271,25.03358],[121.71325,25.03481],[121.71549,25.03608],[121.71963,25.03448],[121.72225,25.03451],[121.72446,25.03479],[121.72528,25.03456],[121.72111,25.03254],[121.7213,25.03013],[121.7224,25.02909],[121.72379,25.02665],[121.72525,25.02668],[121.7284,25.02424]]]}},{"type":"Feature","properties":{"VILLCODE":"65000250002","VILLNAME":"共和里","TOWNCODE":"65000250","TOWNNAME":"雙溪區","COUNTYNAME":"新北市"},"geometry":{"type":"Polygon","coordinates":[[[121.87073,25.03509],[121.87098,25.0312],[121.87045,25.028],[121.86798,25.02497],[121.86603,25.02404],[121.86511,25.02306],[121.86457,25.02012],[121.8612,25.01832],[121.86227,25.01498],[121.85861,25.01153],[121.85706,25.00915],[121.85555,25.00792],[121.85119,25.00803],[121.84807,25.00702],[121.848,25.00901],[121.84545,25.01139],[121.84579,25.0126],[121.84699,25.01378],[121.8469,25.01515],[121.84614,25.01726],[121.8463,25.01807],[121.8481,25.0177],[121.84892,25.0186],[121.8504,25.02107],[121.85053,25.02298],[121.8505,25.02446],[121.85122,25.02606],[121.85362,25.02856],[121.85621,25.02982],[121.85918,25.03235],[121.86429,25.03397],[121.86628,25.03501],[121.86707,25.03624],[121.86839,25.03512],[121.87073,25.03509]]]}},{"type":"Feature","properties":{"VILLCODE":"65000010033","VILLNAME":"宏翠里","TOWNCODE":"65000010","TOWNNAME":"板橋區","COUNTYNAME":"新北市"},"geometry":{"type":"Polygon","coordinates":[[[121.45751,25.02859],[121.45685,25.0296],[121.45495,25.03293],[121.45817,25.03481],[121.4613,25.03655],[121.46385,25.03117],[121.46234,25.02999],[121.46006,25.02904],[121.45915,25.02954],[121.45751,25.02859]]]}},{"type":"Feature","properties":{"VILLCODE":"65000050019","VILLNAME":"文德里","TOWNCODE":"65000050","TOWNNAME":"新莊區","COUNTYNAME":"新北市"},"geometry":{"type":"Polygon","coordinates":[[[121.45817,25.03481],[121.45495,25.03293],[121.45378,25.03538],[121.45366,25.03638],[121.45514,25.03667],[121.45517,25.03619],[121.45817,25.03481]]]}},{"type":"Feature","properties":{"VILLCODE":"65000250001","VILLNAME":"雙溪里","TOWNCODE":"65000250","TOWNNAME":"雙溪區","COUNTYNAME":"新北市"},"geometry":{"type":"Polygon","coordinates":[[[121.86707,25.03624],[121.86628,25.03501],[121.86429,25.03397],[121.86439,25.03734],[121.86678,25.03748],[121.86707,25.03624]]]}},{"type":"Feature","properties":{"VILLCODE":"65000050007","VILLNAME":"忠孝里","TOWNCODE":"65000050","TOWNNAME":"新莊區","COUNTYNAME":"新北市"},"geometry":{"type":"Polygon","coordinates":[[[121.44245,25.03403],[121.44204,25.03392],[121.44204,25.03846],[121.44375,25.0379],[121.44564,25.0381],[121.4463,25.03481],[121.44627,25.03479],[121.44245,25.03403]]]}},{"type":"Feature","properties":{"VILLCODE":"65000160010","VILLNAME":"貴和里","TOWNCODE":"65000160","TOWNNAME":"泰山區","COUNTYNAME":"新北市"},"geometry":{"type":"Polygon","coordinates":[[[121.42616,25.03016],[121.42339,25.02929],[121.422,25.03035],[121.4213,25.02876],[121.41821,25.0303],[121.41657,25.03021],[121.41758,25.03184],[121.41818,25.03358],[121.41701,25.03456],[121.41909,25.03717],[121.41966,25.03714],[121.42099,25.03877],[121.4225,25.03818],[121.42402,25.03846],[121.42866,25.03627],[121.42585,25.03308],[121.42411,25.03184],[121.42616,25.03016]]]}},{"type":"Feature","properties":{"VILLCODE":"65000050060","VILLNAME":"全泰里","TOWNCODE":"65000050","TOWNNAME":"新莊區","COUNTYNAME":"新北市"},"geometry":{"type":"Polygon","coordinates":[[[121.44788,25.03515],[121.4463,25.03481],[121.44564,25.0381],[121.447,25.03849],[121.44766,25.0388],[121.44772,25.03714],[121.44845,25.03591],[121.44816,25.03521],[121.44788,25.03515]]]}},{"type":"Feature","properties":{"VILLCODE":"65000240010","VILLNAME":"平湖里","TOWNCODE":"65000240","TOWNNAME":"平溪區","COUNTYNAME":"新北市"},"geometry":{"type":"Polygon","coordinates":[[[121.79106,25.02287],[121.78917,25.02303],[121.78797,25.02101],[121.78692,25.02051],[121.78449,25.01765],[121.78421,25.01496],[121.78443,25.01397],[121.78225,25.01207],[121.78203,25.01123],[121.78017,25.0105],[121.77869,25.00761],[121.77932,25.00643],[121.77805,25.00635],[121.77708,25.0057],[121.77471,25.0025],[121.7725,25.00166],[121.77114,25.00034],[121.76893,24.99975],[121.76369,24.99619],[121.76164,24.99768],[121.76271,24.99922],[121.76281,25.00155],[121.76338,25.00393],[121.76319,25.00449],[121.76401,25.00587],[121.76382,25.00699],[121.76331,25.00895],[121.7641,25.01083],[121.76559,25.01257],[121.76543,25.01507],[121.76732,25.01686],[121.76871,25.01754],[121.77111,25.01787],[121.77338,25.01961],[121.77291,25.02113],[121.77215,25.02177],[121.77114,25.02491],[121.77408,25.02699],[121.77332,25.02828],[121.77395,25.03041],[121.77824,25.03442],[121.77834,25.03504],[121.7773,25.03605],[121.77821,25.0377],[121.78023,25.03894],[121.78039,25.0379],[121.77941,25.03703],[121.77979,25.03291],[121.77843,25.03176],[121.77954,25.03061],[121.7796,25.02971],[121.78209,25.02996],[121.78475,25.03249],[121.78702,25.03209],[121.78913,25.03414],[121.79122,25.03425],[121.79251,25.03554],[121.79504,25.03552],[121.7957,25.03655],[121.79785,25.03759],[121.80031,25.03737],[121.80135,25.03765],[121.80425,25.03638],[121.80488,25.03686],[121.80889,25.03759],[121.80845,25.03689],[121.80874,25.03526],[121.80656,25.03159],[121.80444,25.03156],[121.80372,25.03089],[121.80258,25.03086],[121.79961,25.03019],[121.79804,25.02892],[121.79715,25.02766],[121.79261,25.02354],[121.79106,25.02287]]]}},{"type":"Feature","properties":{"VILLCODE":"65000050065","VILLNAME":"文聖里","TOWNCODE":"65000050","TOWNNAME":"新莊區","COUNTYNAME":"新北市"},"geometry":{"type":"Polygon","coordinates":[[[121.45012,25.03563],[121.44816,25.03521],[121.44845,25.03591],[121.44772,25.03714],[121.44766,25.0388],[121.44987,25.03922],[121.45012,25.03563]]]}},{"type":"Feature","properties":{"VILLCODE":"65000010031","VILLNAME":"溪頭里","TOWNCODE":"65000010","TOWNNAME":"板橋區","COUNTYNAME":"新北市"},"geometry":{"type":"Polygon","coordinates":[[[121.4666,25.03198],[121.46385,25.03117],[121.4613,25.03655],[121.46625,25.03852],[121.46953,25.03922],[121.47196,25.03939],[121.47339,25.03319],[121.47067,25.03134],[121.46991,25.03103],[121.46878,25.03263],[121.4666,25.03198]]]}},{"type":"Feature","properties":{"VILLCODE":"65000050013","VILLNAME":"興漢里","TOWNCODE":"65000050","TOWNNAME":"新莊區","COUNTYNAME":"新北市"},"geometry":{"type":"Polygon","coordinates":[[[121.45227,25.03094],[121.45028,25.03249],[121.45012,25.03563],[121.44987,25.03922],[121.45132,25.03941],[121.45145,25.0338],[121.45192,25.03397],[121.4528,25.03136],[121.45227,25.03094]]]}},{"type":"Feature","properties":{"VILLCODE":"65000050016","VILLNAME":"榮和里","TOWNCODE":"65000050","TOWNNAME":"新莊區","COUNTYNAME":"新北市"},"geometry":{"type":"Polygon","coordinates":[[[121.45495,25.03293],[121.4528,25.03136],[121.45192,25.03397],[121.45145,25.0338],[121.45132,25.03941],[121.45224,25.03958],[121.45249,25.03964],[121.45258,25.03619],[121.45366,25.03638],[121.45378,25.03538],[121.45495,25.03293]]]}},{"type":"Feature","properties":{"VILLCODE":"65000010041","VILLNAME":"柏翠里","TOWNCODE":"65000010","TOWNNAME":"板橋區","COUNTYNAME":"新北市"},"geometry":{"type":"Polygon","coordinates":[[[121.4737,25.03148],[121.47231,25.02991],[121.47067,25.03134],[121.47339,25.03319],[121.47196,25.03939],[121.47837,25.03983],[121.48109,25.03936],[121.48525,25.03922],[121.48412,25.03765],[121.48364,25.03529],[121.48371,25.03507],[121.48415,25.03358],[121.48421,25.03341],[121.48036,25.03437],[121.47913,25.03467],[121.47705,25.03512],[121.4737,25.03148]]]}},{"type":"Feature","properties":{"VILLCODE":"65000050026","VILLNAME":"立人里","TOWNCODE":"65000050","TOWNNAME":"新莊區","COUNTYNAME":"新北市"},"geometry":{"type":"Polygon","coordinates":[[[121.45514,25.03667],[121.45366,25.03638],[121.45258,25.03619],[121.45249,25.03964],[121.45394,25.04],[121.45486,25.03961],[121.45489,25.03857],[121.45697,25.03852],[121.45754,25.03714],[121.45514,25.03667]]]}},{"type":"Feature","properties":{"VILLCODE":"65000050031","VILLNAME":"立言里","TOWNCODE":"65000050","TOWNNAME":"新莊區","COUNTYNAME":"新北市"},"geometry":{"type":"Polygon","coordinates":[[[121.44564,25.0381],[121.44375,25.0379],[121.44204,25.03846],[121.44204,25.04012],[121.44583,25.04048],[121.447,25.03849],[121.44564,25.0381]]]}},{"type":"Feature","properties":{"VILLCODE":"65000050008","VILLNAME":"恆安里","TOWNCODE":"65000050","TOWNNAME":"新莊區","COUNTYNAME":"新北市"},"geometry":{"type":"Polygon","coordinates":[[[121.45754,25.03714],[121.45697,25.03852],[121.45489,25.03857],[121.45486,25.03961],[121.45394,25.04],[121.45656,25.04065],[121.4577,25.0409],[121.45732,25.03941],[121.45893,25.03798],[121.45754,25.03714]]]}},{"type":"Feature","properties":{"VILLCODE":"65000250004","VILLNAME":"魚行里","TOWNCODE":"65000250","TOWNNAME":"雙溪區","COUNTYNAME":"新北市"},"geometry":{"type":"Polygon","coordinates":[[[121.87161,24.99518],[121.86612,24.99661],[121.86492,24.99611],[121.86363,24.9937],[121.86271,24.99322],[121.8612,24.99378],[121.85892,24.99591],[121.85807,24.99616],[121.85548,24.99572],[121.85403,24.99611],[121.85031,24.99863],[121.84677,24.99911],[121.84377,25.00068],[121.84355,25.00133],[121.84393,25.00318],[121.84642,25.00536],[121.84807,25.00702],[121.85119,25.00803],[121.85555,25.00792],[121.85706,25.00915],[121.85861,25.01153],[121.86227,25.01498],[121.8612,25.01832],[121.86457,25.02012],[121.86511,25.02306],[121.86603,25.02404],[121.86798,25.02497],[121.87045,25.028],[121.87098,25.0312],[121.87073,25.03509],[121.87212,25.03515],[121.87584,25.03731],[121.87976,25.03742],[121.88285,25.03683],[121.88519,25.03664],[121.88995,25.04014],[121.89327,25.04121],[121.89437,25.04059],[121.89608,25.04059],[121.89677,25.03925],[121.89582,25.03734],[121.89516,25.03484],[121.89406,25.03302],[121.89421,25.03142],[121.89216,25.02867],[121.89343,25.02648],[121.89387,25.0248],[121.89264,25.02469],[121.89159,25.02404],[121.88964,25.02096],[121.88819,25.02071],[121.88825,25.01922],[121.88964,25.01902],[121.89084,25.01829],[121.89115,25.01641],[121.8898,25.01569],[121.88708,25.01411],[121.88503,25.0149],[121.88411,25.01434],[121.88165,25.01395],[121.88048,25.01336],[121.88045,25.01156],[121.87875,25.01069],[121.87862,25.0071],[121.87647,25.00489],[121.87594,25.00371],[121.87569,25.00076],[121.87531,24.99936],[121.87253,24.99656],[121.87161,24.99518]]]}},{"type":"Feature","properties":{"VILLCODE":"65000260005","VILLNAME":"龍門里","TOWNCODE":"65000260","TOWNNAME":"貢寮區","COUNTYNAME":"新北市"},"geometry":{"type":"Polygon","coordinates":[[[121.94718,25.02104],[121.94592,25.01958],[121.94118,25.02197],[121.93762,25.02264],[121.93197,25.02284],[121.93058,25.02303],[121.92925,25.02371],[121.92685,25.02567],[121.92531,25.02519],[121.92322,25.02657],[121.92136,25.02654],[121.92048,25.02587],[121.91997,25.02455],[121.9176,25.02472],[121.91599,25.02542],[121.91435,25.02713],[121.91145,25.0301],[121.91041,25.03209],[121.90993,25.03417],[121.91047,25.03742],[121.90962,25.04012],[121.90807,25.04155],[121.91164,25.03992],[121.91319,25.03857],[121.91647,25.03692],[121.91795,25.03652],[121.92546,25.03647],[121.92692,25.03667],[121.93086,25.03835],[121.93206,25.03585],[121.93456,25.03235],[121.93935,25.02769],[121.94226,25.02463],[121.94475,25.02261],[121.94718,25.02104]]]}},{"type":"Feature","properties":{"VILLCODE":"65000260001","VILLNAME":"貢寮里","TOWNCODE":"65000260","TOWNNAME":"貢寮區","COUNTYNAME":"新北市"},"geometry":{"type":"Polygon","coordinates":[[[121.91192,25.0186],[121.90725,25.01871],[121.90627,25.01916],[121.90425,25.01869],[121.90236,25.01706],[121.89813,25.01675],[121.89472,25.01627],[121.89115,25.01641],[121.89084,25.01829],[121.88964,25.01902],[121.88825,25.01922],[121.88819,25.02071],[121.88964,25.02096],[121.89159,25.02404],[121.89264,25.02469],[121.89387,25.0248],[121.89343,25.02648],[121.89216,25.02867],[121.89421,25.03142],[121.89406,25.03302],[121.89516,25.03484],[121.89582,25.03734],[121.89677,25.03925],[121.8992,25.03888],[121.90069,25.03958],[121.90293,25.03933],[121.90466,25.04101],[121.9057,25.04152],[121.90807,25.04155],[121.90962,25.04012],[121.91047,25.03742],[121.90993,25.03417],[121.91041,25.03209],[121.91145,25.0301],[121.91435,25.02713],[121.91533,25.02542],[121.91524,25.02446],[121.91644,25.02292],[121.91593,25.02216],[121.91274,25.0204],[121.91252,25.01894],[121.91192,25.0186]]]}},{"type":"Feature","properties":{"VILLCODE":"65000190009","VILLNAME":"光明里","TOWNCODE":"65000190","TOWNNAME":"石碇區","COUNTYNAME":"新北市"},"geometry":{"type":"Polygon","coordinates":[[[121.70107,25.02326],[121.69775,25.02026],[121.69614,25.01841],[121.69535,25.01801],[121.69226,25.01818],[121.6898,25.01712],[121.68797,25.01692],[121.68566,25.01754],[121.68232,25.01762],[121.67998,25.01574],[121.67802,25.01487],[121.67764,25.01571],[121.676,25.0165],[121.67373,25.01591],[121.66792,25.01686],[121.66606,25.01748],[121.66366,25.01933],[121.66316,25.02076],[121.66347,25.02295],[121.66404,25.02317],[121.6654,25.02601],[121.66486,25.0273],[121.66584,25.02996],[121.66584,25.03372],[121.66764,25.03316],[121.67051,25.03268],[121.67222,25.03439],[121.67449,25.0349],[121.67714,25.03481],[121.67853,25.03644],[121.68115,25.03753],[121.68288,25.03913],[121.68418,25.04009],[121.68633,25.04031],[121.68762,25.04121],[121.6886,25.04163],[121.69122,25.0416],[121.69235,25.04191],[121.69381,25.04093],[121.69561,25.04076],[121.69576,25.03919],[121.69633,25.03852],[121.69554,25.03692],[121.69693,25.03509],[121.69807,25.0349],[121.69974,25.03397],[121.70167,25.03392],[121.70318,25.03198],[121.70321,25.02949],[121.70451,25.02738],[121.70438,25.02657],[121.7023,25.02542],[121.70107,25.02326]]]}},{"type":"Feature","properties":{"VILLCODE":"65000050022","VILLNAME":"文明里","TOWNCODE":"65000050","TOWNNAME":"新莊區","COUNTYNAME":"新北市"},"geometry":{"type":"Polygon","coordinates":[[[121.4613,25.03655],[121.45817,25.03481],[121.45517,25.03619],[121.45514,25.03667],[121.45754,25.03714],[121.45893,25.03798],[121.46603,25.04227],[121.46631,25.04115],[121.46625,25.03852],[121.4613,25.03655]]]}},{"type":"Feature","properties":{"VILLCODE":"65000160015","VILLNAME":"貴賢里","TOWNCODE":"65000160","TOWNNAME":"泰山區","COUNTYNAME":"新北市"},"geometry":{"type":"Polygon","coordinates":[[[121.42866,25.03627],[121.42402,25.03846],[121.4249,25.04012],[121.42487,25.04253],[121.42484,25.04284],[121.42607,25.04284],[121.43001,25.0409],[121.43102,25.04219],[121.4326,25.04098],[121.43096,25.03944],[121.42866,25.03627]]]}},{"type":"Feature","properties":{"VILLCODE":"65000050040","VILLNAME":"營盤里","TOWNCODE":"65000050","TOWNNAME":"新莊區","COUNTYNAME":"新北市"},"geometry":{"type":"Polygon","coordinates":[[[121.44106,25.03372],[121.43349,25.03237],[121.42616,25.03016],[121.42411,25.03184],[121.42585,25.03308],[121.42866,25.03627],[121.43096,25.03944],[121.4326,25.04098],[121.4357,25.03933],[121.43671,25.03888],[121.43734,25.04323],[121.44053,25.04143],[121.44191,25.04166],[121.44204,25.04012],[121.44204,25.03846],[121.44204,25.03392],[121.44106,25.03372]]]}},{"type":"Feature","properties":{"VILLCODE":"65000050029","VILLNAME":"立德里","TOWNCODE":"65000050","TOWNNAME":"新莊區","COUNTYNAME":"新北市"},"geometry":{"type":"Polygon","coordinates":[[[121.44766,25.0388],[121.447,25.03849],[121.44583,25.04048],[121.44529,25.04132],[121.44848,25.04275],[121.45255,25.04368],[121.45265,25.04115],[121.45224,25.03958],[121.45132,25.03941],[121.44987,25.03922],[121.44766,25.0388]]]}},{"type":"Feature","properties":{"VILLCODE":"65000050034","VILLNAME":"立功里","TOWNCODE":"65000050","TOWNNAME":"新莊區","COUNTYNAME":"新北市"},"geometry":{"type":"Polygon","coordinates":[[[121.44848,25.04275],[121.44529,25.04132],[121.44416,25.0432],[121.44671,25.04331],[121.4482,25.04376],[121.44848,25.04275]]]}},{"type":"Feature","properties":{"VILLCODE":"65000110025","VILLNAME":"宜興里","TOWNCODE":"65000110","TOWNNAME":"汐止區","COUNTYNAME":"新北市"},"geometry":{"type":"Polygon","coordinates":[[[121.6248,25.04376],[121.62449,25.04225],[121.62351,25.03933],[121.62335,25.03947],[121.62196,25.04006],[121.62039,25.04202],[121.62035,25.04211],[121.62301,25.04401],[121.6248,25.04376]]]}},{"type":"Feature","properties":{"VILLCODE":"65000050011","VILLNAME":"中美里","TOWNCODE":"65000050","TOWNNAME":"新莊區","COUNTYNAME":"新北市"},"geometry":{"type":"Polygon","coordinates":[[[121.45249,25.03964],[121.45224,25.03958],[121.45265,25.04115],[121.45255,25.04368],[121.45322,25.04382],[121.45445,25.04407],[121.45625,25.04253],[121.45656,25.04065],[121.45394,25.04],[121.45249,25.03964]]]}},{"type":"Feature","properties":{"VILLCODE":"65000050039","VILLNAME":"思賢里","TOWNCODE":"65000050","TOWNNAME":"新莊區","COUNTYNAME":"新北市"},"geometry":{"type":"Polygon","coordinates":[[[121.4577,25.0409],[121.45656,25.04065],[121.45625,25.04253],[121.45445,25.04407],[121.45789,25.04441],[121.45795,25.0423],[121.45729,25.04216],[121.4577,25.0409]]]}},{"type":"Feature","properties":{"VILLCODE":"65000160014","VILLNAME":"新明里","TOWNCODE":"65000160","TOWNNAME":"泰山區","COUNTYNAME":"新北市"},"geometry":{"type":"Polygon","coordinates":[[[121.43102,25.04219],[121.43001,25.0409],[121.42607,25.04284],[121.42484,25.04284],[121.42578,25.04508],[121.43102,25.04219]]]}},{"type":"Feature","properties":{"VILLCODE":"65000050014","VILLNAME":"中和里","TOWNCODE":"65000050","TOWNNAME":"新莊區","COUNTYNAME":"新北市"},"geometry":{"type":"Polygon","coordinates":[[[121.45255,25.04368],[121.44848,25.04275],[121.4482,25.04376],[121.44798,25.04474],[121.4523,25.04542],[121.45322,25.04382],[121.45255,25.04368]]]}},{"type":"Feature","properties":{"VILLCODE":"65000110039","VILLNAME":"東勢里","TOWNCODE":"65000110","TOWNNAME":"汐止區","COUNTYNAME":"新北市"},"geometry":{"type":"Polygon","coordinates":[[[121.62351,25.03933],[121.62449,25.04225],[121.6278,25.0434],[121.62932,25.04463],[121.63045,25.045],[121.63203,25.0448],[121.63323,25.04542],[121.63585,25.04505],[121.63677,25.04536],[121.63746,25.0446],[121.63955,25.04314],[121.64052,25.04194],[121.63718,25.03905],[121.63421,25.03765],[121.63178,25.03557],[121.63014,25.03515],[121.62948,25.03672],[121.62616,25.0379],[121.62493,25.03773],[121.62357,25.03927],[121.62351,25.03933]]]}},{"type":"Feature","properties":{"VILLCODE":"65000050043","VILLNAME":"丹鳳里","TOWNCODE":"65000050","TOWNNAME":"新莊區","COUNTYNAME":"新北市"},"geometry":{"type":"Polygon","coordinates":[[[121.39179,25.04267],[121.39185,25.0427],[121.39387,25.04376],[121.39618,25.04362],[121.39678,25.04309],[121.39766,25.04368],[121.39965,25.04292],[121.40069,25.04326],[121.39829,25.0441],[121.40303,25.04547],[121.40909,25.04415],[121.41048,25.04261],[121.41013,25.04188],[121.40959,25.04079],[121.41076,25.04163],[121.41066,25.04076],[121.41199,25.04031],[121.41133,25.03961],[121.41291,25.03908],[121.41328,25.03815],[121.41269,25.03518],[121.41483,25.03445],[121.41556,25.03498],[121.41701,25.03456],[121.41818,25.03358],[121.41758,25.03184],[121.41657,25.03021],[121.41821,25.0303],[121.4213,25.02876],[121.422,25.03035],[121.42339,25.02929],[121.42263,25.02901],[121.42061,25.02836],[121.41824,25.02744],[121.41638,25.02909],[121.41455,25.02977],[121.41335,25.03002],[121.41221,25.0289],[121.40972,25.03002],[121.40801,25.03038],[121.40536,25.03195],[121.40429,25.0319],[121.40233,25.03406],[121.40094,25.03428],[121.40107,25.03437],[121.4012,25.03445],[121.40009,25.03479],[121.39959,25.03596],[121.4012,25.03636],[121.40075,25.03793],[121.39984,25.03748],[121.39905,25.03857],[121.39757,25.03849],[121.39719,25.03919],[121.39438,25.04009],[121.39435,25.04121],[121.39356,25.04202],[121.39135,25.04149],[121.39068,25.04185],[121.39176,25.04264],[121.39179,25.04267]]]}},{"type":"Feature","properties":{"VILLCODE":"65000250009","VILLNAME":"上林里","TOWNCODE":"65000250","TOWNNAME":"雙溪區","COUNTYNAME":"新北市"},"geometry":{"type":"Polygon","coordinates":[[[121.84642,25.00536],[121.84504,25.00604],[121.84399,25.00604],[121.84308,25.00682],[121.84017,25.00707],[121.83822,25.00893],[121.83822,25.01027],[121.83898,25.01254],[121.8385,25.01414],[121.83478,25.01785],[121.83137,25.02071],[121.82919,25.02079],[121.82373,25.01992],[121.82199,25.0204],[121.81464,25.02138],[121.81341,25.02331],[121.81243,25.02407],[121.8106,25.0246],[121.81006,25.02517],[121.80874,25.02811],[121.80656,25.03159],[121.80874,25.03526],[121.80845,25.03689],[121.80889,25.03759],[121.81208,25.04045],[121.81461,25.04143],[121.81596,25.04096],[121.81688,25.04213],[121.81805,25.04205],[121.82032,25.04359],[121.82149,25.04584],[121.82376,25.04581],[121.82477,25.04491],[121.82689,25.04494],[121.82764,25.04553],[121.8308,25.04483],[121.83137,25.04312],[121.83102,25.04056],[121.83127,25.03953],[121.83916,25.03299],[121.84279,25.03094],[121.84447,25.02957],[121.84684,25.02539],[121.84832,25.02396],[121.85012,25.02281],[121.85053,25.02298],[121.8504,25.02107],[121.84892,25.0186],[121.8481,25.0177],[121.8463,25.01807],[121.84614,25.01726],[121.8469,25.01515],[121.84699,25.01378],[121.84579,25.0126],[121.84545,25.01139],[121.848,25.00901],[121.84807,25.00702],[121.84642,25.00536]]]}},{"type":"Feature","properties":{"VILLCODE":"65000050025","VILLNAME":"思源里","TOWNCODE":"65000050","TOWNNAME":"新莊區","COUNTYNAME":"新北市"},"geometry":{"type":"Polygon","coordinates":[[[121.45893,25.03798],[121.45732,25.03941],[121.4577,25.0409],[121.45729,25.04216],[121.45795,25.0423],[121.45789,25.04441],[121.45779,25.04659],[121.45975,25.04693],[121.46152,25.04665],[121.46164,25.04497],[121.46054,25.04449],[121.4606,25.04076],[121.46117,25.04014],[121.46433,25.04185],[121.46594,25.04295],[121.46603,25.04227],[121.45893,25.03798]]]}},{"type":"Feature","properties":{"VILLCODE":"65000050037","VILLNAME":"立志里","TOWNCODE":"65000050","TOWNNAME":"新莊區","COUNTYNAME":"新北市"},"geometry":{"type":"Polygon","coordinates":[[[121.4482,25.04376],[121.44671,25.04331],[121.44416,25.0432],[121.44334,25.0446],[121.4464,25.04488],[121.44618,25.04671],[121.4476,25.04696],[121.44766,25.04643],[121.44798,25.04474],[121.4482,25.04376]]]}},{"type":"Feature","properties":{"VILLCODE":"65000050017","VILLNAME":"中泰里","TOWNCODE":"65000050","TOWNNAME":"新莊區","COUNTYNAME":"新北市"},"geometry":{"type":"Polygon","coordinates":[[[121.4523,25.04542],[121.44798,25.04474],[121.44766,25.04643],[121.45145,25.04699],[121.45167,25.04659],[121.4523,25.04542]]]}},{"type":"Feature","properties":{"VILLCODE":"65000160009","VILLNAME":"貴子里","TOWNCODE":"65000160","TOWNNAME":"泰山區","COUNTYNAME":"新北市"},"geometry":{"type":"Polygon","coordinates":[[[121.42402,25.03846],[121.4225,25.03818],[121.42099,25.03877],[121.41966,25.03714],[121.41909,25.03717],[121.41701,25.03456],[121.41556,25.03498],[121.41483,25.03445],[121.41269,25.03518],[121.41328,25.03815],[121.41291,25.03908],[121.41133,25.03961],[121.41199,25.04031],[121.41066,25.04076],[121.41076,25.04163],[121.40959,25.04079],[121.41013,25.04188],[121.41183,25.04199],[121.41164,25.04303],[121.413,25.04362],[121.4131,25.04477],[121.41439,25.0446],[121.41401,25.04547],[121.41471,25.04668],[121.41609,25.04735],[121.41919,25.04575],[121.422,25.04491],[121.42367,25.04306],[121.42487,25.04253],[121.4249,25.04012],[121.42402,25.03846]]]}},{"type":"Feature","properties":{"VILLCODE":"65000050059","VILLNAME":"立泰里","TOWNCODE":"65000050","TOWNNAME":"新莊區","COUNTYNAME":"新北市"},"geometry":{"type":"Polygon","coordinates":[[[121.44583,25.04048],[121.44204,25.04012],[121.44191,25.04166],[121.44185,25.04488],[121.43996,25.04693],[121.44147,25.0476],[121.44334,25.0446],[121.44416,25.0432],[121.44529,25.04132],[121.44583,25.04048]]]}},{"type":"Feature","properties":{"VILLCODE":"65000050058","VILLNAME":"中全里","TOWNCODE":"65000050","TOWNNAME":"新莊區","COUNTYNAME":"新北市"},"geometry":{"type":"Polygon","coordinates":[[[121.44766,25.04643],[121.4476,25.04696],[121.44968,25.04772],[121.45123,25.048],[121.45145,25.04699],[121.44766,25.04643]]]}},{"type":"Feature","properties":{"VILLCODE":"65000160013","VILLNAME":"泰友里","TOWNCODE":"65000160","TOWNNAME":"泰山區","COUNTYNAME":"新北市"},"geometry":{"type":"Polygon","coordinates":[[[121.4326,25.04098],[121.43102,25.04219],[121.42578,25.04508],[121.42717,25.04816],[121.42834,25.04805],[121.43308,25.04561],[121.4333,25.04522],[121.43216,25.04368],[121.43333,25.04166],[121.43601,25.04003],[121.4357,25.03933],[121.4326,25.04098]]]}},{"type":"Feature","properties":{"VILLCODE":"65000050051","VILLNAME":"中華里","TOWNCODE":"65000050","TOWNNAME":"新莊區","COUNTYNAME":"新北市"},"geometry":{"type":"Polygon","coordinates":[[[121.45445,25.04407],[121.45322,25.04382],[121.4523,25.04542],[121.45167,25.04659],[121.45252,25.04814],[121.45296,25.04816],[121.45378,25.04637],[121.45419,25.04438],[121.45445,25.04407]]]}},{"type":"Feature","properties":{"VILLCODE":"65000050042","VILLNAME":"自強里","TOWNCODE":"65000050","TOWNNAME":"新莊區","COUNTYNAME":"新北市"},"geometry":{"type":"Polygon","coordinates":[[[121.45419,25.04438],[121.45378,25.04637],[121.45296,25.04816],[121.45476,25.04825],[121.45476,25.04519],[121.45419,25.04438]]]}},{"type":"Feature","properties":{"VILLCODE":"65000050045","VILLNAME":"自立里","TOWNCODE":"65000050","TOWNNAME":"新莊區","COUNTYNAME":"新北市"},"geometry":{"type":"Polygon","coordinates":[[[121.45789,25.04441],[121.45445,25.04407],[121.45419,25.04438],[121.45476,25.04519],[121.45476,25.04825],[121.45577,25.04816],[121.45583,25.04685],[121.45776,25.04687],[121.45779,25.04659],[121.45789,25.04441]]]}},{"type":"Feature","properties":{"VILLCODE":"65000110024","VILLNAME":"福山里","TOWNCODE":"65000110","TOWNNAME":"汐止區","COUNTYNAME":"新北市"},"geometry":{"type":"Polygon","coordinates":[[[121.6248,25.04376],[121.62301,25.04401],[121.62035,25.04211],[121.61934,25.0432],[121.61928,25.04326],[121.61647,25.04814],[121.61647,25.04867],[121.61644,25.0487],[121.61934,25.04819],[121.62001,25.04847],[121.62184,25.04752],[121.62449,25.04746],[121.62572,25.0471],[121.6248,25.04376]]]}},{"type":"Feature","properties":{"VILLCODE":"65000050062","VILLNAME":"立基里","TOWNCODE":"65000050","TOWNNAME":"新莊區","COUNTYNAME":"新北市"},"geometry":{"type":"Polygon","coordinates":[[[121.44618,25.04671],[121.4464,25.04488],[121.44334,25.0446],[121.44147,25.0476],[121.44204,25.04774],[121.44144,25.04901],[121.44485,25.04901],[121.44482,25.04671],[121.44618,25.04671]]]}},{"type":"Feature","properties":{"VILLCODE":"65000050020","VILLNAME":"中誠里","TOWNCODE":"65000050","TOWNNAME":"新莊區","COUNTYNAME":"新北市"},"geometry":{"type":"Polygon","coordinates":[[[121.45167,25.04659],[121.45145,25.04699],[121.45123,25.048],[121.44968,25.04772],[121.44962,25.04842],[121.45236,25.04926],[121.45252,25.04814],[121.45167,25.04659]]]}},{"type":"Feature","properties":{"VILLCODE":"65000250003","VILLNAME":"新基里","TOWNCODE":"65000250","TOWNNAME":"雙溪區","COUNTYNAME":"新北市"},"geometry":{"type":"Polygon","coordinates":[[[121.87073,25.03509],[121.86839,25.03512],[121.86707,25.03624],[121.86678,25.03748],[121.86685,25.03897],[121.8677,25.04194],[121.8688,25.04427],[121.86956,25.04724],[121.87133,25.04525],[121.87505,25.04657],[121.87856,25.04836],[121.88146,25.04744],[121.88373,25.048],[121.88471,25.04881],[121.88875,25.04934],[121.88939,25.04786],[121.88762,25.04553],[121.88781,25.04463],[121.88995,25.04387],[121.89043,25.04202],[121.89257,25.04183],[121.89327,25.04121],[121.88995,25.04014],[121.88519,25.03664],[121.88285,25.03683],[121.87976,25.03742],[121.87584,25.03731],[121.87212,25.03515],[121.87073,25.03509]]]}},{"type":"Feature","properties":{"VILLCODE":"65000050049","VILLNAME":"自信里","TOWNCODE":"65000050","TOWNNAME":"新莊區","COUNTYNAME":"新北市"},"geometry":{"type":"Polygon","coordinates":[[[121.45296,25.04816],[121.45252,25.04814],[121.45236,25.04926],[121.45287,25.04929],[121.45587,25.0494],[121.45637,25.04943],[121.45577,25.04816],[121.45476,25.04825],[121.45296,25.04816]]]}},{"type":"Feature","properties":{"VILLCODE":"65000240005","VILLNAME":"平溪里","TOWNCODE":"65000240","TOWNNAME":"平溪區","COUNTYNAME":"新北市"},"geometry":{"type":"Polygon","coordinates":[[[121.73904,25.02545],[121.73778,25.02587],[121.73705,25.02685],[121.73585,25.02699],[121.73449,25.02817],[121.73443,25.0294],[121.73307,25.03002],[121.73273,25.03086],[121.73074,25.03049],[121.72878,25.03187],[121.72723,25.03235],[121.72648,25.03369],[121.72528,25.03456],[121.72446,25.03479],[121.72225,25.03451],[121.71963,25.03448],[121.71549,25.03608],[121.71663,25.03919],[121.71666,25.04031],[121.716,25.04174],[121.71783,25.04295],[121.7183,25.04404],[121.71982,25.04525],[121.72098,25.04721],[121.72228,25.04819],[121.72436,25.04828],[121.72698,25.04943],[121.73023,25.04463],[121.73052,25.04199],[121.73165,25.04082],[121.73225,25.03939],[121.73692,25.03442],[121.73872,25.02867],[121.73948,25.02699],[121.73825,25.02741],[121.73904,25.02545]]]}},{"type":"Feature","properties":{"VILLCODE":"65000050028","VILLNAME":"仁愛里","TOWNCODE":"65000050","TOWNNAME":"新莊區","COUNTYNAME":"新北市"},"geometry":{"type":"Polygon","coordinates":[[[121.45776,25.04687],[121.45583,25.04685],[121.45577,25.04816],[121.45637,25.04943],[121.45827,25.04945],[121.45776,25.04687]]]}},{"type":"Feature","properties":{"VILLCODE":"65000050061","VILLNAME":"仁義里","TOWNCODE":"65000050","TOWNNAME":"新莊區","COUNTYNAME":"新北市"},"geometry":{"type":"Polygon","coordinates":[[[121.45975,25.04693],[121.45779,25.04659],[121.45776,25.04687],[121.45827,25.04945],[121.45969,25.04945],[121.45975,25.04693]]]}},{"type":"Feature","properties":{"VILLCODE":"65000050036","VILLNAME":"化成里","TOWNCODE":"65000050","TOWNNAME":"新莊區","COUNTYNAME":"新北市"},"geometry":{"type":"Polygon","coordinates":[[[121.46594,25.04295],[121.46433,25.04185],[121.46117,25.04014],[121.4606,25.04076],[121.46054,25.04449],[121.46164,25.04497],[121.46152,25.04665],[121.45975,25.04693],[121.45969,25.04945],[121.46739,25.04929],[121.46723,25.04735],[121.46609,25.04508],[121.46594,25.04295]]]}},{"type":"Feature","properties":{"VILLCODE":"65000250008","VILLNAME":"平林里","TOWNCODE":"65000250","TOWNNAME":"雙溪區","COUNTYNAME":"新北市"},"geometry":{"type":"Polygon","coordinates":[[[121.86429,25.03397],[121.85918,25.03235],[121.85621,25.02982],[121.85362,25.02856],[121.85122,25.02606],[121.8505,25.02446],[121.85053,25.02298],[121.85012,25.02281],[121.84832,25.02396],[121.84684,25.02539],[121.84447,25.02957],[121.84279,25.03094],[121.83916,25.03299],[121.83127,25.03953],[121.83102,25.04056],[121.83137,25.04312],[121.8308,25.04483],[121.83168,25.04418],[121.83396,25.04438],[121.83471,25.04589],[121.83471,25.0476],[121.83891,25.04929],[121.8403,25.05002],[121.84141,25.04945],[121.84232,25.04721],[121.84447,25.04586],[121.84655,25.04592],[121.84945,25.04488],[121.85267,25.04525],[121.85435,25.04356],[121.85608,25.04359],[121.85697,25.04298],[121.85807,25.04441],[121.85962,25.04455],[121.86151,25.04342],[121.86375,25.04079],[121.86483,25.0388],[121.86439,25.03734],[121.86429,25.03397]]]}},{"type":"Feature","properties":{"VILLCODE":"65000050023","VILLNAME":"中港里","TOWNCODE":"65000050","TOWNNAME":"新莊區","COUNTYNAME":"新北市"},"geometry":{"type":"Polygon","coordinates":[[[121.45236,25.04926],[121.44962,25.04842],[121.44968,25.04772],[121.4476,25.04696],[121.44618,25.04671],[121.4469,25.04701],[121.44649,25.04909],[121.44738,25.04912],[121.44766,25.05046],[121.44851,25.05004],[121.45214,25.05018],[121.45236,25.04926]]]}},{"type":"Feature","properties":{"VILLCODE":"65000160008","VILLNAME":"明志里","TOWNCODE":"65000160","TOWNNAME":"泰山區","COUNTYNAME":"新北市"},"geometry":{"type":"Polygon","coordinates":[[[121.42484,25.04284],[121.42487,25.04253],[121.42367,25.04306],[121.422,25.04491],[121.41919,25.04575],[121.41609,25.04735],[121.41537,25.04895],[121.41587,25.04957],[121.41739,25.04945],[121.41868,25.05032],[121.41998,25.04974],[121.42162,25.05055],[121.42474,25.04909],[121.42578,25.04917],[121.42721,25.04825],[121.42717,25.04816],[121.42578,25.04508],[121.42484,25.04284]]]}},{"type":"Feature","properties":{"VILLCODE":"65000050047","VILLNAME":"幸福里","TOWNCODE":"65000050","TOWNNAME":"新莊區","COUNTYNAME":"新北市"},"geometry":{"type":"Polygon","coordinates":[[[121.45587,25.0494],[121.45287,25.04929],[121.45309,25.05089],[121.45486,25.05089],[121.45615,25.05089],[121.45587,25.0494]]]}},{"type":"Feature","properties":{"VILLCODE":"65000240011","VILLNAME":"十分里","TOWNCODE":"65000240","TOWNNAME":"平溪區","COUNTYNAME":"新北市"},"geometry":{"type":"Polygon","coordinates":[[[121.78519,25.04867],[121.78434,25.04699],[121.78276,25.0478],[121.78206,25.0473],[121.78112,25.04351],[121.77865,25.04306],[121.77613,25.04112],[121.77528,25.03944],[121.77357,25.03793],[121.7724,25.0381],[121.77139,25.03899],[121.77073,25.03821],[121.77048,25.03622],[121.76912,25.0347],[121.76729,25.03383],[121.76631,25.0379],[121.76448,25.04146],[121.76338,25.04418],[121.76372,25.04676],[121.76549,25.04847],[121.77019,25.04895],[121.77329,25.04887],[121.77502,25.04847],[121.77679,25.0492],[121.77689,25.05013],[121.77831,25.04999],[121.78093,25.05139],[121.78279,25.05131],[121.78377,25.05004],[121.78374,25.04931],[121.78519,25.04867]]]}},{"type":"Feature","properties":{"VILLCODE":"65000020109","VILLNAME":"五谷里","TOWNCODE":"65000020","TOWNNAME":"三重區","COUNTYNAME":"新北市"},"geometry":{"type":"Polygon","coordinates":[[[121.47806,25.05173],[121.4778,25.05058],[121.47572,25.04769],[121.4761,25.04533],[121.47099,25.04317],[121.47222,25.04441],[121.472,25.04735],[121.47203,25.05164],[121.47623,25.05198],[121.47806,25.05173]]]}},{"type":"Feature","properties":{"VILLCODE":"65000020006","VILLNAME":"德厚里","TOWNCODE":"65000020","TOWNNAME":"三重區","COUNTYNAME":"新北市"},"geometry":{"type":"Polygon","coordinates":[[[121.4761,25.04533],[121.47572,25.04769],[121.4778,25.05058],[121.47806,25.05173],[121.4784,25.0522],[121.47941,25.04917],[121.47929,25.04788],[121.47803,25.04623],[121.4761,25.04533]]]}},{"type":"Feature","properties":{"VILLCODE":"65000050030","VILLNAME":"信義里","TOWNCODE":"65000050","TOWNNAME":"新莊區","COUNTYNAME":"新北市"},"geometry":{"type":"Polygon","coordinates":[[[121.45637,25.04943],[121.45587,25.0494],[121.45615,25.05089],[121.45486,25.05089],[121.45482,25.05226],[121.45555,25.05229],[121.45798,25.05237],[121.4576,25.05145],[121.45972,25.05131],[121.45969,25.04945],[121.45827,25.04945],[121.45637,25.04943]]]}},{"type":"Feature","properties":{"VILLCODE":"65000050075","VILLNAME":"中平里","TOWNCODE":"65000050","TOWNNAME":"新莊區","COUNTYNAME":"新北市"},"geometry":{"type":"Polygon","coordinates":[[[121.44766,25.05046],[121.44738,25.04912],[121.44649,25.04909],[121.44485,25.04903],[121.44469,25.05276],[121.44801,25.05276],[121.44857,25.05142],[121.44766,25.05046]]]}},{"type":"Feature","properties":{"VILLCODE":"65000050074","VILLNAME":"昌隆里","TOWNCODE":"65000050","TOWNNAME":"新莊區","COUNTYNAME":"新北市"},"geometry":{"type":"Polygon","coordinates":[[[121.45486,25.05089],[121.45309,25.05089],[121.4523,25.05319],[121.45476,25.05313],[121.45482,25.05226],[121.45486,25.05089]]]}},{"type":"Feature","properties":{"VILLCODE":"65000020007","VILLNAME":"成功里","TOWNCODE":"65000020","TOWNNAME":"三重區","COUNTYNAME":"新北市"},"geometry":{"type":"Polygon","coordinates":[[[121.4933,25.05159],[121.48851,25.04769],[121.48655,25.04786],[121.48491,25.05094],[121.488,25.05128],[121.48873,25.05089],[121.48923,25.05161],[121.49002,25.05119],[121.49056,25.05195],[121.49135,25.05153],[121.49245,25.05324],[121.49311,25.05293],[121.4933,25.05159]]]}},{"type":"Feature","properties":{"VILLCODE":"65000050054","VILLNAME":"中信里","TOWNCODE":"65000050","TOWNNAME":"新莊區","COUNTYNAME":"新北市"},"geometry":{"type":"Polygon","coordinates":[[[121.45214,25.05018],[121.44851,25.05004],[121.44766,25.05046],[121.44857,25.05142],[121.44801,25.05276],[121.45003,25.05276],[121.45129,25.05366],[121.45214,25.05018]]]}},{"type":"Feature","properties":{"VILLCODE":"65000050063","VILLNAME":"昌明里","TOWNCODE":"65000050","TOWNNAME":"新莊區","COUNTYNAME":"新北市"},"geometry":{"type":"Polygon","coordinates":[[[121.45798,25.05237],[121.45555,25.05229],[121.45561,25.05372],[121.45808,25.05372],[121.45798,25.05237]]]}},{"type":"Feature","properties":{"VILLCODE":"65000020009","VILLNAME":"福民里","TOWNCODE":"65000020","TOWNNAME":"三重區","COUNTYNAME":"新北市"},"geometry":{"type":"Polygon","coordinates":[[[121.49245,25.05324],[121.49135,25.05153],[121.49056,25.05195],[121.49002,25.05119],[121.48923,25.05161],[121.48873,25.05089],[121.488,25.05128],[121.48939,25.05313],[121.49021,25.05302],[121.49103,25.05386],[121.4921,25.05341],[121.49245,25.05324]]]}},{"type":"Feature","properties":{"VILLCODE":"65000020111","VILLNAME":"福德里","TOWNCODE":"65000020","TOWNNAME":"三重區","COUNTYNAME":"新北市"},"geometry":{"type":"Polygon","coordinates":[[[121.488,25.05128],[121.48491,25.05094],[121.4844,25.05187],[121.4856,25.05375],[121.4863,25.05349],[121.4886,25.05391],[121.48939,25.05313],[121.488,25.05128]]]}},{"type":"Feature","properties":{"VILLCODE":"65000050076","VILLNAME":"立廷里","TOWNCODE":"65000050","TOWNNAME":"新莊區","COUNTYNAME":"新北市"},"geometry":{"type":"Polygon","coordinates":[[[121.44618,25.04671],[121.44482,25.04671],[121.44485,25.04901],[121.44144,25.04901],[121.44068,25.0506],[121.44113,25.05077],[121.4404,25.05237],[121.43945,25.0524],[121.44173,25.05422],[121.44463,25.05436],[121.44469,25.05276],[121.44485,25.04903],[121.44649,25.04909],[121.4469,25.04701],[121.44618,25.04671]]]}},{"type":"Feature","properties":{"VILLCODE":"65000050073","VILLNAME":"昌信里","TOWNCODE":"65000050","TOWNNAME":"新莊區","COUNTYNAME":"新北市"},"geometry":{"type":"Polygon","coordinates":[[[121.45555,25.05229],[121.45482,25.05226],[121.45476,25.05313],[121.45457,25.05445],[121.45804,25.05445],[121.45808,25.05372],[121.45561,25.05372],[121.45555,25.05229]]]}},{"type":"Feature","properties":{"VILLCODE":"65000240006","VILLNAME":"嶺腳里","TOWNCODE":"65000240","TOWNNAME":"平溪區","COUNTYNAME":"新北市"},"geometry":{"type":"Polygon","coordinates":[[[121.73011,25.05335],[121.73213,25.05271],[121.73481,25.05414],[121.73784,25.05464],[121.73977,25.05305],[121.74592,25.05299],[121.74753,25.05369],[121.74759,25.05372],[121.74876,25.05114],[121.74848,25.05032],[121.74882,25.04881],[121.74835,25.04682],[121.74687,25.04564],[121.74614,25.04443],[121.7469,25.04256],[121.74706,25.04093],[121.74794,25.0393],[121.74867,25.03695],[121.74977,25.03582],[121.75059,25.03319],[121.75126,25.02974],[121.75081,25.02842],[121.74838,25.02845],[121.74867,25.02763],[121.75132,25.02646],[121.75416,25.02803],[121.75489,25.02909],[121.75542,25.02881],[121.75583,25.02376],[121.75476,25.02416],[121.75268,25.02416],[121.75053,25.02371],[121.74611,25.02362],[121.74519,25.02388],[121.74371,25.02528],[121.74216,25.02567],[121.74008,25.02525],[121.73939,25.02455],[121.73904,25.02545],[121.73825,25.02741],[121.73948,25.02699],[121.73872,25.02867],[121.73692,25.03442],[121.73225,25.03939],[121.73165,25.04082],[121.73052,25.04199],[121.73023,25.04463],[121.72698,25.04943],[121.72704,25.05016],[121.72894,25.05184],[121.73011,25.05335]]]}},{"type":"Feature","properties":{"VILLCODE":"65000160007","VILLNAME":"義學里","TOWNCODE":"65000160","TOWNNAME":"泰山區","COUNTYNAME":"新北市"},"geometry":{"type":"Polygon","coordinates":[[[121.42721,25.04825],[121.42578,25.04917],[121.42474,25.04909],[121.42162,25.05055],[121.42118,25.05108],[121.42184,25.05229],[121.42219,25.05481],[121.4238,25.05546],[121.42588,25.05386],[121.4279,25.05408],[121.4284,25.05464],[121.4302,25.05386],[121.42812,25.05175],[121.42765,25.05072],[121.42721,25.04825]]]}},{"type":"Feature","properties":{"VILLCODE":"65000260007","VILLNAME":"仁里里","TOWNCODE":"65000260","TOWNNAME":"貢寮區","COUNTYNAME":"新北市"},"geometry":{"type":"Polygon","coordinates":[[[121.93086,25.03835],[121.92692,25.03667],[121.92546,25.03647],[121.91795,25.03652],[121.91647,25.03692],[121.91319,25.03857],[121.91164,25.03992],[121.90807,25.04155],[121.90915,25.04356],[121.90788,25.04629],[121.90861,25.04701],[121.90892,25.04864],[121.9099,25.05018],[121.91053,25.0522],[121.91186,25.05319],[121.91325,25.05369],[121.91663,25.05383],[121.9171,25.05557],[121.91817,25.05512],[121.92032,25.05515],[121.92111,25.054],[121.92439,25.05327],[121.92629,25.05372],[121.93058,25.05299],[121.92976,25.05133],[121.92897,25.04626],[121.93023,25.04561],[121.93042,25.04415],[121.92906,25.04326],[121.929,25.04216],[121.93026,25.04171],[121.92906,25.04132],[121.92954,25.03981],[121.93086,25.03835]]]}},{"type":"Feature","properties":{"VILLCODE":"65000160012","VILLNAME":"義仁里","TOWNCODE":"65000160","TOWNNAME":"泰山區","COUNTYNAME":"新北市"},"geometry":{"type":"Polygon","coordinates":[[[121.44191,25.04166],[121.44053,25.04143],[121.43734,25.04323],[121.43671,25.03888],[121.4357,25.03933],[121.43601,25.04003],[121.43333,25.04166],[121.43216,25.04368],[121.4333,25.04522],[121.43308,25.04561],[121.42834,25.04805],[121.42717,25.04816],[121.42721,25.04825],[121.42765,25.05072],[121.42812,25.05175],[121.4302,25.05386],[121.43125,25.05377],[121.43178,25.05282],[121.4333,25.05209],[121.43529,25.05397],[121.43488,25.05476],[121.43626,25.05565],[121.43844,25.05206],[121.43866,25.0524],[121.43892,25.05274],[121.43958,25.05361],[121.43945,25.0524],[121.4404,25.05237],[121.44113,25.05077],[121.44068,25.0506],[121.44144,25.04901],[121.44204,25.04774],[121.44147,25.0476],[121.43996,25.04693],[121.44185,25.04488],[121.44191,25.04166]]]}},{"type":"Feature","properties":{"VILLCODE":"65000020005","VILLNAME":"中興里","TOWNCODE":"65000020","TOWNNAME":"三重區","COUNTYNAME":"新北市"},"geometry":{"type":"Polygon","coordinates":[[[121.46631,25.04115],[121.46603,25.04227],[121.46594,25.04295],[121.46609,25.04508],[121.46723,25.04735],[121.46739,25.04929],[121.46815,25.05215],[121.46868,25.05299],[121.46742,25.05599],[121.47203,25.05602],[121.47203,25.05523],[121.47203,25.05164],[121.472,25.04735],[121.47222,25.04441],[121.47099,25.04317],[121.46631,25.04115]]]}},{"type":"Feature","properties":{"VILLCODE":"65000050033","VILLNAME":"和平里","TOWNCODE":"65000050","TOWNNAME":"新莊區","COUNTYNAME":"新北市"},"geometry":{"type":"Polygon","coordinates":[[[121.45972,25.05131],[121.4576,25.05145],[121.45798,25.05237],[121.45808,25.05372],[121.45804,25.05445],[121.45798,25.05627],[121.45972,25.0563],[121.45972,25.05131]]]}},{"type":"Feature","properties":{"VILLCODE":"65000020021","VILLNAME":"光正里","TOWNCODE":"65000020","TOWNNAME":"三重區","COUNTYNAME":"新北市"},"geometry":{"type":"Polygon","coordinates":[[[121.4933,25.05159],[121.49311,25.05293],[121.49245,25.05324],[121.4921,25.05341],[121.4934,25.0542],[121.49365,25.05546],[121.49381,25.05607],[121.49479,25.05633],[121.49482,25.05282],[121.4933,25.05159]]]}},{"type":"Feature","properties":{"VILLCODE":"65000110022","VILLNAME":"橫科里","TOWNCODE":"65000110","TOWNNAME":"汐止區","COUNTYNAME":"新北市"},"geometry":{"type":"Polygon","coordinates":[[[121.62449,25.04225],[121.6248,25.04376],[121.62572,25.0471],[121.62449,25.04746],[121.62184,25.04752],[121.62001,25.04847],[121.61934,25.04819],[121.61644,25.0487],[121.61644,25.04873],[121.61634,25.04898],[121.61631,25.04906],[121.61631,25.04909],[121.61631,25.05055],[121.61818,25.05232],[121.62102,25.05369],[121.62076,25.05478],[121.62076,25.05487],[121.62076,25.0549],[121.6202,25.05616],[121.62165,25.05652],[121.62348,25.05501],[121.62424,25.05537],[121.62427,25.05546],[121.62654,25.05467],[121.62742,25.05481],[121.62831,25.05341],[121.63576,25.0552],[121.63289,25.05352],[121.63604,25.05316],[121.63711,25.05206],[121.63737,25.04906],[121.63917,25.04735],[121.63923,25.04679],[121.63746,25.0446],[121.63677,25.04536],[121.63585,25.04505],[121.63323,25.04542],[121.63203,25.0448],[121.63045,25.045],[121.62932,25.04463],[121.6278,25.0434],[121.62449,25.04225]]]}},{"type":"Feature","properties":{"VILLCODE":"65000020022","VILLNAME":"同安里","TOWNCODE":"65000020","TOWNNAME":"三重區","COUNTYNAME":"新北市"},"geometry":{"type":"Polygon","coordinates":[[[121.49482,25.05282],[121.49479,25.05633],[121.49671,25.0568],[121.49715,25.05473],[121.49482,25.05282]]]}},{"type":"Feature","properties":{"VILLCODE":"65000020008","VILLNAME":"福祉里","TOWNCODE":"65000020","TOWNNAME":"三重區","COUNTYNAME":"新北市"},"geometry":{"type":"Polygon","coordinates":[[[121.4886,25.05391],[121.4863,25.05349],[121.4856,25.05375],[121.4844,25.05187],[121.48257,25.05537],[121.48664,25.05638],[121.48734,25.05697],[121.4886,25.05391]]]}},{"type":"Feature","properties":{"VILLCODE":"65000050002","VILLNAME":"頭前里","TOWNCODE":"65000050","TOWNNAME":"新莊區","COUNTYNAME":"新北市"},"geometry":{"type":"Polygon","coordinates":[[[121.46739,25.04929],[121.45969,25.04945],[121.45972,25.05131],[121.45972,25.0563],[121.45972,25.05717],[121.46729,25.05739],[121.46742,25.05599],[121.46868,25.05299],[121.46815,25.05215],[121.46739,25.04929]]]}},{"type":"Feature","properties":{"VILLCODE":"65000020004","VILLNAME":"谷王里","TOWNCODE":"65000020","TOWNNAME":"三重區","COUNTYNAME":"新北市"},"geometry":{"type":"Polygon","coordinates":[[[121.47806,25.05173],[121.47623,25.05198],[121.47203,25.05164],[121.47203,25.05523],[121.47582,25.05551],[121.47604,25.05779],[121.47758,25.05462],[121.4784,25.0522],[121.47806,25.05173]]]}},{"type":"Feature","properties":{"VILLCODE":"65000020023","VILLNAME":"同慶里","TOWNCODE":"65000020","TOWNNAME":"三重區","COUNTYNAME":"新北市"},"geometry":{"type":"Polygon","coordinates":[[[121.49715,25.05473],[121.49671,25.0568],[121.49892,25.05734],[121.50069,25.05776],[121.50094,25.05781],[121.49715,25.05473]]]}},{"type":"Feature","properties":{"VILLCODE":"65000160017","VILLNAME":"全興里","TOWNCODE":"65000160","TOWNNAME":"泰山區","COUNTYNAME":"新北市"},"geometry":{"type":"Polygon","coordinates":[[[121.43488,25.05476],[121.43529,25.05397],[121.4333,25.05209],[121.43178,25.05282],[121.43125,25.05377],[121.43235,25.05506],[121.43191,25.05582],[121.43279,25.05621],[121.43194,25.05779],[121.43286,25.05821],[121.43488,25.05476]]]}},{"type":"Feature","properties":{"VILLCODE":"65000020031","VILLNAME":"大安里","TOWNCODE":"65000020","TOWNNAME":"三重區","COUNTYNAME":"新北市"},"geometry":{"type":"Polygon","coordinates":[[[121.49671,25.0568],[121.49479,25.05633],[121.49447,25.05812],[121.49636,25.05835],[121.49671,25.0568]]]}},{"type":"Feature","properties":{"VILLCODE":"65000240009","VILLNAME":"南山里","TOWNCODE":"65000240","TOWNNAME":"平溪區","COUNTYNAME":"新北市"},"geometry":{"type":"Polygon","coordinates":[[[121.80889,25.03759],[121.80488,25.03686],[121.80425,25.03638],[121.80135,25.03765],[121.80031,25.03737],[121.79785,25.03759],[121.7957,25.03655],[121.79504,25.03552],[121.79251,25.03554],[121.79122,25.03425],[121.78913,25.03414],[121.78702,25.03209],[121.78475,25.03249],[121.78209,25.02996],[121.7796,25.02971],[121.77954,25.03061],[121.77843,25.03176],[121.77979,25.03291],[121.77941,25.03703],[121.78039,25.0379],[121.78023,25.03894],[121.77821,25.0377],[121.7773,25.03605],[121.77834,25.03504],[121.77824,25.03442],[121.77395,25.03041],[121.77332,25.02828],[121.77408,25.02699],[121.77114,25.02491],[121.76972,25.02662],[121.76783,25.02733],[121.76606,25.02862],[121.76331,25.02949],[121.76237,25.03047],[121.7617,25.03336],[121.76584,25.03456],[121.76729,25.03383],[121.76912,25.0347],[121.77048,25.03622],[121.77073,25.03821],[121.77139,25.03899],[121.7724,25.0381],[121.77357,25.03793],[121.77528,25.03944],[121.77613,25.04112],[121.77865,25.04306],[121.78112,25.04351],[121.78206,25.0473],[121.78276,25.0478],[121.78434,25.04699],[121.78519,25.04867],[121.78948,25.04962],[121.79175,25.05164],[121.79377,25.05195],[121.79567,25.05094],[121.79822,25.05049],[121.7998,25.05125],[121.80299,25.05462],[121.80466,25.05546],[121.80681,25.05481],[121.80782,25.05487],[121.81035,25.05666],[121.81388,25.05837],[121.81432,25.05725],[121.81344,25.05341],[121.81366,25.05164],[121.81483,25.04929],[121.81533,25.04749],[121.81473,25.04584],[121.81511,25.04494],[121.81678,25.04289],[121.81688,25.04213],[121.81596,25.04096],[121.81461,25.04143],[121.81208,25.04045],[121.80889,25.03759]]]}},{"type":"Feature","properties":{"VILLCODE":"65000020012","VILLNAME":"重明里","TOWNCODE":"65000020","TOWNNAME":"三重區","COUNTYNAME":"新北市"},"geometry":{"type":"Polygon","coordinates":[[[121.48664,25.05638],[121.48257,25.05537],[121.48137,25.05773],[121.48361,25.05829],[121.48592,25.05826],[121.48595,25.05877],[121.48664,25.05877],[121.48664,25.05638]]]}},{"type":"Feature","properties":{"VILLCODE":"65000020034","VILLNAME":"仁義里","TOWNCODE":"65000020","TOWNNAME":"三重區","COUNTYNAME":"新北市"},"geometry":{"type":"Polygon","coordinates":[[[121.49892,25.05734],[121.49671,25.0568],[121.49636,25.05835],[121.49627,25.05868],[121.49854,25.05922],[121.49892,25.05734]]]}},{"type":"Feature","properties":{"VILLCODE":"65000020020","VILLNAME":"光明里","TOWNCODE":"65000020","TOWNNAME":"三重區","COUNTYNAME":"新北市"},"geometry":{"type":"Polygon","coordinates":[[[121.4921,25.05341],[121.49103,25.05386],[121.49021,25.05302],[121.48939,25.05313],[121.4886,25.05391],[121.48734,25.05697],[121.49062,25.05927],[121.49214,25.05697],[121.49362,25.0577],[121.49381,25.05607],[121.49365,25.05546],[121.4934,25.0542],[121.4921,25.05341]]]}},{"type":"Feature","properties":{"VILLCODE":"65000240008","VILLNAME":"望古里","TOWNCODE":"65000240","TOWNNAME":"平溪區","COUNTYNAME":"新北市"},"geometry":{"type":"Polygon","coordinates":[[[121.74759,25.05372],[121.74763,25.05372],[121.74857,25.05535],[121.74867,25.05535],[121.7487,25.05535],[121.75081,25.05703],[121.75217,25.05762],[121.75561,25.05826],[121.75672,25.05924],[121.75795,25.05902],[121.7593,25.05947],[121.76057,25.05798],[121.76183,25.05776],[121.76243,25.05694],[121.76252,25.05694],[121.76274,25.05459],[121.76549,25.04847],[121.76372,25.04676],[121.76338,25.04418],[121.76448,25.04146],[121.76631,25.0379],[121.76729,25.03383],[121.76584,25.03456],[121.7617,25.03336],[121.76237,25.03047],[121.76331,25.02949],[121.76606,25.02862],[121.76783,25.02733],[121.76972,25.02662],[121.77114,25.02491],[121.77215,25.02177],[121.77291,25.02113],[121.77338,25.01961],[121.77111,25.01787],[121.76871,25.01754],[121.76732,25.01686],[121.76543,25.01507],[121.76559,25.01257],[121.7641,25.01083],[121.76331,25.00895],[121.76382,25.00699],[121.76271,25.00722],[121.75924,25.00909],[121.75864,25.00994],[121.75902,25.01139],[121.75848,25.01311],[121.75905,25.01454],[121.75852,25.01563],[121.75924,25.02012],[121.75829,25.0223],[121.75583,25.02376],[121.75542,25.02881],[121.75489,25.02909],[121.75416,25.02803],[121.75132,25.02646],[121.74867,25.02763],[121.74838,25.02845],[121.75081,25.02842],[121.75126,25.02974],[121.75059,25.03319],[121.74977,25.03582],[121.74867,25.03695],[121.74794,25.0393],[121.74706,25.04093],[121.7469,25.04256],[121.74614,25.04443],[121.74687,25.04564],[121.74835,25.04682],[121.74882,25.04881],[121.74848,25.05032],[121.74876,25.05114],[121.74759,25.05372]]]}},{"type":"Feature","properties":{"VILLCODE":"65000020030","VILLNAME":"平和里","TOWNCODE":"65000020","TOWNNAME":"三重區","COUNTYNAME":"新北市"},"geometry":{"type":"Polygon","coordinates":[[[121.49636,25.05835],[121.49447,25.05812],[121.49416,25.05922],[121.49602,25.05975],[121.49627,25.05868],[121.49636,25.05835]]]}},{"type":"Feature","properties":{"VILLCODE":"65000160011","VILLNAME":"同興里","TOWNCODE":"65000160","TOWNNAME":"泰山區","COUNTYNAME":"新北市"},"geometry":{"type":"Polygon","coordinates":[[[121.43125,25.05377],[121.4302,25.05386],[121.43071,25.05554],[121.4308,25.05795],[121.43191,25.05975],[121.43286,25.05821],[121.43194,25.05779],[121.43279,25.05621],[121.43191,25.05582],[121.43235,25.05506],[121.43125,25.05377]]]}},{"type":"Feature","properties":{"VILLCODE":"65000020027","VILLNAME":"吉利里","TOWNCODE":"65000020","TOWNNAME":"三重區","COUNTYNAME":"新北市"},"geometry":{"type":"Polygon","coordinates":[[[121.49479,25.05633],[121.49381,25.05607],[121.49362,25.0577],[121.49302,25.05835],[121.49343,25.05958],[121.4939,25.05986],[121.49416,25.05922],[121.49447,25.05812],[121.49479,25.05633]]]}},{"type":"Feature","properties":{"VILLCODE":"65000020024","VILLNAME":"菜寮里","TOWNCODE":"65000020","TOWNNAME":"三重區","COUNTYNAME":"新北市"},"geometry":{"type":"Polygon","coordinates":[[[121.49362,25.0577],[121.49214,25.05697],[121.49062,25.05927],[121.49097,25.05952],[121.49176,25.06003],[121.49264,25.06065],[121.49343,25.05958],[121.49302,25.05835],[121.49362,25.0577]]]}},{"type":"Feature","properties":{"VILLCODE":"65000020033","VILLNAME":"忠孝里","TOWNCODE":"65000020","TOWNNAME":"三重區","COUNTYNAME":"新北市"},"geometry":{"type":"Polygon","coordinates":[[[121.49854,25.05922],[121.49627,25.05868],[121.49602,25.05975],[121.49599,25.05989],[121.49835,25.06009],[121.49854,25.05922]]]}},{"type":"Feature","properties":{"VILLCODE":"65000050064","VILLNAME":"昌平里","TOWNCODE":"65000050","TOWNNAME":"新莊區","COUNTYNAME":"新北市"},"geometry":{"type":"Polygon","coordinates":[[[121.45476,25.05313],[121.4523,25.05319],[121.45208,25.05487],[121.45208,25.05879],[121.45186,25.05936],[121.45309,25.06056],[121.45978,25.06051],[121.45972,25.05717],[121.45972,25.0563],[121.45798,25.05627],[121.45804,25.05445],[121.45457,25.05445],[121.45476,25.05313]]]}},{"type":"Feature","properties":{"VILLCODE":"65000160016","VILLNAME":"福興里","TOWNCODE":"65000160","TOWNNAME":"泰山區","COUNTYNAME":"新北市"},"geometry":{"type":"Polygon","coordinates":[[[121.43866,25.0524],[121.43844,25.05206],[121.43626,25.05565],[121.43488,25.05476],[121.43286,25.05821],[121.43191,25.05975],[121.43222,25.06062],[121.43462,25.05919],[121.43866,25.0524]]]}},{"type":"Feature","properties":{"VILLCODE":"65000110021","VILLNAME":"白雲里","TOWNCODE":"65000110","TOWNNAME":"汐止區","COUNTYNAME":"新北市"},"geometry":{"type":"Polygon","coordinates":[[[121.68288,25.03913],[121.68115,25.03753],[121.67853,25.03644],[121.67714,25.03481],[121.67449,25.0349],[121.67222,25.03439],[121.67051,25.03268],[121.66764,25.03316],[121.66584,25.03372],[121.66584,25.02996],[121.66483,25.02954],[121.66401,25.02996],[121.66079,25.03044],[121.65804,25.02906],[121.65681,25.02794],[121.65536,25.02761],[121.6541,25.02791],[121.65324,25.02747],[121.65195,25.02811],[121.65025,25.02761],[121.64886,25.02791],[121.64797,25.02864],[121.64693,25.02797],[121.64586,25.02943],[121.64406,25.02991],[121.64223,25.03122],[121.63992,25.03201],[121.63809,25.03358],[121.63345,25.03574],[121.63178,25.03557],[121.63421,25.03765],[121.63718,25.03905],[121.64052,25.04194],[121.63955,25.04314],[121.63746,25.0446],[121.63923,25.04679],[121.63917,25.04735],[121.63737,25.04906],[121.63711,25.05206],[121.63604,25.05316],[121.63289,25.05352],[121.63576,25.0552],[121.63803,25.05588],[121.63948,25.0561],[121.64314,25.05843],[121.64538,25.05916],[121.64974,25.05997],[121.65217,25.05986],[121.6517,25.05868],[121.65378,25.05745],[121.65561,25.05882],[121.65407,25.05961],[121.65435,25.06084],[121.6547,25.06028],[121.65792,25.06006],[121.65908,25.06065],[121.65953,25.0593],[121.66189,25.05686],[121.66401,25.05288],[121.673,25.05649],[121.67364,25.05549],[121.67575,25.05218],[121.67875,25.04845],[121.68288,25.03913]]]}},{"type":"Feature","properties":{"VILLCODE":"65000050052","VILLNAME":"中隆里","TOWNCODE":"65000050","TOWNNAME":"新莊區","COUNTYNAME":"新北市"},"geometry":{"type":"Polygon","coordinates":[[[121.45287,25.04929],[121.45236,25.04926],[121.45214,25.05018],[121.45129,25.05366],[121.45018,25.05896],[121.45022,25.06081],[121.45082,25.06115],[121.45255,25.06118],[121.45309,25.06056],[121.45186,25.05936],[121.45208,25.05879],[121.45208,25.05487],[121.4523,25.05319],[121.45309,25.05089],[121.45287,25.04929]]]}},{"type":"Feature","properties":{"VILLCODE":"65000020036","VILLNAME":"光輝里","TOWNCODE":"65000020","TOWNNAME":"三重區","COUNTYNAME":"新北市"},"geometry":{"type":"Polygon","coordinates":[[[121.50069,25.05776],[121.49892,25.05734],[121.49854,25.05922],[121.49835,25.06009],[121.49816,25.06109],[121.50025,25.0614],[121.50069,25.05776]]]}},{"type":"Feature","properties":{"VILLCODE":"65000020010","VILLNAME":"過田里","TOWNCODE":"65000020","TOWNNAME":"三重區","COUNTYNAME":"新北市"},"geometry":{"type":"Polygon","coordinates":[[[121.48734,25.05697],[121.48664,25.05638],[121.48664,25.05877],[121.48674,25.06146],[121.48873,25.06143],[121.48967,25.0614],[121.49097,25.05952],[121.49062,25.05927],[121.48734,25.05697]]]}},{"type":"Feature","properties":{"VILLCODE":"65000020013","VILLNAME":"光田里","TOWNCODE":"65000020","TOWNNAME":"三重區","COUNTYNAME":"新北市"},"geometry":{"type":"Polygon","coordinates":[[[121.48664,25.05877],[121.48595,25.05877],[121.48601,25.05936],[121.4833,25.05941],[121.48345,25.06152],[121.48674,25.06146],[121.48664,25.05877]]]}},{"type":"Feature","properties":{"VILLCODE":"65000020014","VILLNAME":"光陽里","TOWNCODE":"65000020","TOWNNAME":"三重區","COUNTYNAME":"新北市"},"geometry":{"type":"Polygon","coordinates":[[[121.48595,25.05877],[121.48592,25.05826],[121.48361,25.05829],[121.48137,25.05773],[121.47948,25.06157],[121.47964,25.06157],[121.48345,25.06152],[121.4833,25.05941],[121.48601,25.05936],[121.48595,25.05877]]]}},{"type":"Feature","properties":{"VILLCODE":"65000020028","VILLNAME":"大同里","TOWNCODE":"65000020","TOWNNAME":"三重區","COUNTYNAME":"新北市"},"geometry":{"type":"Polygon","coordinates":[[[121.49416,25.05922],[121.4939,25.05986],[121.49343,25.05958],[121.49264,25.06065],[121.49352,25.06129],[121.49554,25.06166],[121.49573,25.06087],[121.49599,25.05989],[121.49602,25.05975],[121.49416,25.05922]]]}},{"type":"Feature","properties":{"VILLCODE":"65000020038","VILLNAME":"福利里","TOWNCODE":"65000020","TOWNNAME":"三重區","COUNTYNAME":"新北市"},"geometry":{"type":"Polygon","coordinates":[[[121.50094,25.05781],[121.50069,25.05776],[121.50025,25.0614],[121.50018,25.06171],[121.50138,25.06185],[121.50176,25.05868],[121.50094,25.05781]]]}},{"type":"Feature","properties":{"VILLCODE":"65000020032","VILLNAME":"仁德里","TOWNCODE":"65000020","TOWNNAME":"三重區","COUNTYNAME":"新北市"},"geometry":{"type":"Polygon","coordinates":[[[121.49835,25.06009],[121.49599,25.05989],[121.49573,25.06087],[121.49554,25.06166],[121.49788,25.06227],[121.49816,25.06109],[121.49835,25.06009]]]}},{"type":"Feature","properties":{"VILLCODE":"65000160006","VILLNAME":"同榮里","TOWNCODE":"65000160","TOWNNAME":"泰山區","COUNTYNAME":"新北市"},"geometry":{"type":"Polygon","coordinates":[[[121.4302,25.05386],[121.4284,25.05464],[121.4279,25.05408],[121.42588,25.05386],[121.4238,25.05546],[121.42219,25.05481],[121.42184,25.05229],[121.42118,25.05108],[121.4201,25.0506],[121.41988,25.05131],[121.4172,25.05248],[121.41641,25.05408],[121.41704,25.0545],[121.4184,25.05728],[121.41912,25.06037],[121.41903,25.06247],[121.42036,25.06121],[121.42114,25.06168],[121.42477,25.06121],[121.42866,25.0616],[121.43046,25.06009],[121.43191,25.05975],[121.4308,25.05795],[121.43071,25.05554],[121.4302,25.05386]]]}},{"type":"Feature","properties":{"VILLCODE":"65000160004","VILLNAME":"福泰里","TOWNCODE":"65000160","TOWNNAME":"泰山區","COUNTYNAME":"新北市"},"geometry":{"type":"Polygon","coordinates":[[[121.43892,25.05274],[121.43866,25.0524],[121.43462,25.05919],[121.43222,25.06062],[121.43317,25.06244],[121.43399,25.06241],[121.43582,25.05924],[121.4351,25.05891],[121.43892,25.05274]]]}},{"type":"Feature","properties":{"VILLCODE":"65000050053","VILLNAME":"中原里","TOWNCODE":"65000050","TOWNNAME":"新莊區","COUNTYNAME":"新北市"},"geometry":{"type":"Polygon","coordinates":[[[121.44801,25.05276],[121.44469,25.05276],[121.44463,25.05436],[121.44173,25.05422],[121.43945,25.0524],[121.43958,25.05361],[121.43866,25.05577],[121.43952,25.0568],[121.4427,25.05809],[121.44393,25.05826],[121.44453,25.05947],[121.44523,25.05891],[121.44586,25.05958],[121.44684,25.05922],[121.44728,25.06073],[121.44798,25.06048],[121.44756,25.06244],[121.44804,25.06264],[121.45022,25.06081],[121.45018,25.05896],[121.45129,25.05366],[121.45003,25.05276],[121.44801,25.05276]]]}},{"type":"Feature","properties":{"VILLCODE":"65000020035","VILLNAME":"光榮里","TOWNCODE":"65000020","TOWNNAME":"三重區","COUNTYNAME":"新北市"},"geometry":{"type":"Polygon","coordinates":[[[121.50025,25.0614],[121.49816,25.06109],[121.49788,25.06227],[121.4999,25.063],[121.50018,25.06171],[121.50025,25.0614]]]}},{"type":"Feature","properties":{"VILLCODE":"65000020039","VILLNAME":"清和里","TOWNCODE":"65000020","TOWNNAME":"三重區","COUNTYNAME":"新北市"},"geometry":{"type":"Polygon","coordinates":[[[121.50176,25.05868],[121.50138,25.06185],[121.50129,25.06281],[121.50397,25.06306],[121.50176,25.05868]]]}},{"type":"Feature","properties":{"VILLCODE":"65000020046","VILLNAME":"重新里","TOWNCODE":"65000020","TOWNNAME":"三重區","COUNTYNAME":"新北市"},"geometry":{"type":"Polygon","coordinates":[[[121.49788,25.06227],[121.49554,25.06166],[121.49523,25.06311],[121.4976,25.06323],[121.49788,25.06227]]]}},{"type":"Feature","properties":{"VILLCODE":"65000110032","VILLNAME":"文化里","TOWNCODE":"65000110","TOWNNAME":"汐止區","COUNTYNAME":"新北市"},"geometry":{"type":"Polygon","coordinates":[[[121.65435,25.06084],[121.65407,25.05961],[121.65561,25.05882],[121.65378,25.05745],[121.6517,25.05868],[121.65217,25.05986],[121.64974,25.05997],[121.64538,25.05916],[121.64314,25.05843],[121.63948,25.0561],[121.63803,25.05588],[121.64084,25.05882],[121.64179,25.06079],[121.64677,25.06289],[121.65003,25.06337],[121.64961,25.06146],[121.65157,25.0616],[121.65369,25.06233],[121.65435,25.06084]]]}},{"type":"Feature","properties":{"VILLCODE":"65000020037","VILLNAME":"福星里","TOWNCODE":"65000020","TOWNNAME":"三重區","COUNTYNAME":"新北市"},"geometry":{"type":"Polygon","coordinates":[[[121.50138,25.06185],[121.50018,25.06171],[121.4999,25.063],[121.50119,25.06351],[121.50129,25.06281],[121.50138,25.06185]]]}},{"type":"Feature","properties":{"VILLCODE":"65000020018","VILLNAME":"田安里","TOWNCODE":"65000020","TOWNNAME":"三重區","COUNTYNAME":"新北市"},"geometry":{"type":"Polygon","coordinates":[[[121.48674,25.06146],[121.48345,25.06152],[121.47964,25.06157],[121.4797,25.06199],[121.47992,25.06311],[121.48352,25.06317],[121.48503,25.06351],[121.48671,25.06182],[121.48674,25.06146]]]}},{"type":"Feature","properties":{"VILLCODE":"65000020041","VILLNAME":"中山里","TOWNCODE":"65000020","TOWNNAME":"三重區","COUNTYNAME":"新北市"},"geometry":{"type":"Polygon","coordinates":[[[121.49264,25.06065],[121.49176,25.06003],[121.49097,25.05952],[121.48967,25.0614],[121.48873,25.06143],[121.48933,25.0632],[121.49135,25.06261],[121.49232,25.06188],[121.49441,25.06365],[121.49507,25.06373],[121.49523,25.06311],[121.49554,25.06166],[121.49352,25.06129],[121.49264,25.06065]]]}},{"type":"Feature","properties":{"VILLCODE":"65000020011","VILLNAME":"錦田里","TOWNCODE":"65000020","TOWNNAME":"三重區","COUNTYNAME":"新北市"},"geometry":{"type":"Polygon","coordinates":[[[121.48873,25.06143],[121.48674,25.06146],[121.48671,25.06182],[121.4875,25.06398],[121.48933,25.0632],[121.48873,25.06143]]]}},{"type":"Feature","properties":{"VILLCODE":"65000110018","VILLNAME":"樟樹里","TOWNCODE":"65000110","TOWNNAME":"汐止區","COUNTYNAME":"新北市"},"geometry":{"type":"Polygon","coordinates":[[[121.63576,25.0552],[121.62831,25.05341],[121.62742,25.05481],[121.62878,25.05619],[121.62963,25.05927],[121.63052,25.06042],[121.63276,25.06261],[121.63431,25.06337],[121.63626,25.0637],[121.63689,25.06412],[121.63762,25.06362],[121.63847,25.06182],[121.63939,25.06238],[121.64109,25.06258],[121.64179,25.06079],[121.64084,25.05882],[121.63803,25.05588],[121.63576,25.0552]]]}},{"type":"Feature","properties":{"VILLCODE":"65000020040","VILLNAME":"永興里","TOWNCODE":"65000020","TOWNNAME":"三重區","COUNTYNAME":"新北市"},"geometry":{"type":"Polygon","coordinates":[[[121.50397,25.06306],[121.50129,25.06281],[121.50119,25.06351],[121.50252,25.06401],[121.50422,25.0641],[121.50432,25.0641],[121.50397,25.06306]]]}},{"type":"Feature","properties":{"VILLCODE":"65000110031","VILLNAME":"自強里","TOWNCODE":"65000110","TOWNNAME":"汐止區","COUNTYNAME":"新北市"},"geometry":{"type":"Polygon","coordinates":[[[121.65908,25.06065],[121.65792,25.06006],[121.6547,25.06028],[121.65435,25.06084],[121.65369,25.06233],[121.65814,25.06418],[121.65842,25.06342],[121.65798,25.06289],[121.65912,25.0618],[121.65908,25.06065]]]}},{"type":"Feature","properties":{"VILLCODE":"65000020047","VILLNAME":"正德里","TOWNCODE":"65000020","TOWNNAME":"三重區","COUNTYNAME":"新北市"},"geometry":{"type":"Polygon","coordinates":[[[121.4976,25.06323],[121.49523,25.06311],[121.49507,25.06373],[121.49558,25.06426],[121.49722,25.06454],[121.4976,25.06323]]]}},{"type":"Feature","properties":{"VILLCODE":"65000110046","VILLNAME":"秀山里","TOWNCODE":"65000110","TOWNNAME":"汐止區","COUNTYNAME":"新北市"},"geometry":{"type":"Polygon","coordinates":[[[121.673,25.05649],[121.66401,25.05288],[121.66189,25.05686],[121.65953,25.0593],[121.65908,25.06065],[121.65912,25.0618],[121.65798,25.06289],[121.65842,25.06342],[121.65927,25.06387],[121.65991,25.06297],[121.66167,25.06306],[121.66344,25.06424],[121.6647,25.06306],[121.66499,25.06362],[121.66758,25.06502],[121.673,25.05649]]]}},{"type":"Feature","properties":{"VILLCODE":"65000020054","VILLNAME":"錦通里","TOWNCODE":"65000020","TOWNNAME":"三重區","COUNTYNAME":"新北市"},"geometry":{"type":"Polygon","coordinates":[[[121.50119,25.06351],[121.4999,25.063],[121.49911,25.0648],[121.50069,25.06508],[121.50119,25.06351]]]}},{"type":"Feature","properties":{"VILLCODE":"65000020043","VILLNAME":"國隆里","TOWNCODE":"65000020","TOWNNAME":"三重區","COUNTYNAME":"新北市"},"geometry":{"type":"Polygon","coordinates":[[[121.49441,25.06365],[121.49232,25.06188],[121.49135,25.06261],[121.49176,25.06452],[121.49261,25.06527],[121.4933,25.06401],[121.49441,25.06365]]]}},{"type":"Feature","properties":{"VILLCODE":"65000020003","VILLNAME":"頂崁里","TOWNCODE":"65000020","TOWNNAME":"三重區","COUNTYNAME":"新北市"},"geometry":{"type":"Polygon","coordinates":[[[121.47203,25.05523],[121.47203,25.05602],[121.46742,25.05599],[121.46729,25.05739],[121.46742,25.0586],[121.46606,25.06056],[121.46518,25.06342],[121.46556,25.06555],[121.46562,25.06558],[121.47206,25.06205],[121.47471,25.05966],[121.47604,25.05779],[121.47582,25.05551],[121.47203,25.05523]]]}},{"type":"Feature","properties":{"VILLCODE":"65000020019","VILLNAME":"三民里","TOWNCODE":"65000020","TOWNNAME":"三重區","COUNTYNAME":"新北市"},"geometry":{"type":"Polygon","coordinates":[[[121.48671,25.06182],[121.48503,25.06351],[121.48402,25.06435],[121.48472,25.06525],[121.48506,25.06564],[121.4875,25.06398],[121.48671,25.06182]]]}},{"type":"Feature","properties":{"VILLCODE":"65000020051","VILLNAME":"文化里","TOWNCODE":"65000020","TOWNNAME":"三重區","COUNTYNAME":"新北市"},"geometry":{"type":"Polygon","coordinates":[[[121.4999,25.063],[121.49788,25.06227],[121.4976,25.06323],[121.49722,25.06454],[121.49696,25.06536],[121.49876,25.06575],[121.49911,25.0648],[121.4999,25.063]]]}},{"type":"Feature","properties":{"VILLCODE":"65000110008","VILLNAME":"復興里","TOWNCODE":"65000110","TOWNNAME":"汐止區","COUNTYNAME":"新北市"},"geometry":{"type":"Polygon","coordinates":[[[121.65369,25.06233],[121.65157,25.0616],[121.64961,25.06146],[121.65003,25.06337],[121.65208,25.06407],[121.65766,25.06592],[121.65738,25.06527],[121.65814,25.06418],[121.65369,25.06233]]]}},{"type":"Feature","properties":{"VILLCODE":"65000020042","VILLNAME":"大園里","TOWNCODE":"65000020","TOWNNAME":"三重區","COUNTYNAME":"新北市"},"geometry":{"type":"Polygon","coordinates":[[[121.49507,25.06373],[121.49441,25.06365],[121.4933,25.06401],[121.49261,25.06527],[121.49359,25.06614],[121.49558,25.06426],[121.49507,25.06373]]]}},{"type":"Feature","properties":{"VILLCODE":"65000160003","VILLNAME":"山腳里","TOWNCODE":"65000160","TOWNNAME":"泰山區","COUNTYNAME":"新北市"},"geometry":{"type":"Polygon","coordinates":[[[121.43222,25.06062],[121.43191,25.05975],[121.43046,25.06009],[121.42866,25.0616],[121.42477,25.06121],[121.42389,25.06387],[121.4243,25.06511],[121.42588,25.06614],[121.42768,25.06631],[121.42929,25.06569],[121.43109,25.066],[121.43137,25.06438],[121.43238,25.06412],[121.43229,25.06317],[121.43317,25.06244],[121.43222,25.06062]]]}},{"type":"Feature","properties":{"VILLCODE":"65000110030","VILLNAME":"忠孝里","TOWNCODE":"65000110","TOWNNAME":"汐止區","COUNTYNAME":"新北市"},"geometry":{"type":"Polygon","coordinates":[[[121.64677,25.06289],[121.64179,25.06079],[121.64109,25.06258],[121.63939,25.06238],[121.63847,25.06182],[121.63762,25.06362],[121.63689,25.06412],[121.63743,25.06474],[121.63822,25.066],[121.64226,25.0655],[121.64235,25.06631],[121.64368,25.0662],[121.64961,25.06511],[121.6481,25.06463],[121.64677,25.06289]]]}},{"type":"Feature","properties":{"VILLCODE":"65000020044","VILLNAME":"重陽里","TOWNCODE":"65000020","TOWNNAME":"三重區","COUNTYNAME":"新北市"},"geometry":{"type":"Polygon","coordinates":[[[121.49135,25.06261],[121.48933,25.0632],[121.4875,25.06398],[121.48888,25.06637],[121.49128,25.06527],[121.49163,25.06595],[121.49261,25.06527],[121.49176,25.06452],[121.49135,25.06261]]]}},{"type":"Feature","properties":{"VILLCODE":"65000020015","VILLNAME":"田心里","TOWNCODE":"65000020","TOWNNAME":"三重區","COUNTYNAME":"新北市"},"geometry":{"type":"Polygon","coordinates":[[[121.48503,25.06351],[121.48352,25.06317],[121.47992,25.06311],[121.4797,25.06199],[121.47935,25.0648],[121.48014,25.06452],[121.48071,25.06589],[121.48099,25.06637],[121.48402,25.06435],[121.48503,25.06351]]]}},{"type":"Feature","properties":{"VILLCODE":"65000020057","VILLNAME":"光華里","TOWNCODE":"65000020","TOWNNAME":"三重區","COUNTYNAME":"新北市"},"geometry":{"type":"Polygon","coordinates":[[[121.50252,25.06401],[121.50119,25.06351],[121.50069,25.06508],[121.50037,25.06614],[121.50176,25.06642],[121.50176,25.0664],[121.50252,25.06401]]]}},{"type":"Feature","properties":{"VILLCODE":"65000020055","VILLNAME":"錦安里","TOWNCODE":"65000020","TOWNNAME":"三重區","COUNTYNAME":"新北市"},"geometry":{"type":"Polygon","coordinates":[[[121.50069,25.06508],[121.49911,25.0648],[121.49876,25.06575],[121.49854,25.06645],[121.50018,25.06682],[121.50037,25.06614],[121.50069,25.06508]]]}},{"type":"Feature","properties":{"VILLCODE":"65000110038","VILLNAME":"環河里","TOWNCODE":"65000110","TOWNNAME":"汐止區","COUNTYNAME":"新北市"},"geometry":{"type":"Polygon","coordinates":[[[121.62742,25.05481],[121.62654,25.05467],[121.62427,25.05546],[121.62253,25.05843],[121.62165,25.06034],[121.61868,25.063],[121.61612,25.06396],[121.61713,25.06586],[121.61795,25.0662],[121.61795,25.06628],[121.62758,25.06701],[121.63052,25.06042],[121.62963,25.05927],[121.62878,25.05619],[121.62742,25.05481]]]}},{"type":"Feature","properties":{"VILLCODE":"65000020059","VILLNAME":"開元里","TOWNCODE":"65000020","TOWNNAME":"三重區","COUNTYNAME":"新北市"},"geometry":{"type":"Polygon","coordinates":[[[121.50432,25.0641],[121.50422,25.0641],[121.50252,25.06401],[121.50176,25.0664],[121.50176,25.06642],[121.5028,25.06665],[121.50454,25.06704],[121.50432,25.0641]]]}},{"type":"Feature","properties":{"VILLCODE":"65000110041","VILLNAME":"大同里","TOWNCODE":"65000110","TOWNNAME":"汐止區","COUNTYNAME":"新北市"},"geometry":{"type":"Polygon","coordinates":[[[121.65766,25.06592],[121.65208,25.06407],[121.65523,25.06659],[121.65681,25.06718],[121.65766,25.06592]]]}},{"type":"Feature","properties":{"VILLCODE":"65000110045","VILLNAME":"福安里","TOWNCODE":"65000110","TOWNNAME":"汐止區","COUNTYNAME":"新北市"},"geometry":{"type":"Polygon","coordinates":[[[121.66758,25.06502],[121.66499,25.06362],[121.6647,25.06306],[121.66344,25.06424],[121.66193,25.06575],[121.66606,25.06724],[121.66758,25.06502]]]}},{"type":"Feature","properties":{"VILLCODE":"65000020048","VILLNAME":"正義里","TOWNCODE":"65000020","TOWNNAME":"三重區","COUNTYNAME":"新北市"},"geometry":{"type":"Polygon","coordinates":[[[121.49722,25.06454],[121.49558,25.06426],[121.49359,25.06614],[121.49286,25.06741],[121.49327,25.06715],[121.49513,25.06642],[121.49665,25.06648],[121.49696,25.06536],[121.49722,25.06454]]]}},{"type":"Feature","properties":{"VILLCODE":"65000020052","VILLNAME":"中央里","TOWNCODE":"65000020","TOWNNAME":"三重區","COUNTYNAME":"新北市"},"geometry":{"type":"Polygon","coordinates":[[[121.49876,25.06575],[121.49696,25.06536],[121.49665,25.06648],[121.4964,25.06721],[121.49816,25.06763],[121.49854,25.06645],[121.49876,25.06575]]]}},{"type":"Feature","properties":{"VILLCODE":"65000110026","VILLNAME":"中興里","TOWNCODE":"65000110","TOWNNAME":"汐止區","COUNTYNAME":"新北市"},"geometry":{"type":"Polygon","coordinates":[[[121.63626,25.0637],[121.63431,25.06337],[121.63276,25.06261],[121.63052,25.06042],[121.62758,25.06701],[121.63162,25.06743],[121.63273,25.06771],[121.63427,25.06628],[121.63405,25.06536],[121.63626,25.0637]]]}},{"type":"Feature","properties":{"VILLCODE":"65000020045","VILLNAME":"民生里","TOWNCODE":"65000020","TOWNNAME":"三重區","COUNTYNAME":"新北市"},"geometry":{"type":"Polygon","coordinates":[[[121.49359,25.06614],[121.49261,25.06527],[121.49163,25.06595],[121.49128,25.06527],[121.48888,25.06637],[121.48967,25.06698],[121.4921,25.06763],[121.49286,25.06741],[121.49359,25.06614]]]}},{"type":"Feature","properties":{"VILLCODE":"65000110006","VILLNAME":"秀峰里","TOWNCODE":"65000110","TOWNNAME":"汐止區","COUNTYNAME":"新北市"},"geometry":{"type":"Polygon","coordinates":[[[121.65842,25.06342],[121.65814,25.06418],[121.65738,25.06527],[121.65766,25.06592],[121.65978,25.06696],[121.66088,25.06783],[121.66114,25.06777],[121.66218,25.06665],[121.66193,25.06575],[121.66344,25.06424],[121.66167,25.06306],[121.65991,25.06297],[121.65927,25.06387],[121.65842,25.06342]]]}},{"type":"Feature","properties":{"VILLCODE":"65000020049","VILLNAME":"正安里","TOWNCODE":"65000020","TOWNNAME":"三重區","COUNTYNAME":"新北市"},"geometry":{"type":"Polygon","coordinates":[[[121.49665,25.06648],[121.49513,25.06642],[121.49327,25.06715],[121.49624,25.06791],[121.4964,25.06721],[121.49665,25.06648]]]}},{"type":"Feature","properties":{"VILLCODE":"65000110023","VILLNAME":"東山里","TOWNCODE":"65000110","TOWNNAME":"汐止區","COUNTYNAME":"新北市"},"geometry":{"type":"Polygon","coordinates":[[[121.70009,25.06735],[121.70037,25.06732],[121.70425,25.06794],[121.70526,25.06693],[121.70687,25.06659],[121.70927,25.06769],[121.71237,25.06805],[121.71499,25.0664],[121.71783,25.06382],[121.719,25.06163],[121.72079,25.06042],[121.72199,25.06011],[121.72269,25.05846],[121.72556,25.0584],[121.72619,25.05812],[121.72698,25.0563],[121.72821,25.05495],[121.7285,25.05467],[121.72856,25.05462],[121.73011,25.05335],[121.72894,25.05184],[121.72704,25.05016],[121.72698,25.04943],[121.72436,25.04828],[121.72228,25.04819],[121.72098,25.04721],[121.71982,25.04525],[121.7183,25.04404],[121.71783,25.04295],[121.716,25.04174],[121.71666,25.04031],[121.71663,25.03919],[121.71549,25.03608],[121.71325,25.03481],[121.71271,25.03358],[121.71199,25.03336],[121.70829,25.03408],[121.70779,25.0335],[121.7053,25.03285],[121.70318,25.03198],[121.70167,25.03392],[121.69974,25.03397],[121.69807,25.0349],[121.69693,25.03509],[121.69554,25.03692],[121.69633,25.03852],[121.69576,25.03919],[121.69561,25.04076],[121.69381,25.04093],[121.69235,25.04191],[121.69122,25.0416],[121.6886,25.04163],[121.68762,25.04121],[121.68557,25.04424],[121.68756,25.04671],[121.69008,25.05131],[121.69286,25.05262],[121.69264,25.05577],[121.69175,25.06051],[121.69037,25.06121],[121.69229,25.06244],[121.69179,25.06575],[121.6934,25.06628],[121.69643,25.06598],[121.70006,25.06735],[121.70009,25.06735]]]}},{"type":"Feature","properties":{"VILLCODE":"65000050072","VILLNAME":"福興里","TOWNCODE":"65000050","TOWNNAME":"新莊區","COUNTYNAME":"新北市"},"geometry":{"type":"Polygon","coordinates":[[[121.45255,25.06118],[121.45082,25.06115],[121.45189,25.06238],[121.45353,25.063],[121.4535,25.06533],[121.45836,25.06727],[121.46003,25.06828],[121.46243,25.06696],[121.46287,25.0655],[121.45713,25.06297],[121.45388,25.06295],[121.45347,25.06171],[121.45255,25.06118]]]}},{"type":"Feature","properties":{"VILLCODE":"65000110034","VILLNAME":"福德里","TOWNCODE":"65000110","TOWNNAME":"汐止區","COUNTYNAME":"新北市"},"geometry":{"type":"Polygon","coordinates":[[[121.63689,25.06412],[121.63626,25.0637],[121.63405,25.06536],[121.63427,25.06628],[121.63273,25.06771],[121.63333,25.06791],[121.63506,25.06858],[121.63595,25.06777],[121.635,25.06679],[121.63743,25.06474],[121.63689,25.06412]]]}},{"type":"Feature","properties":{"VILLCODE":"65000020061","VILLNAME":"長元里","TOWNCODE":"65000020","TOWNNAME":"三重區","COUNTYNAME":"新北市"},"geometry":{"type":"Polygon","coordinates":[[[121.5028,25.06665],[121.50176,25.06642],[121.50037,25.06614],[121.50018,25.06682],[121.49977,25.06825],[121.49996,25.06805],[121.5023,25.06864],[121.5028,25.06665]]]}},{"type":"Feature","properties":{"VILLCODE":"65000050005","VILLNAME":"福基里","TOWNCODE":"65000050","TOWNNAME":"新莊區","COUNTYNAME":"新北市"},"geometry":{"type":"Polygon","coordinates":[[[121.46729,25.05739],[121.45972,25.05717],[121.45978,25.06051],[121.45309,25.06056],[121.45255,25.06118],[121.45347,25.06171],[121.45388,25.06295],[121.45713,25.06297],[121.46287,25.0655],[121.46243,25.06696],[121.46003,25.06828],[121.46139,25.06875],[121.46278,25.0687],[121.46458,25.06771],[121.46556,25.06555],[121.46518,25.06342],[121.46606,25.06056],[121.46742,25.0586],[121.46729,25.05739]]]}},{"type":"Feature","properties":{"VILLCODE":"65000020050","VILLNAME":"自強里","TOWNCODE":"65000020","TOWNNAME":"三重區","COUNTYNAME":"新北市"},"geometry":{"type":"Polygon","coordinates":[[[121.49327,25.06715],[121.49286,25.06741],[121.49258,25.06788],[121.49592,25.06889],[121.49605,25.06858],[121.49624,25.06791],[121.49327,25.06715]]]}},{"type":"Feature","properties":{"VILLCODE":"65000020053","VILLNAME":"雙園里","TOWNCODE":"65000020","TOWNNAME":"三重區","COUNTYNAME":"新北市"},"geometry":{"type":"Polygon","coordinates":[[[121.49816,25.06763],[121.4964,25.06721],[121.49624,25.06791],[121.49605,25.06858],[121.49775,25.06892],[121.49816,25.06763]]]}},{"type":"Feature","properties":{"VILLCODE":"65000110035","VILLNAME":"興福里","TOWNCODE":"65000110","TOWNNAME":"汐止區","COUNTYNAME":"新北市"},"geometry":{"type":"Polygon","coordinates":[[[121.63822,25.066],[121.63743,25.06474],[121.635,25.06679],[121.63595,25.06777],[121.63506,25.06858],[121.63566,25.06898],[121.63847,25.06656],[121.63822,25.066]]]}},{"type":"Feature","properties":{"VILLCODE":"65000020062","VILLNAME":"長江里","TOWNCODE":"65000020","TOWNNAME":"三重區","COUNTYNAME":"新北市"},"geometry":{"type":"Polygon","coordinates":[[[121.50454,25.06704],[121.5028,25.06665],[121.5023,25.06864],[121.50438,25.06912],[121.50454,25.06704]]]}},{"type":"Feature","properties":{"VILLCODE":"65000020016","VILLNAME":"福田里","TOWNCODE":"65000020","TOWNNAME":"三重區","COUNTYNAME":"新北市"},"geometry":{"type":"Polygon","coordinates":[[[121.48099,25.06637],[121.48071,25.06589],[121.47875,25.06656],[121.47869,25.06783],[121.47749,25.06833],[121.47793,25.06912],[121.48099,25.06637]]]}},{"type":"Feature","properties":{"VILLCODE":"65000020056","VILLNAME":"長安里","TOWNCODE":"65000020","TOWNNAME":"三重區","COUNTYNAME":"新北市"},"geometry":{"type":"Polygon","coordinates":[[[121.50018,25.06682],[121.49854,25.06645],[121.49816,25.06763],[121.49775,25.06892],[121.49861,25.06912],[121.49892,25.06889],[121.49977,25.06825],[121.50018,25.06682]]]}},{"type":"Feature","properties":{"VILLCODE":"65000020110","VILLNAME":"博愛里","TOWNCODE":"65000020","TOWNNAME":"三重區","COUNTYNAME":"新北市"},"geometry":{"type":"Polygon","coordinates":[[[121.47793,25.06912],[121.47749,25.06833],[121.47869,25.06783],[121.47875,25.06656],[121.47752,25.0664],[121.47572,25.06727],[121.47455,25.06727],[121.47313,25.06833],[121.47793,25.06912]]]}},{"type":"Feature","properties":{"VILLCODE":"65000110003","VILLNAME":"智慧里","TOWNCODE":"65000110","TOWNNAME":"汐止區","COUNTYNAME":"新北市"},"geometry":{"type":"Polygon","coordinates":[[[121.65003,25.06337],[121.64677,25.06289],[121.6481,25.06463],[121.64961,25.06511],[121.64368,25.0662],[121.64463,25.06914],[121.64775,25.06926],[121.64816,25.06836],[121.65186,25.06856],[121.65366,25.06811],[121.65577,25.0687],[121.65681,25.06718],[121.65523,25.06659],[121.65208,25.06407],[121.65003,25.06337]]]}},{"type":"Feature","properties":{"VILLCODE":"65000020002","VILLNAME":"二重里","TOWNCODE":"65000020","TOWNNAME":"三重區","COUNTYNAME":"新北市"},"geometry":{"type":"Polygon","coordinates":[[[121.47964,25.06157],[121.47948,25.06157],[121.47686,25.06477],[121.47462,25.06617],[121.46979,25.06858],[121.46979,25.06934],[121.47092,25.06937],[121.47092,25.06833],[121.47313,25.06833],[121.47455,25.06727],[121.47572,25.06727],[121.47752,25.0664],[121.47875,25.06656],[121.48071,25.06589],[121.48014,25.06452],[121.47935,25.0648],[121.4797,25.06199],[121.47964,25.06157]]]}},{"type":"Feature","properties":{"VILLCODE":"65000020017","VILLNAME":"田中里","TOWNCODE":"65000020","TOWNNAME":"三重區","COUNTYNAME":"新北市"},"geometry":{"type":"Polygon","coordinates":[[[121.48472,25.06525],[121.48402,25.06435],[121.48099,25.06637],[121.47793,25.06912],[121.47806,25.06937],[121.48039,25.06878],[121.48203,25.06785],[121.48166,25.06732],[121.48459,25.06586],[121.48472,25.06525]]]}},{"type":"Feature","properties":{"VILLCODE":"65000160005","VILLNAME":"楓樹里","TOWNCODE":"65000160","TOWNNAME":"泰山區","COUNTYNAME":"新北市"},"geometry":{"type":"Polygon","coordinates":[[[121.43958,25.05361],[121.43892,25.05274],[121.4351,25.05891],[121.43582,25.05924],[121.43399,25.06241],[121.43317,25.06244],[121.43229,25.06317],[121.43238,25.06412],[121.43137,25.06438],[121.43109,25.066],[121.43194,25.06612],[121.43491,25.06665],[121.43753,25.0644],[121.43866,25.06547],[121.43822,25.06679],[121.43879,25.06741],[121.44024,25.06707],[121.44072,25.0678],[121.44236,25.06741],[121.44286,25.06903],[121.44517,25.06926],[121.44564,25.06466],[121.44586,25.06407],[121.44835,25.06325],[121.44804,25.06264],[121.44756,25.06244],[121.44798,25.06048],[121.44728,25.06073],[121.44684,25.05922],[121.44586,25.05958],[121.44523,25.05891],[121.44453,25.05947],[121.44393,25.05826],[121.4427,25.05809],[121.43952,25.0568],[121.43866,25.05577],[121.43958,25.05361]]]}},{"type":"Feature","properties":{"VILLCODE":"65000020078","VILLNAME":"六福里","TOWNCODE":"65000020","TOWNNAME":"三重區","COUNTYNAME":"新北市"},"geometry":{"type":"Polygon","coordinates":[[[121.48506,25.06564],[121.48472,25.06525],[121.48459,25.06586],[121.48166,25.06732],[121.48203,25.06785],[121.48333,25.06926],[121.48506,25.06892],[121.48633,25.06808],[121.48465,25.06592],[121.48506,25.06564]]]}},{"type":"Feature","properties":{"VILLCODE":"65000020063","VILLNAME":"長泰里","TOWNCODE":"65000020","TOWNNAME":"三重區","COUNTYNAME":"新北市"},"geometry":{"type":"Polygon","coordinates":[[[121.5023,25.06864],[121.49996,25.06805],[121.49977,25.06825],[121.49892,25.06889],[121.50094,25.06937],[121.50205,25.06962],[121.5023,25.06864]]]}},{"type":"Feature","properties":{"VILLCODE":"65000110002","VILLNAME":"禮門里","TOWNCODE":"65000110","TOWNNAME":"汐止區","COUNTYNAME":"新北市"},"geometry":{"type":"Polygon","coordinates":[[[121.65766,25.06592],[121.65681,25.06718],[121.65577,25.0687],[121.65798,25.06962],[121.65877,25.06743],[121.65978,25.06696],[121.65766,25.06592]]]}},{"type":"Feature","properties":{"VILLCODE":"65000020076","VILLNAME":"幸福里","TOWNCODE":"65000020","TOWNNAME":"三重區","COUNTYNAME":"新北市"},"geometry":{"type":"Polygon","coordinates":[[[121.4875,25.06398],[121.48506,25.06564],[121.48465,25.06592],[121.48633,25.06808],[121.491,25.06931],[121.49141,25.06985],[121.49147,25.06971],[121.49248,25.06808],[121.49258,25.06788],[121.49286,25.06741],[121.4921,25.06763],[121.48967,25.06698],[121.48888,25.06637],[121.4875,25.06398]]]}},{"type":"Feature","properties":{"VILLCODE":"65000110029","VILLNAME":"厚德里","TOWNCODE":"65000110","TOWNNAME":"汐止區","COUNTYNAME":"新北市"},"geometry":{"type":"Polygon","coordinates":[[[121.64368,25.0662],[121.64235,25.06631],[121.64226,25.0655],[121.63822,25.066],[121.63847,25.06656],[121.63992,25.07015],[121.64198,25.06926],[121.64264,25.06802],[121.6428,25.06909],[121.64463,25.06914],[121.64368,25.0662]]]}},{"type":"Feature","properties":{"VILLCODE":"65000110004","VILLNAME":"信望里","TOWNCODE":"65000110","TOWNNAME":"汐止區","COUNTYNAME":"新北市"},"geometry":{"type":"Polygon","coordinates":[[[121.66114,25.06777],[121.66088,25.06783],[121.66028,25.06794],[121.66107,25.06945],[121.66202,25.07021],[121.66363,25.06999],[121.66114,25.06777]]]}},{"type":"Feature","properties":{"VILLCODE":"65000110007","VILLNAME":"新昌里","TOWNCODE":"65000110","TOWNNAME":"汐止區","COUNTYNAME":"新北市"},"geometry":{"type":"Polygon","coordinates":[[[121.66606,25.06724],[121.66193,25.06575],[121.66218,25.06665],[121.66114,25.06777],[121.66363,25.06999],[121.66398,25.07032],[121.66543,25.07001],[121.66606,25.06724]]]}},{"type":"Feature","properties":{"VILLCODE":"65000020064","VILLNAME":"長福里","TOWNCODE":"65000020","TOWNNAME":"三重區","COUNTYNAME":"新北市"},"geometry":{"type":"Polygon","coordinates":[[[121.50438,25.06912],[121.5023,25.06864],[121.50205,25.06962],[121.50227,25.07007],[121.50404,25.07049],[121.50438,25.06912]]]}},{"type":"Feature","properties":{"VILLCODE":"65000150013","VILLNAME":"德泰里","TOWNCODE":"65000150","TOWNNAME":"五股區","COUNTYNAME":"新北市"},"geometry":{"type":"Polygon","coordinates":[[[121.44517,25.06926],[121.44286,25.06903],[121.44236,25.06741],[121.44072,25.0678],[121.44024,25.06707],[121.43879,25.06741],[121.43822,25.06679],[121.43866,25.06547],[121.43753,25.0644],[121.43491,25.06665],[121.43194,25.06612],[121.43156,25.06836],[121.43579,25.06853],[121.43986,25.06914],[121.44485,25.07049],[121.44494,25.07024],[121.44517,25.06926]]]}},{"type":"Feature","properties":{"VILLCODE":"65000020065","VILLNAME":"介壽里","TOWNCODE":"65000020","TOWNNAME":"三重區","COUNTYNAME":"新北市"},"geometry":{"type":"Polygon","coordinates":[[[121.49892,25.06889],[121.49861,25.06912],[121.49779,25.06985],[121.50059,25.07055],[121.50094,25.06937],[121.49892,25.06889]]]}},{"type":"Feature","properties":{"VILLCODE":"65000110009","VILLNAME":"茄苳里","TOWNCODE":"65000110","TOWNNAME":"汐止區","COUNTYNAME":"新北市"},"geometry":{"type":"Polygon","coordinates":[[[121.68762,25.04121],[121.68633,25.04031],[121.68418,25.04009],[121.68288,25.03913],[121.67875,25.04845],[121.67575,25.05218],[121.67364,25.05549],[121.67436,25.05815],[121.6743,25.06048],[121.67278,25.06258],[121.67146,25.06177],[121.67051,25.06365],[121.67038,25.06651],[121.67136,25.06752],[121.67146,25.0687],[121.67253,25.06982],[121.6725,25.07072],[121.68497,25.06412],[121.68456,25.06348],[121.68484,25.06039],[121.68727,25.05922],[121.69037,25.06121],[121.69175,25.06051],[121.69264,25.05577],[121.69286,25.05262],[121.69008,25.05131],[121.68756,25.04671],[121.68557,25.04424],[121.68762,25.04121]]]}},{"type":"Feature","properties":{"VILLCODE":"65000020073","VILLNAME":"福安里","TOWNCODE":"65000020","TOWNNAME":"三重區","COUNTYNAME":"新北市"},"geometry":{"type":"Polygon","coordinates":[[[121.49258,25.06788],[121.49248,25.06808],[121.49147,25.06971],[121.49453,25.07091],[121.49561,25.06957],[121.49592,25.06889],[121.49258,25.06788]]]}},{"type":"Feature","properties":{"VILLCODE":"65000020077","VILLNAME":"六合里","TOWNCODE":"65000020","TOWNNAME":"三重區","COUNTYNAME":"新北市"},"geometry":{"type":"Polygon","coordinates":[[[121.48633,25.06808],[121.48506,25.06892],[121.48541,25.06923],[121.49075,25.07094],[121.49141,25.06985],[121.491,25.06931],[121.48633,25.06808]]]}},{"type":"Feature","properties":{"VILLCODE":"65000150012","VILLNAME":"貿商里","TOWNCODE":"65000150","TOWNNAME":"五股區","COUNTYNAME":"新北市"},"geometry":{"type":"Polygon","coordinates":[[[121.43226,25.07015],[121.43109,25.06886],[121.42926,25.06912],[121.42929,25.07063],[121.43166,25.07153],[121.43226,25.07015]]]}},{"type":"Feature","properties":{"VILLCODE":"65000020072","VILLNAME":"三安里","TOWNCODE":"65000020","TOWNNAME":"三重區","COUNTYNAME":"新北市"},"geometry":{"type":"Polygon","coordinates":[[[121.49605,25.06858],[121.49592,25.06889],[121.49561,25.06957],[121.49453,25.07091],[121.4951,25.07156],[121.49779,25.06985],[121.49861,25.06912],[121.49775,25.06892],[121.49605,25.06858]]]}},{"type":"Feature","properties":{"VILLCODE":"65000110001","VILLNAME":"義民里","TOWNCODE":"65000110","TOWNNAME":"汐止區","COUNTYNAME":"新北市"},"geometry":{"type":"Polygon","coordinates":[[[121.66088,25.06783],[121.65978,25.06696],[121.65877,25.06743],[121.65798,25.06962],[121.65896,25.07069],[121.66019,25.07041],[121.66177,25.07167],[121.66107,25.06945],[121.66028,25.06794],[121.66088,25.06783]]]}},{"type":"Feature","properties":{"VILLCODE":"65000020074","VILLNAME":"信安里","TOWNCODE":"65000020","TOWNNAME":"三重區","COUNTYNAME":"新北市"},"geometry":{"type":"Polygon","coordinates":[[[121.49147,25.06971],[121.49141,25.06985],[121.49075,25.07094],[121.49315,25.07175],[121.49453,25.07091],[121.49147,25.06971]]]}},{"type":"Feature","properties":{"VILLCODE":"65000170016","VILLNAME":"麗林里","TOWNCODE":"65000170","TOWNNAME":"林口區","COUNTYNAME":"新北市"},"geometry":{"type":"Polygon","coordinates":[[[121.36834,25.06525],[121.36818,25.06525],[121.36382,25.06497],[121.36379,25.06497],[121.36464,25.06743],[121.36603,25.0694],[121.36884,25.07184],[121.37124,25.06959],[121.36912,25.06774],[121.36856,25.06527],[121.36846,25.06525],[121.36834,25.06525]]]}},{"type":"Feature","properties":{"VILLCODE":"65000110036","VILLNAME":"康福里","TOWNCODE":"65000110","TOWNNAME":"汐止區","COUNTYNAME":"新北市"},"geometry":{"type":"Polygon","coordinates":[[[121.63847,25.06656],[121.63566,25.06898],[121.63841,25.07105],[121.64037,25.07184],[121.63992,25.07015],[121.63847,25.06656]]]}},{"type":"Feature","properties":{"VILLCODE":"65000020116","VILLNAME":"立德里","TOWNCODE":"65000020","TOWNNAME":"三重區","COUNTYNAME":"新北市"},"geometry":{"type":"Polygon","coordinates":[[[121.48506,25.06892],[121.48333,25.06926],[121.48563,25.07091],[121.48851,25.07203],[121.49002,25.07209],[121.49075,25.07094],[121.48541,25.06923],[121.48506,25.06892]]]}},{"type":"Feature","properties":{"VILLCODE":"65000110028","VILLNAME":"仁德里","TOWNCODE":"65000110","TOWNNAME":"汐止區","COUNTYNAME":"新北市"},"geometry":{"type":"Polygon","coordinates":[[[121.66363,25.06999],[121.66202,25.07021],[121.66107,25.06945],[121.66177,25.07167],[121.66262,25.07217],[121.66385,25.07192],[121.66347,25.07091],[121.66398,25.07032],[121.66363,25.06999]]]}},{"type":"Feature","properties":{"VILLCODE":"65000020071","VILLNAME":"奕壽里","TOWNCODE":"65000020","TOWNNAME":"三重區","COUNTYNAME":"新北市"},"geometry":{"type":"Polygon","coordinates":[[[121.50059,25.07055],[121.49779,25.06985],[121.4951,25.07156],[121.49627,25.07243],[121.49649,25.07187],[121.50053,25.07299],[121.50091,25.07262],[121.50107,25.07268],[121.5017,25.07083],[121.50059,25.07055]]]}},{"type":"Feature","properties":{"VILLCODE":"65000170017","VILLNAME":"麗園里","TOWNCODE":"65000170","TOWNNAME":"林口區","COUNTYNAME":"新北市"},"geometry":{"type":"Polygon","coordinates":[[[121.3774,25.06598],[121.3773,25.06598],[121.37443,25.06598],[121.36865,25.06527],[121.36856,25.06527],[121.36912,25.06774],[121.37124,25.06959],[121.3755,25.07282],[121.3768,25.07086],[121.3774,25.06598]]]}},{"type":"Feature","properties":{"VILLCODE":"65000150020","VILLNAME":"福德里","TOWNCODE":"65000150","TOWNNAME":"五股區","COUNTYNAME":"新北市"},"geometry":{"type":"MultiPolygon","coordinates":[[[[121.44485,25.07049],[121.43986,25.06914],[121.43579,25.06853],[121.43156,25.06836],[121.43109,25.06886],[121.43226,25.07015],[121.43336,25.0706],[121.4357,25.07069],[121.43573,25.07161],[121.43724,25.0722],[121.43885,25.07091],[121.44157,25.07203],[121.44173,25.07251],[121.44368,25.07285],[121.44485,25.07049]]],[[[121.42929,25.07063],[121.42926,25.06912],[121.42421,25.0692],[121.42364,25.06937],[121.41935,25.069],[121.41559,25.0706],[121.41471,25.07212],[121.41048,25.07554],[121.40827,25.07585],[121.40795,25.077],[121.40568,25.07638],[121.40495,25.07711],[121.40312,25.07604],[121.40208,25.07644],[121.40359,25.07717],[121.40375,25.07834],[121.40514,25.07935],[121.40508,25.08031],[121.40312,25.08039],[121.40331,25.0816],[121.40227,25.08308],[121.40265,25.08373],[121.40176,25.08454],[121.40337,25.08465],[121.40448,25.08353],[121.40707,25.0823],[121.40868,25.08045],[121.40937,25.08149],[121.40915,25.08258],[121.41104,25.08179],[121.41256,25.08062],[121.41338,25.07924],[121.41464,25.07893],[121.41562,25.07857],[121.41824,25.07832],[121.41991,25.07717],[121.42114,25.07731],[121.42367,25.07523],[121.42468,25.07523],[121.42556,25.07604],[121.4262,25.07523],[121.42673,25.07259],[121.42777,25.07052],[121.42929,25.07063]]]]}},{"type":"Feature","properties":{"VILLCODE":"65000020086","VILLNAME":"培德里","TOWNCODE":"65000020","TOWNNAME":"三重區","COUNTYNAME":"新北市"},"geometry":{"type":"Polygon","coordinates":[[[121.48203,25.06785],[121.48039,25.06878],[121.47806,25.06937],[121.47954,25.07024],[121.48241,25.07094],[121.48377,25.0713],[121.48576,25.07172],[121.48948,25.07296],[121.49002,25.07209],[121.48851,25.07203],[121.48563,25.07091],[121.48333,25.06926],[121.48203,25.06785]]]}},{"type":"Feature","properties":{"VILLCODE":"65000020092","VILLNAME":"永煇里","TOWNCODE":"65000020","TOWNNAME":"三重區","COUNTYNAME":"新北市"},"geometry":{"type":"Polygon","coordinates":[[[121.48377,25.0713],[121.48241,25.07094],[121.48184,25.07299],[121.4844,25.07316],[121.48377,25.0713]]]}},{"type":"Feature","properties":{"VILLCODE":"65000160001","VILLNAME":"大科里","TOWNCODE":"65000160","TOWNNAME":"泰山區","COUNTYNAME":"新北市"},"geometry":{"type":"Polygon","coordinates":[[[121.38447,25.05254],[121.38519,25.0529],[121.38525,25.05293],[121.38728,25.05467],[121.38728,25.05549],[121.3857,25.05689],[121.38579,25.05815],[121.38863,25.05697],[121.38844,25.05815],[121.38967,25.0591],[121.38769,25.05964],[121.38895,25.0607],[121.39094,25.06081],[121.39109,25.06152],[121.38829,25.06149],[121.38835,25.06295],[121.38709,25.06261],[121.38617,25.06325],[121.38342,25.06281],[121.38213,25.06429],[121.38014,25.06516],[121.37989,25.06609],[121.38273,25.06614],[121.38289,25.06898],[121.38235,25.07004],[121.38103,25.07013],[121.38068,25.07074],[121.37891,25.071],[121.37736,25.07189],[121.37743,25.07276],[121.37837,25.07203],[121.38172,25.0717],[121.38437,25.07147],[121.38538,25.06999],[121.38589,25.07074],[121.3857,25.07212],[121.38626,25.07285],[121.38784,25.07276],[121.38696,25.0722],[121.38765,25.06999],[121.38879,25.06898],[121.38829,25.06799],[121.38993,25.06808],[121.39005,25.06957],[121.39119,25.06923],[121.39192,25.07024],[121.39409,25.07198],[121.39523,25.07243],[121.39599,25.07307],[121.39709,25.0724],[121.39697,25.07069],[121.39548,25.06864],[121.39656,25.06766],[121.39482,25.0667],[121.39731,25.06567],[121.40006,25.06539],[121.40066,25.0646],[121.40022,25.06311],[121.40287,25.06359],[121.4035,25.06432],[121.40372,25.06258],[121.40558,25.06331],[121.40546,25.06429],[121.40836,25.06477],[121.41098,25.06398],[121.413,25.06544],[121.41549,25.06522],[121.41903,25.06247],[121.41912,25.06037],[121.4184,25.05728],[121.41704,25.0545],[121.41641,25.05408],[121.4172,25.05248],[121.41988,25.05131],[121.4201,25.0506],[121.42118,25.05108],[121.42162,25.05055],[121.41998,25.04974],[121.41868,25.05032],[121.41739,25.04945],[121.41587,25.04957],[121.41537,25.04895],[121.41609,25.04735],[121.41471,25.04668],[121.41401,25.04547],[121.41439,25.0446],[121.4131,25.04477],[121.413,25.04362],[121.41164,25.04303],[121.41183,25.04199],[121.41013,25.04188],[121.41048,25.04261],[121.40909,25.04415],[121.40303,25.04547],[121.40258,25.0457],[121.40044,25.04508],[121.40028,25.045],[121.39804,25.04673],[121.39943,25.04783],[121.39602,25.04856],[121.39441,25.04752],[121.39431,25.04954],[121.39469,25.05038],[121.39526,25.04957],[121.39662,25.04962],[121.39854,25.04847],[121.39832,25.04976],[121.39747,25.05041],[121.39807,25.05111],[121.39974,25.04937],[121.40031,25.0496],[121.40019,25.05097],[121.40072,25.05139],[121.39744,25.05153],[121.39646,25.0524],[121.39435,25.05307],[121.39296,25.05397],[121.39103,25.05358],[121.39261,25.05506],[121.39075,25.05417],[121.39087,25.05338],[121.38989,25.05282],[121.38933,25.05347],[121.3862,25.05257],[121.38447,25.05254]]]}},{"type":"Feature","properties":{"VILLCODE":"65000020001","VILLNAME":"大有里","TOWNCODE":"65000020","TOWNNAME":"三重區","COUNTYNAME":"新北市"},"geometry":{"type":"Polygon","coordinates":[[[121.47793,25.06912],[121.47313,25.06833],[121.47092,25.06833],[121.47092,25.06937],[121.46979,25.06934],[121.46966,25.0724],[121.47077,25.07226],[121.47102,25.07346],[121.47376,25.07271],[121.47405,25.07189],[121.47806,25.06937],[121.47793,25.06912]]]}},{"type":"Feature","properties":{"VILLCODE":"65000110020","VILLNAME":"北山里","TOWNCODE":"65000110","TOWNNAME":"汐止區","COUNTYNAME":"新北市"},"geometry":{"type":"Polygon","coordinates":[[[121.62758,25.06701],[121.61795,25.06628],[121.61761,25.0676],[121.61767,25.06763],[121.6177,25.06763],[121.61849,25.0676],[121.62146,25.06957],[121.62127,25.07184],[121.62064,25.07282],[121.62061,25.0729],[121.62225,25.07234],[121.62484,25.07349],[121.62563,25.07027],[121.62758,25.06701]]]}},{"type":"Feature","properties":{"VILLCODE":"65000110048","VILLNAME":"城中里","TOWNCODE":"65000110","TOWNNAME":"汐止區","COUNTYNAME":"新北市"},"geometry":{"type":"Polygon","coordinates":[[[121.66177,25.07167],[121.66019,25.07041],[121.65896,25.07069],[121.65956,25.07358],[121.66262,25.07318],[121.66543,25.07231],[121.66398,25.07032],[121.66347,25.07091],[121.66385,25.07192],[121.66262,25.07217],[121.66177,25.07167]]]}},{"type":"Feature","properties":{"VILLCODE":"65000020069","VILLNAME":"龍門里","TOWNCODE":"65000020","TOWNNAME":"三重區","COUNTYNAME":"新北市"},"geometry":{"type":"Polygon","coordinates":[[[121.50053,25.07299],[121.49649,25.07187],[121.49627,25.07243],[121.49614,25.07262],[121.49839,25.07324],[121.49996,25.07369],[121.50028,25.07363],[121.50053,25.07299]]]}},{"type":"Feature","properties":{"VILLCODE":"65000250005","VILLNAME":"三港里","TOWNCODE":"65000250","TOWNNAME":"雙溪區","COUNTYNAME":"新北市"},"geometry":{"type":"Polygon","coordinates":[[[121.88875,25.04934],[121.88471,25.04881],[121.88373,25.048],[121.88146,25.04744],[121.87856,25.04836],[121.87505,25.04657],[121.87133,25.04525],[121.86956,25.04724],[121.86738,25.04915],[121.86697,25.05038],[121.86925,25.05229],[121.8695,25.05403],[121.87086,25.05574],[121.87045,25.05689],[121.86713,25.06101],[121.86675,25.06485],[121.86694,25.06544],[121.86874,25.06648],[121.86981,25.06819],[121.86937,25.07091],[121.87202,25.07046],[121.87663,25.07083],[121.87859,25.07372],[121.87995,25.07243],[121.88231,25.07237],[121.88307,25.0715],[121.88314,25.06968],[121.88383,25.06909],[121.88566,25.06595],[121.88579,25.06513],[121.88708,25.06362],[121.88743,25.06146],[121.8879,25.06062],[121.88784,25.05787],[121.88904,25.05635],[121.8892,25.05481],[121.8904,25.05377],[121.89027,25.05257],[121.88885,25.05094],[121.88875,25.04934]]]}},{"type":"Feature","properties":{"VILLCODE":"65000020113","VILLNAME":"永發里","TOWNCODE":"65000020","TOWNNAME":"三重區","COUNTYNAME":"新北市"},"geometry":{"type":"Polygon","coordinates":[[[121.48241,25.07094],[121.47954,25.07024],[121.47806,25.06937],[121.47405,25.07189],[121.47376,25.07271],[121.47534,25.07321],[121.47575,25.07414],[121.47607,25.07405],[121.4778,25.07363],[121.48184,25.07335],[121.48184,25.07299],[121.48241,25.07094]]]}},{"type":"Feature","properties":{"VILLCODE":"65000020083","VILLNAME":"厚德里","TOWNCODE":"65000020","TOWNNAME":"三重區","COUNTYNAME":"新北市"},"geometry":{"type":"Polygon","coordinates":[[[121.49002,25.07209],[121.48948,25.07296],[121.48914,25.07346],[121.49119,25.07414],[121.49352,25.07265],[121.49109,25.07195],[121.49002,25.07209]]]}},{"type":"Feature","properties":{"VILLCODE":"65000020068","VILLNAME":"龍濱里","TOWNCODE":"65000020","TOWNNAME":"三重區","COUNTYNAME":"新北市"},"geometry":{"type":"Polygon","coordinates":[[[121.50107,25.07268],[121.50091,25.07262],[121.50053,25.07299],[121.50028,25.07363],[121.5028,25.07439],[121.50369,25.07147],[121.50198,25.07102],[121.50107,25.07268]]]}},{"type":"Feature","properties":{"VILLCODE":"65000170009","VILLNAME":"東勢里","TOWNCODE":"65000170","TOWNNAME":"林口區","COUNTYNAME":"新北市"},"geometry":{"type":"Polygon","coordinates":[[[121.38014,25.06516],[121.38011,25.06519],[121.37743,25.06595],[121.3774,25.06598],[121.3768,25.07086],[121.3755,25.07282],[121.37758,25.07442],[121.37926,25.07372],[121.38153,25.07405],[121.38172,25.0717],[121.37837,25.07203],[121.37743,25.07276],[121.37736,25.07189],[121.37891,25.071],[121.38068,25.07074],[121.38103,25.07013],[121.38235,25.07004],[121.38289,25.06898],[121.38273,25.06614],[121.37989,25.06609],[121.38014,25.06516]]]}},{"type":"Feature","properties":{"VILLCODE":"65000020087","VILLNAME":"永德里","TOWNCODE":"65000020","TOWNNAME":"三重區","COUNTYNAME":"新北市"},"geometry":{"type":"Polygon","coordinates":[[[121.48948,25.07296],[121.48576,25.07172],[121.48377,25.0713],[121.4844,25.07316],[121.4844,25.07349],[121.48996,25.07475],[121.49119,25.07414],[121.48914,25.07346],[121.48948,25.07296]]]}},{"type":"Feature","properties":{"VILLCODE":"65000110042","VILLNAME":"崇德里","TOWNCODE":"65000110","TOWNNAME":"汐止區","COUNTYNAME":"新北市"},"geometry":{"type":"Polygon","coordinates":[[[121.67364,25.05549],[121.673,25.05649],[121.66758,25.06502],[121.66606,25.06724],[121.66543,25.07001],[121.6665,25.07072],[121.66735,25.07484],[121.66846,25.07285],[121.6725,25.07072],[121.67253,25.06982],[121.67146,25.0687],[121.67136,25.06752],[121.67038,25.06651],[121.67051,25.06365],[121.67146,25.06177],[121.67278,25.06258],[121.6743,25.06048],[121.67436,25.05815],[121.67364,25.05549]]]}},{"type":"Feature","properties":{"VILLCODE":"65000110019","VILLNAME":"北峰里","TOWNCODE":"65000110","TOWNNAME":"汐止區","COUNTYNAME":"新北市"},"geometry":{"type":"Polygon","coordinates":[[[121.63162,25.06743],[121.62758,25.06701],[121.62563,25.07027],[121.62484,25.07349],[121.62455,25.07492],[121.62566,25.07498],[121.62613,25.0738],[121.62749,25.07206],[121.62907,25.07212],[121.62894,25.071],[121.63017,25.06937],[121.63143,25.06892],[121.63162,25.06743]]]}},{"type":"Feature","properties":{"VILLCODE":"65000020085","VILLNAME":"尚德里","TOWNCODE":"65000020","TOWNNAME":"三重區","COUNTYNAME":"新北市"},"geometry":{"type":"Polygon","coordinates":[[[121.4951,25.07156],[121.49453,25.07091],[121.49315,25.07175],[121.49075,25.07094],[121.49002,25.07209],[121.49109,25.07195],[121.49352,25.07265],[121.49441,25.07439],[121.49488,25.07526],[121.49614,25.07262],[121.49627,25.07243],[121.4951,25.07156]]]}},{"type":"Feature","properties":{"VILLCODE":"65000110033","VILLNAME":"金龍里","TOWNCODE":"65000110","TOWNNAME":"汐止區","COUNTYNAME":"新北市"},"geometry":{"type":"Polygon","coordinates":[[[121.63273,25.06771],[121.63162,25.06743],[121.63143,25.06892],[121.63017,25.06937],[121.62894,25.071],[121.62907,25.07212],[121.62749,25.07206],[121.62613,25.0738],[121.62566,25.07498],[121.62752,25.07551],[121.629,25.074],[121.63001,25.07229],[121.63143,25.07139],[121.63333,25.06791],[121.63273,25.06771]]]}},{"type":"Feature","properties":{"VILLCODE":"65000110040","VILLNAME":"山光里","TOWNCODE":"65000110","TOWNNAME":"汐止區","COUNTYNAME":"新北市"},"geometry":{"type":"Polygon","coordinates":[[[121.64775,25.06926],[121.64463,25.06914],[121.6428,25.06909],[121.64264,25.06802],[121.64198,25.06926],[121.63992,25.07015],[121.64037,25.07184],[121.64056,25.07327],[121.64116,25.07431],[121.64314,25.07506],[121.64561,25.07543],[121.64848,25.07554],[121.64946,25.07548],[121.65018,25.0745],[121.64971,25.07254],[121.64775,25.06926]]]}},{"type":"Feature","properties":{"VILLCODE":"65000020115","VILLNAME":"永豐里","TOWNCODE":"65000020","TOWNNAME":"三重區","COUNTYNAME":"新北市"},"geometry":{"type":"Polygon","coordinates":[[[121.48184,25.07335],[121.4778,25.07363],[121.47607,25.07405],[121.47736,25.07481],[121.47913,25.07506],[121.48244,25.07576],[121.48184,25.07335]]]}},{"type":"Feature","properties":{"VILLCODE":"65000020084","VILLNAME":"維德里","TOWNCODE":"65000020","TOWNNAME":"三重區","COUNTYNAME":"新北市"},"geometry":{"type":"Polygon","coordinates":[[[121.49352,25.07265],[121.49119,25.07414],[121.48996,25.07475],[121.49141,25.07512],[121.49434,25.07579],[121.49441,25.07439],[121.49352,25.07265]]]}},{"type":"Feature","properties":{"VILLCODE":"65000110011","VILLNAME":"保安里","TOWNCODE":"65000110","TOWNNAME":"汐止區","COUNTYNAME":"新北市"},"geometry":{"type":"Polygon","coordinates":[[[121.68497,25.06412],[121.6725,25.07072],[121.66846,25.07285],[121.6702,25.07442],[121.67461,25.07585],[121.67528,25.07475],[121.67755,25.07442],[121.68011,25.07456],[121.68295,25.07189],[121.68588,25.07007],[121.68787,25.06847],[121.68863,25.06746],[121.68803,25.06626],[121.68645,25.06547],[121.68497,25.06412]]]}},{"type":"Feature","properties":{"VILLCODE":"65000020112","VILLNAME":"永吉里","TOWNCODE":"65000020","TOWNNAME":"三重區","COUNTYNAME":"新北市"},"geometry":{"type":"Polygon","coordinates":[[[121.48996,25.07475],[121.4844,25.07349],[121.48434,25.07489],[121.48784,25.07604],[121.48996,25.07475]]]}},{"type":"Feature","properties":{"VILLCODE":"65000020091","VILLNAME":"永安里","TOWNCODE":"65000020","TOWNNAME":"三重區","COUNTYNAME":"新北市"},"geometry":{"type":"Polygon","coordinates":[[[121.4844,25.07316],[121.48184,25.07299],[121.48184,25.07335],[121.48244,25.07576],[121.48336,25.07596],[121.48399,25.07616],[121.48434,25.07489],[121.4844,25.07349],[121.4844,25.07316]]]}},{"type":"Feature","properties":{"VILLCODE":"65000150019","VILLNAME":"水碓里","TOWNCODE":"65000150","TOWNNAME":"五股區","COUNTYNAME":"新北市"},"geometry":{"type":"Polygon","coordinates":[[[121.43226,25.07015],[121.43166,25.07153],[121.42929,25.07063],[121.42777,25.07052],[121.42673,25.07259],[121.42711,25.07402],[121.42948,25.07596],[121.43036,25.07621],[121.43017,25.074],[121.43327,25.07366],[121.43314,25.07456],[121.44116,25.07506],[121.44346,25.07607],[121.44381,25.0754],[121.44368,25.07285],[121.44173,25.07251],[121.44157,25.07203],[121.43885,25.07091],[121.43724,25.0722],[121.43573,25.07161],[121.4357,25.07069],[121.43336,25.0706],[121.43226,25.07015]]]}},{"type":"Feature","properties":{"VILLCODE":"65000260008","VILLNAME":"真理里","TOWNCODE":"65000260","TOWNNAME":"貢寮區","COUNTYNAME":"新北市"},"geometry":{"type":"Polygon","coordinates":[[[121.93058,25.05299],[121.92629,25.05372],[121.92439,25.05327],[121.92111,25.054],[121.92032,25.05515],[121.91817,25.05512],[121.9171,25.05557],[121.9194,25.05764],[121.92,25.05879],[121.91912,25.06205],[121.91792,25.06247],[121.91555,25.06261],[121.91432,25.06424],[121.91372,25.066],[121.91249,25.06696],[121.91091,25.06928],[121.91262,25.07049],[121.91467,25.07086],[121.91495,25.07237],[121.91666,25.07596],[121.91988,25.0763],[121.92079,25.07531],[121.9225,25.07439],[121.9255,25.07203],[121.92673,25.07178],[121.92846,25.07086],[121.92815,25.06881],[121.93017,25.06628],[121.93171,25.06311],[121.93124,25.06286],[121.93175,25.06098],[121.9307,25.06107],[121.93077,25.05986],[121.92774,25.05936],[121.92597,25.05938],[121.92546,25.05784],[121.92562,25.05678],[121.92742,25.05658],[121.93111,25.05697],[121.93067,25.05602],[121.93156,25.05411],[121.93058,25.05299]]]}},{"type":"Feature","properties":{"VILLCODE":"65000020082","VILLNAME":"崇德里","TOWNCODE":"65000020","TOWNNAME":"三重區","COUNTYNAME":"新北市"},"geometry":{"type":"Polygon","coordinates":[[[121.49839,25.07324],[121.49614,25.07262],[121.49488,25.07526],[121.49441,25.07439],[121.49434,25.07579],[121.49725,25.07646],[121.49839,25.07324]]]}},{"type":"Feature","properties":{"VILLCODE":"65000110005","VILLNAME":"橋東里","TOWNCODE":"65000110","TOWNNAME":"汐止區","COUNTYNAME":"新北市"},"geometry":{"type":"Polygon","coordinates":[[[121.66543,25.07001],[121.66398,25.07032],[121.66543,25.07231],[121.66543,25.07495],[121.66619,25.07666],[121.66735,25.07484],[121.6665,25.07072],[121.66543,25.07001]]]}},{"type":"Feature","properties":{"VILLCODE":"65000160002","VILLNAME":"黎明里","TOWNCODE":"65000160","TOWNNAME":"泰山區","COUNTYNAME":"新北市"},"geometry":{"type":"Polygon","coordinates":[[[121.42477,25.06121],[121.42114,25.06168],[121.42036,25.06121],[121.41903,25.06247],[121.41549,25.06522],[121.413,25.06544],[121.41098,25.06398],[121.40836,25.06477],[121.40546,25.06429],[121.40565,25.06463],[121.40281,25.06662],[121.40293,25.06805],[121.40413,25.06788],[121.40618,25.06878],[121.40593,25.07018],[121.404,25.0701],[121.40306,25.07052],[121.40154,25.07209],[121.40202,25.07013],[121.4006,25.06973],[121.39911,25.06805],[121.39842,25.06822],[121.39918,25.06906],[121.39936,25.07116],[121.39899,25.07285],[121.39936,25.0747],[121.3982,25.07613],[121.39829,25.07663],[121.40151,25.07515],[121.40492,25.07517],[121.40621,25.07588],[121.40827,25.07585],[121.41048,25.07554],[121.41471,25.07212],[121.41559,25.0706],[121.41935,25.069],[121.42364,25.06937],[121.42421,25.0692],[121.42926,25.06912],[121.43109,25.06886],[121.43156,25.06836],[121.43194,25.06612],[121.43109,25.066],[121.42929,25.06569],[121.42768,25.06631],[121.42588,25.06614],[121.4243,25.06511],[121.42389,25.06387],[121.42477,25.06121]]]}},{"type":"Feature","properties":{"VILLCODE":"65000170015","VILLNAME":"仁愛里","TOWNCODE":"65000170","TOWNNAME":"林口區","COUNTYNAME":"新北市"},"geometry":{"type":"Polygon","coordinates":[[[121.37124,25.06959],[121.36884,25.07184],[121.37452,25.07677],[121.37758,25.07442],[121.3755,25.07282],[121.37124,25.06959]]]}},{"type":"Feature","properties":{"VILLCODE":"65000020081","VILLNAME":"瑞德里","TOWNCODE":"65000020","TOWNNAME":"三重區","COUNTYNAME":"新北市"},"geometry":{"type":"Polygon","coordinates":[[[121.49996,25.07369],[121.49839,25.07324],[121.49725,25.07646],[121.49857,25.07677],[121.49946,25.07498],[121.49996,25.07369]]]}},{"type":"Feature","properties":{"VILLCODE":"65000110050","VILLNAME":"保新里","TOWNCODE":"65000110","TOWNNAME":"汐止區","COUNTYNAME":"新北市"},"geometry":{"type":"Polygon","coordinates":[[[121.69977,25.06735],[121.70006,25.06735],[121.69643,25.06598],[121.6934,25.06628],[121.69179,25.06575],[121.69229,25.06244],[121.69037,25.06121],[121.68727,25.05922],[121.68484,25.06039],[121.68456,25.06348],[121.68497,25.06412],[121.68645,25.06547],[121.68803,25.06626],[121.68863,25.06746],[121.68787,25.06847],[121.68588,25.07007],[121.68295,25.07189],[121.68011,25.07456],[121.68112,25.07708],[121.6815,25.07705],[121.68386,25.07487],[121.68879,25.07164],[121.68882,25.07161],[121.68888,25.07161],[121.69008,25.07175],[121.69163,25.07046],[121.69494,25.07001],[121.69649,25.07007],[121.69879,25.06799],[121.69889,25.06794],[121.69892,25.06788],[121.69977,25.06735]]]}},{"type":"Feature","properties":{"VILLCODE":"65000020114","VILLNAME":"永順里","TOWNCODE":"65000020","TOWNNAME":"三重區","COUNTYNAME":"新北市"},"geometry":{"type":"Polygon","coordinates":[[[121.47607,25.07405],[121.47575,25.07414],[121.47601,25.07464],[121.47714,25.07733],[121.47888,25.07677],[121.47913,25.07506],[121.47736,25.07481],[121.47607,25.07405]]]}},{"type":"Feature","properties":{"VILLCODE":"65000240012","VILLNAME":"新寮里","TOWNCODE":"65000240","TOWNNAME":"平溪區","COUNTYNAME":"新北市"},"geometry":{"type":"Polygon","coordinates":[[[121.78519,25.04867],[121.78374,25.04931],[121.78377,25.05004],[121.78279,25.05131],[121.78093,25.05139],[121.77831,25.04999],[121.77689,25.05013],[121.77679,25.0492],[121.77502,25.04847],[121.77329,25.04887],[121.77019,25.04895],[121.76549,25.04847],[121.76274,25.05459],[121.76252,25.05694],[121.76256,25.05694],[121.76404,25.05745],[121.76483,25.05955],[121.7659,25.05997],[121.76735,25.06182],[121.77,25.06348],[121.77174,25.0632],[121.77218,25.06382],[121.77307,25.06684],[121.77569,25.07004],[121.77815,25.07125],[121.78083,25.07114],[121.78146,25.07195],[121.78317,25.07268],[121.78462,25.07254],[121.78683,25.07433],[121.78759,25.07447],[121.78954,25.07604],[121.79482,25.07736],[121.7957,25.07717],[121.79788,25.0759],[121.80024,25.07318],[121.80167,25.07049],[121.80375,25.06757],[121.8047,25.06732],[121.80567,25.0662],[121.80564,25.06505],[121.80454,25.06362],[121.80507,25.06205],[121.80501,25.06048],[121.8058,25.05863],[121.80678,25.05807],[121.80829,25.0591],[121.81003,25.05969],[121.81214,25.05936],[121.81388,25.05837],[121.81035,25.05666],[121.80782,25.05487],[121.80681,25.05481],[121.80466,25.05546],[121.80299,25.05462],[121.7998,25.05125],[121.79822,25.05049],[121.79567,25.05094],[121.79377,25.05195],[121.79175,25.05164],[121.78948,25.04962],[121.78519,25.04867]]]}},{"type":"Feature","properties":{"VILLCODE":"65000020079","VILLNAME":"順德里","TOWNCODE":"65000020","TOWNNAME":"三重區","COUNTYNAME":"新北市"},"geometry":{"type":"Polygon","coordinates":[[[121.49946,25.07498],[121.49857,25.07677],[121.50148,25.07736],[121.50214,25.07571],[121.49946,25.07498]]]}},{"type":"Feature","properties":{"VILLCODE":"65000020080","VILLNAME":"承德里","TOWNCODE":"65000020","TOWNNAME":"三重區","COUNTYNAME":"新北市"},"geometry":{"type":"Polygon","coordinates":[[[121.50028,25.07363],[121.49996,25.07369],[121.49946,25.07498],[121.50214,25.07571],[121.50148,25.07736],[121.50176,25.07742],[121.5028,25.07439],[121.50028,25.07363]]]}},{"type":"Feature","properties":{"VILLCODE":"65000110047","VILLNAME":"建成里","TOWNCODE":"65000110","TOWNNAME":"汐止區","COUNTYNAME":"新北市"},"geometry":{"type":"Polygon","coordinates":[[[121.66543,25.07231],[121.66262,25.07318],[121.65956,25.07358],[121.66044,25.07562],[121.66123,25.07616],[121.66322,25.07646],[121.66568,25.07745],[121.66619,25.07666],[121.66543,25.07495],[121.66543,25.07231]]]}},{"type":"Feature","properties":{"VILLCODE":"65000150001","VILLNAME":"興珍里","TOWNCODE":"65000150","TOWNNAME":"五股區","COUNTYNAME":"新北市"},"geometry":{"type":"Polygon","coordinates":[[[121.45082,25.06115],[121.45022,25.06081],[121.44804,25.06264],[121.44835,25.06325],[121.44586,25.06407],[121.44564,25.06466],[121.44517,25.06926],[121.44494,25.07024],[121.44618,25.07015],[121.45473,25.07268],[121.45842,25.07262],[121.46171,25.07296],[121.46369,25.07156],[121.46404,25.07268],[121.46351,25.07369],[121.46344,25.07531],[121.46461,25.0779],[121.4684,25.07624],[121.46953,25.07602],[121.47102,25.07346],[121.47077,25.07226],[121.46966,25.0724],[121.46979,25.06934],[121.46979,25.06858],[121.46818,25.06788],[121.46685,25.06659],[121.46584,25.06665],[121.46562,25.06558],[121.46556,25.06555],[121.46458,25.06771],[121.46278,25.0687],[121.46139,25.06875],[121.46003,25.06828],[121.45836,25.06727],[121.4535,25.06533],[121.45353,25.063],[121.45189,25.06238],[121.45082,25.06115]]]}},{"type":"Feature","properties":{"VILLCODE":"65000020089","VILLNAME":"永福里","TOWNCODE":"65000020","TOWNNAME":"三重區","COUNTYNAME":"新北市"},"geometry":{"type":"Polygon","coordinates":[[[121.48244,25.07576],[121.47913,25.07506],[121.47888,25.07677],[121.47982,25.0777],[121.48213,25.07829],[121.48361,25.07753],[121.48336,25.07596],[121.48244,25.07576]]]}},{"type":"Feature","properties":{"VILLCODE":"65000020088","VILLNAME":"永盛里","TOWNCODE":"65000020","TOWNNAME":"三重區","COUNTYNAME":"新北市"},"geometry":{"type":"Polygon","coordinates":[[[121.48784,25.07604],[121.48434,25.07489],[121.48399,25.07616],[121.48336,25.07596],[121.48361,25.07753],[121.48336,25.07854],[121.48349,25.07848],[121.48513,25.07753],[121.48784,25.07604]]]}},{"type":"Feature","properties":{"VILLCODE":"65000170002","VILLNAME":"林口里","TOWNCODE":"65000170","TOWNNAME":"林口區","COUNTYNAME":"新北市"},"geometry":{"type":"Polygon","coordinates":[[[121.40546,25.06429],[121.40558,25.06331],[121.40372,25.06258],[121.4035,25.06432],[121.40287,25.06359],[121.40022,25.06311],[121.40066,25.0646],[121.40006,25.06539],[121.39731,25.06567],[121.39482,25.0667],[121.39656,25.06766],[121.39548,25.06864],[121.39697,25.07069],[121.39709,25.0724],[121.39599,25.07307],[121.39523,25.07243],[121.39419,25.0736],[121.39327,25.07363],[121.39173,25.07543],[121.39021,25.07599],[121.39062,25.07764],[121.39188,25.07747],[121.39065,25.07871],[121.3957,25.07834],[121.39703,25.07801],[121.39829,25.07663],[121.3982,25.07613],[121.39936,25.0747],[121.39899,25.07285],[121.39936,25.07116],[121.39918,25.06906],[121.39842,25.06822],[121.39911,25.06805],[121.4006,25.06973],[121.40202,25.07013],[121.40154,25.07209],[121.40306,25.07052],[121.404,25.0701],[121.40593,25.07018],[121.40618,25.06878],[121.40413,25.06788],[121.40293,25.06805],[121.40281,25.06662],[121.40565,25.06463],[121.40546,25.06429]]]}},{"type":"Feature","properties":{"VILLCODE":"65000020094","VILLNAME":"福隆里","TOWNCODE":"65000020","TOWNNAME":"三重區","COUNTYNAME":"新北市"},"geometry":{"type":"Polygon","coordinates":[[[121.49141,25.07512],[121.48996,25.07475],[121.48784,25.07604],[121.48513,25.07753],[121.48955,25.07893],[121.49097,25.07705],[121.49141,25.07512]]]}},{"type":"Feature","properties":{"VILLCODE":"65000110049","VILLNAME":"湖蓮里","TOWNCODE":"65000110","TOWNNAME":"汐止區","COUNTYNAME":"新北市"},"geometry":{"type":"Polygon","coordinates":[[[121.63001,25.07229],[121.629,25.074],[121.62976,25.07529],[121.62941,25.0775],[121.63011,25.07848],[121.63093,25.07935],[121.63197,25.07919],[121.63459,25.07593],[121.63475,25.07481],[121.6332,25.07346],[121.63023,25.07293],[121.63146,25.07217],[121.63001,25.07229]]]}},{"type":"Feature","properties":{"VILLCODE":"65000170003","VILLNAME":"西林里","TOWNCODE":"65000170","TOWNNAME":"林口區","COUNTYNAME":"新北市"},"geometry":{"type":"Polygon","coordinates":[[[121.39523,25.07243],[121.39409,25.07198],[121.39192,25.07024],[121.39119,25.06923],[121.39005,25.06957],[121.38993,25.06808],[121.38829,25.06799],[121.38879,25.06898],[121.38765,25.06999],[121.38696,25.0722],[121.38784,25.07276],[121.38626,25.07285],[121.3857,25.07212],[121.38589,25.07074],[121.38538,25.06999],[121.38437,25.07147],[121.38172,25.0717],[121.38153,25.07405],[121.37926,25.07372],[121.37758,25.07442],[121.38043,25.07717],[121.38099,25.0768],[121.3832,25.0775],[121.38462,25.07764],[121.38548,25.07947],[121.39065,25.07871],[121.39188,25.07747],[121.39062,25.07764],[121.39021,25.07599],[121.39173,25.07543],[121.39327,25.07363],[121.39419,25.0736],[121.39523,25.07243]]]}},{"type":"Feature","properties":{"VILLCODE":"65000140032","VILLNAME":"民和里","TOWNCODE":"65000140","TOWNNAME":"蘆洲區","COUNTYNAME":"新北市"},"geometry":{"type":"Polygon","coordinates":[[[121.47714,25.07733],[121.47601,25.07464],[121.47462,25.07498],[121.47414,25.07719],[121.47335,25.07907],[121.47563,25.07975],[121.47739,25.07742],[121.47714,25.07733]]]}},{"type":"Feature","properties":{"VILLCODE":"65000140035","VILLNAME":"永安里","TOWNCODE":"65000140","TOWNNAME":"蘆洲區","COUNTYNAME":"新北市"},"geometry":{"type":"Polygon","coordinates":[[[121.4684,25.07624],[121.46461,25.0779],[121.46382,25.07778],[121.46477,25.07876],[121.46587,25.07994],[121.46688,25.07899],[121.46919,25.07854],[121.4684,25.07624]]]}},{"type":"Feature","properties":{"VILLCODE":"65000020117","VILLNAME":"福樂里","TOWNCODE":"65000020","TOWNNAME":"三重區","COUNTYNAME":"新北市"},"geometry":{"type":"Polygon","coordinates":[[[121.48513,25.07753],[121.48349,25.07848],[121.48898,25.08011],[121.48955,25.07893],[121.48513,25.07753]]]}},{"type":"Feature","properties":{"VILLCODE":"65000020090","VILLNAME":"永清里","TOWNCODE":"65000020","TOWNNAME":"三重區","COUNTYNAME":"新北市"},"geometry":{"type":"Polygon","coordinates":[[[121.47888,25.07677],[121.47714,25.07733],[121.47739,25.07742],[121.47888,25.07812],[121.48065,25.08011],[121.4809,25.07994],[121.48197,25.07933],[121.4832,25.07862],[121.48336,25.07854],[121.48361,25.07753],[121.48213,25.07829],[121.47982,25.0777],[121.47888,25.07677]]]}},{"type":"Feature","properties":{"VILLCODE":"65000140026","VILLNAME":"得仁里","TOWNCODE":"65000140","TOWNNAME":"蘆洲區","COUNTYNAME":"新北市"},"geometry":{"type":"Polygon","coordinates":[[[121.47376,25.07271],[121.47102,25.07346],[121.46953,25.07602],[121.4684,25.07624],[121.46919,25.07854],[121.46966,25.07958],[121.47196,25.07963],[121.47266,25.08017],[121.47335,25.07907],[121.47414,25.07719],[121.47462,25.07498],[121.47601,25.07464],[121.47575,25.07414],[121.47534,25.07321],[121.47376,25.07271]]]}},{"type":"Feature","properties":{"VILLCODE":"65000140036","VILLNAME":"延平里","TOWNCODE":"65000140","TOWNNAME":"蘆洲區","COUNTYNAME":"新北市"},"geometry":{"type":"Polygon","coordinates":[[[121.46477,25.07876],[121.46382,25.07778],[121.46073,25.0791],[121.46205,25.0805],[121.46477,25.07876]]]}},{"type":"Feature","properties":{"VILLCODE":"65000110014","VILLNAME":"江北里","TOWNCODE":"65000110","TOWNNAME":"汐止區","COUNTYNAME":"新北市"},"geometry":{"type":"Polygon","coordinates":[[[121.65577,25.0687],[121.65366,25.06811],[121.65186,25.06856],[121.64816,25.06836],[121.64775,25.06926],[121.64971,25.07254],[121.65018,25.0745],[121.64946,25.07548],[121.64848,25.07554],[121.64775,25.07947],[121.65495,25.08036],[121.65912,25.08087],[121.65956,25.07787],[121.66044,25.07562],[121.65956,25.07358],[121.65896,25.07069],[121.65798,25.06962],[121.65577,25.0687]]]}},{"type":"Feature","properties":{"VILLCODE":"65000020093","VILLNAME":"溪美里","TOWNCODE":"65000020","TOWNNAME":"三重區","COUNTYNAME":"新北市"},"geometry":{"type":"Polygon","coordinates":[[[121.49434,25.07579],[121.49141,25.07512],[121.49097,25.07705],[121.48955,25.07893],[121.48898,25.08011],[121.49135,25.08109],[121.49198,25.08028],[121.49248,25.07921],[121.49286,25.07874],[121.49425,25.07686],[121.49434,25.07579]]]}},{"type":"Feature","properties":{"VILLCODE":"65000020099","VILLNAME":"慈生里","TOWNCODE":"65000020","TOWNNAME":"三重區","COUNTYNAME":"新北市"},"geometry":{"type":"Polygon","coordinates":[[[121.48336,25.07854],[121.4832,25.07862],[121.48197,25.07933],[121.48579,25.08036],[121.48822,25.08112],[121.48876,25.08042],[121.48898,25.08011],[121.48349,25.07848],[121.48336,25.07854]]]}},{"type":"Feature","properties":{"VILLCODE":"65000110010","VILLNAME":"長安里","TOWNCODE":"65000110","TOWNNAME":"汐止區","COUNTYNAME":"新北市"},"geometry":{"type":"Polygon","coordinates":[[[121.66846,25.07285],[121.66735,25.07484],[121.66619,25.07666],[121.66568,25.07745],[121.66925,25.08006],[121.67032,25.08123],[121.67357,25.07832],[121.67461,25.07585],[121.6702,25.07442],[121.66846,25.07285]]]}},{"type":"Feature","properties":{"VILLCODE":"65000120017","VILLNAME":"碩仁里","TOWNCODE":"65000120","TOWNNAME":"瑞芳區","COUNTYNAME":"新北市"},"geometry":{"type":"Polygon","coordinates":[[[121.8308,25.04483],[121.82764,25.04553],[121.82689,25.04494],[121.82477,25.04491],[121.82376,25.04581],[121.82149,25.04584],[121.82032,25.04359],[121.81805,25.04205],[121.81688,25.04213],[121.81678,25.04289],[121.81511,25.04494],[121.81473,25.04584],[121.81533,25.04749],[121.81483,25.04929],[121.81366,25.05164],[121.81344,25.05341],[121.81432,25.05725],[121.81388,25.05837],[121.81214,25.05936],[121.81003,25.05969],[121.80829,25.0591],[121.80678,25.05807],[121.8058,25.05863],[121.80501,25.06048],[121.80507,25.06205],[121.80454,25.06362],[121.80564,25.06505],[121.80567,25.0662],[121.8047,25.06732],[121.80375,25.06757],[121.80167,25.07049],[121.80024,25.07318],[121.79788,25.0759],[121.7957,25.07717],[121.79643,25.07776],[121.80031,25.0791],[121.80268,25.07899],[121.80441,25.07977],[121.8082,25.08101],[121.80886,25.08149],[121.80915,25.07896],[121.80987,25.07879],[121.81104,25.07621],[121.81265,25.07456],[121.81571,25.07433],[121.81726,25.07473],[121.81966,25.07405],[121.82168,25.07262],[121.82373,25.0722],[121.82367,25.07043],[121.82237,25.06934],[121.82262,25.06662],[121.82367,25.06637],[121.82496,25.06813],[121.82815,25.06996],[121.83213,25.07041],[121.83238,25.0692],[121.83149,25.06729],[121.82976,25.06502],[121.82966,25.06325],[121.83052,25.06196],[121.83058,25.05902],[121.83127,25.05804],[121.83042,25.05689],[121.83077,25.05563],[121.83165,25.0549],[121.8319,25.05369],[121.83374,25.05052],[121.83383,25.04839],[121.83471,25.0476],[121.83471,25.04589],[121.83396,25.04438],[121.83168,25.04418],[121.8308,25.04483]]]}},{"type":"Feature","properties":{"VILLCODE":"65000020101","VILLNAME":"慈愛里","TOWNCODE":"65000020","TOWNNAME":"三重區","COUNTYNAME":"新北市"},"geometry":{"type":"Polygon","coordinates":[[[121.48197,25.07933],[121.4809,25.07994],[121.48551,25.0816],[121.48579,25.08036],[121.48197,25.07933]]]}},{"type":"Feature","properties":{"VILLCODE":"65000140024","VILLNAME":"九芎里","TOWNCODE":"65000140","TOWNNAME":"蘆洲區","COUNTYNAME":"新北市"},"geometry":{"type":"Polygon","coordinates":[[[121.46587,25.07994],[121.46477,25.07876],[121.46205,25.0805],[121.46429,25.08185],[121.46587,25.07994]]]}},{"type":"Feature","properties":{"VILLCODE":"65000140010","VILLNAME":"溪墘里","TOWNCODE":"65000140","TOWNNAME":"蘆洲區","COUNTYNAME":"新北市"},"geometry":{"type":"Polygon","coordinates":[[[121.47739,25.07742],[121.47563,25.07975],[121.47458,25.08078],[121.47402,25.08216],[121.4791,25.08101],[121.48068,25.08017],[121.48065,25.08011],[121.47888,25.07812],[121.47739,25.07742]]]}},{"type":"Feature","properties":{"VILLCODE":"65000140011","VILLNAME":"樹德里","TOWNCODE":"65000140","TOWNNAME":"蘆洲區","COUNTYNAME":"新北市"},"geometry":{"type":"Polygon","coordinates":[[[121.47563,25.07975],[121.47335,25.07907],[121.47266,25.08017],[121.47323,25.0809],[121.47269,25.08179],[121.47402,25.08216],[121.47458,25.08078],[121.47563,25.07975]]]}},{"type":"Feature","properties":{"VILLCODE":"65000020100","VILLNAME":"慈惠里","TOWNCODE":"65000020","TOWNNAME":"三重區","COUNTYNAME":"新北市"},"geometry":{"type":"Polygon","coordinates":[[[121.48822,25.08112],[121.48579,25.08036],[121.48551,25.0816],[121.48756,25.08216],[121.48822,25.08112]]]}},{"type":"Feature","properties":{"VILLCODE":"65000140003","VILLNAME":"中路里","TOWNCODE":"65000140","TOWNNAME":"蘆洲區","COUNTYNAME":"新北市"},"geometry":{"type":"Polygon","coordinates":[[[121.46919,25.07854],[121.46688,25.07899],[121.46587,25.07994],[121.46429,25.08185],[121.46673,25.0825],[121.46815,25.08076],[121.46875,25.08121],[121.46988,25.07977],[121.46966,25.07958],[121.46919,25.07854]]]}},{"type":"Feature","properties":{"VILLCODE":"65000140031","VILLNAME":"長安里","TOWNCODE":"65000140","TOWNNAME":"蘆洲區","COUNTYNAME":"新北市"},"geometry":{"type":"Polygon","coordinates":[[[121.46205,25.0805],[121.46073,25.0791],[121.45688,25.08146],[121.45975,25.08261],[121.46205,25.0805]]]}},{"type":"Feature","properties":{"VILLCODE":"65000020095","VILLNAME":"五常里","TOWNCODE":"65000020","TOWNNAME":"三重區","COUNTYNAME":"新北市"},"geometry":{"type":"Polygon","coordinates":[[[121.49725,25.07646],[121.49434,25.07579],[121.49425,25.07686],[121.49286,25.07874],[121.49583,25.08039],[121.49535,25.08098],[121.49861,25.08303],[121.50176,25.07742],[121.50148,25.07736],[121.49857,25.07677],[121.49725,25.07646]]]}},{"type":"Feature","properties":{"VILLCODE":"65000140025","VILLNAME":"中華里","TOWNCODE":"65000140","TOWNNAME":"蘆洲區","COUNTYNAME":"新北市"},"geometry":{"type":"Polygon","coordinates":[[[121.46988,25.07977],[121.46875,25.08121],[121.46815,25.08076],[121.46673,25.0825],[121.46818,25.08278],[121.46887,25.08308],[121.46988,25.08219],[121.47048,25.08272],[121.47121,25.08126],[121.46988,25.07977]]]}},{"type":"Feature","properties":{"VILLCODE":"65000020103","VILLNAME":"慈祐里","TOWNCODE":"65000020","TOWNNAME":"三重區","COUNTYNAME":"新北市"},"geometry":{"type":"Polygon","coordinates":[[[121.49135,25.08109],[121.48898,25.08011],[121.48876,25.08042],[121.48822,25.08112],[121.48756,25.08216],[121.48917,25.08199],[121.48974,25.08255],[121.49087,25.08238],[121.4921,25.08322],[121.49277,25.08252],[121.49321,25.08216],[121.49135,25.08109]]]}},{"type":"Feature","properties":{"VILLCODE":"65000260010","VILLNAME":"美豐里","TOWNCODE":"65000260","TOWNNAME":"貢寮區","COUNTYNAME":"新北市"},"geometry":{"type":"Polygon","coordinates":[[[121.89677,25.03925],[121.89608,25.04059],[121.89437,25.04059],[121.89327,25.04121],[121.89257,25.04183],[121.89043,25.04202],[121.88995,25.04387],[121.88781,25.04463],[121.88762,25.04553],[121.88939,25.04786],[121.88875,25.04934],[121.88885,25.05094],[121.89027,25.05257],[121.8904,25.05377],[121.8892,25.05481],[121.88904,25.05635],[121.88784,25.05787],[121.8879,25.06062],[121.88743,25.06146],[121.88708,25.06362],[121.88579,25.06513],[121.88566,25.06595],[121.88383,25.06909],[121.88314,25.06968],[121.88307,25.0715],[121.88231,25.07237],[121.87995,25.07243],[121.87859,25.07372],[121.87764,25.07473],[121.87717,25.07661],[121.87818,25.08],[121.87805,25.08174],[121.8784,25.08311],[121.88102,25.08353],[121.88452,25.08011],[121.88632,25.08006],[121.888,25.08039],[121.89065,25.08207],[121.89346,25.08185],[121.89661,25.08216],[121.89851,25.08258],[121.90258,25.08025],[121.90548,25.07907],[121.90981,25.07461],[121.91047,25.07341],[121.91038,25.07158],[121.91091,25.06928],[121.91249,25.06696],[121.91372,25.066],[121.91432,25.06424],[121.91555,25.06261],[121.91792,25.06247],[121.91912,25.06205],[121.92,25.05879],[121.9194,25.05764],[121.9171,25.05557],[121.91663,25.05383],[121.91325,25.05369],[121.91186,25.05319],[121.91053,25.0522],[121.9099,25.05018],[121.90892,25.04864],[121.90861,25.04701],[121.90788,25.04629],[121.90915,25.04356],[121.90807,25.04155],[121.9057,25.04152],[121.90466,25.04101],[121.90293,25.03933],[121.90069,25.03958],[121.8992,25.03888],[121.89677,25.03925]]]}},{"type":"Feature","properties":{"VILLCODE":"65000140009","VILLNAME":"恆德里","TOWNCODE":"65000140","TOWNNAME":"蘆洲區","COUNTYNAME":"新北市"},"geometry":{"type":"Polygon","coordinates":[[[121.48068,25.08017],[121.4791,25.08101],[121.47402,25.08216],[121.47569,25.08261],[121.47932,25.08348],[121.48052,25.0839],[121.48267,25.0832],[121.48222,25.08193],[121.48068,25.08017]]]}},{"type":"Feature","properties":{"VILLCODE":"65000140023","VILLNAME":"忠義里","TOWNCODE":"65000140","TOWNNAME":"蘆洲區","COUNTYNAME":"新北市"},"geometry":{"type":"Polygon","coordinates":[[[121.46429,25.08185],[121.46205,25.0805],[121.45975,25.08261],[121.46038,25.08292],[121.46196,25.08395],[121.46281,25.08311],[121.46429,25.08185]]]}},{"type":"Feature","properties":{"VILLCODE":"65000140013","VILLNAME":"仁復里","TOWNCODE":"65000140","TOWNNAME":"蘆洲區","COUNTYNAME":"新北市"},"geometry":{"type":"Polygon","coordinates":[[[121.47402,25.08216],[121.47269,25.08179],[121.47184,25.08308],[121.47282,25.08356],[121.4749,25.08415],[121.47569,25.08261],[121.47402,25.08216]]]}},{"type":"Feature","properties":{"VILLCODE":"65000140014","VILLNAME":"得勝里","TOWNCODE":"65000140","TOWNNAME":"蘆洲區","COUNTYNAME":"新北市"},"geometry":{"type":"Polygon","coordinates":[[[121.47266,25.08017],[121.47196,25.07963],[121.46966,25.07958],[121.46988,25.07977],[121.47121,25.08126],[121.47048,25.08272],[121.46998,25.08387],[121.47064,25.08362],[121.47263,25.08426],[121.47282,25.08356],[121.47184,25.08308],[121.47269,25.08179],[121.47323,25.0809],[121.47266,25.08017]]]}},{"type":"Feature","properties":{"VILLCODE":"65000110037","VILLNAME":"忠山里","TOWNCODE":"65000110","TOWNNAME":"汐止區","COUNTYNAME":"新北市"},"geometry":{"type":"Polygon","coordinates":[[[121.62484,25.07349],[121.62225,25.07234],[121.62061,25.0729],[121.62064,25.07321],[121.62064,25.07324],[121.62067,25.07327],[121.62174,25.07484],[121.62275,25.07464],[121.62342,25.07728],[121.62474,25.0777],[121.62427,25.07812],[121.62417,25.08],[121.62594,25.08193],[121.62768,25.08255],[121.62758,25.08432],[121.62894,25.08235],[121.63011,25.07848],[121.62941,25.0775],[121.62976,25.07529],[121.629,25.074],[121.62752,25.07551],[121.62566,25.07498],[121.62455,25.07492],[121.62484,25.07349]]]}},{"type":"Feature","properties":{"VILLCODE":"65000110027","VILLNAME":"湖光里","TOWNCODE":"65000110","TOWNNAME":"汐止區","COUNTYNAME":"新北市"},"geometry":{"type":"Polygon","coordinates":[[[121.63506,25.06858],[121.63333,25.06791],[121.63143,25.07139],[121.63001,25.07229],[121.63146,25.07217],[121.63023,25.07293],[121.6332,25.07346],[121.63475,25.07481],[121.63459,25.07593],[121.63197,25.07919],[121.63093,25.07935],[121.63011,25.07848],[121.62894,25.08235],[121.62758,25.08432],[121.63074,25.08395],[121.63323,25.08207],[121.6356,25.07809],[121.63854,25.07484],[121.64056,25.07327],[121.64037,25.07184],[121.63841,25.07105],[121.63566,25.06898],[121.63506,25.06858]]]}},{"type":"Feature","properties":{"VILLCODE":"65000140029","VILLNAME":"光明里","TOWNCODE":"65000140","TOWNNAME":"蘆洲區","COUNTYNAME":"新北市"},"geometry":{"type":"Polygon","coordinates":[[[121.46673,25.0825],[121.46429,25.08185],[121.46281,25.08311],[121.46439,25.08435],[121.46499,25.08356],[121.46666,25.08451],[121.46818,25.08278],[121.46673,25.0825]]]}},{"type":"Feature","properties":{"VILLCODE":"65000020118","VILLNAME":"仁華里","TOWNCODE":"65000020","TOWNNAME":"三重區","COUNTYNAME":"新北市"},"geometry":{"type":"Polygon","coordinates":[[[121.4809,25.07994],[121.48065,25.08011],[121.48068,25.08017],[121.48222,25.08193],[121.48267,25.0832],[121.48349,25.08423],[121.48402,25.08454],[121.48551,25.0816],[121.4809,25.07994]]]}},{"type":"Feature","properties":{"VILLCODE":"65000140038","VILLNAME":"永德里","TOWNCODE":"65000140","TOWNNAME":"蘆洲區","COUNTYNAME":"新北市"},"geometry":{"type":"Polygon","coordinates":[[[121.45975,25.08261],[121.45688,25.08146],[121.45587,25.08275],[121.45707,25.08308],[121.46025,25.08471],[121.45994,25.08373],[121.46038,25.08292],[121.45975,25.08261]]]}},{"type":"Feature","properties":{"VILLCODE":"65000020102","VILLNAME":"慈化里","TOWNCODE":"65000020","TOWNNAME":"三重區","COUNTYNAME":"新北市"},"geometry":{"type":"Polygon","coordinates":[[[121.48974,25.08255],[121.48917,25.08199],[121.48756,25.08216],[121.48746,25.08311],[121.48822,25.08496],[121.48901,25.08443],[121.48974,25.08255]]]}},{"type":"Feature","properties":{"VILLCODE":"65000020096","VILLNAME":"五福里","TOWNCODE":"65000020","TOWNNAME":"三重區","COUNTYNAME":"新北市"},"geometry":{"type":"Polygon","coordinates":[[[121.49198,25.08028],[121.49135,25.08109],[121.49321,25.08216],[121.49277,25.08252],[121.49712,25.0851],[121.49816,25.08373],[121.49425,25.08137],[121.49198,25.08028]]]}},{"type":"Feature","properties":{"VILLCODE":"65000140028","VILLNAME":"仁義里","TOWNCODE":"65000140","TOWNNAME":"蘆洲區","COUNTYNAME":"新北市"},"geometry":{"type":"Polygon","coordinates":[[[121.48267,25.0832],[121.48052,25.0839],[121.47932,25.08348],[121.47894,25.08522],[121.48172,25.08533],[121.48349,25.08423],[121.48267,25.0832]]]}},{"type":"Feature","properties":{"VILLCODE":"65000140027","VILLNAME":"仁德里","TOWNCODE":"65000140","TOWNNAME":"蘆洲區","COUNTYNAME":"新北市"},"geometry":{"type":"Polygon","coordinates":[[[121.47932,25.08348],[121.47569,25.08261],[121.4749,25.08415],[121.47578,25.08401],[121.47881,25.08552],[121.47894,25.08522],[121.47932,25.08348]]]}},{"type":"Feature","properties":{"VILLCODE":"65000140004","VILLNAME":"光華里","TOWNCODE":"65000140","TOWNNAME":"蘆洲區","COUNTYNAME":"新北市"},"geometry":{"type":"Polygon","coordinates":[[[121.47048,25.08272],[121.46988,25.08219],[121.46887,25.08308],[121.46818,25.08278],[121.46666,25.08451],[121.46878,25.08552],[121.46998,25.08387],[121.47048,25.08272]]]}},{"type":"Feature","properties":{"VILLCODE":"65000150010","VILLNAME":"德音里","TOWNCODE":"65000150","TOWNNAME":"五股區","COUNTYNAME":"新北市"},"geometry":{"type":"Polygon","coordinates":[[[121.42673,25.07259],[121.4262,25.07523],[121.42556,25.07604],[121.42468,25.07523],[121.42367,25.07523],[121.42114,25.07731],[121.41991,25.07717],[121.41824,25.07832],[121.41562,25.07857],[121.41464,25.07893],[121.41464,25.07913],[121.4159,25.07941],[121.41657,25.08106],[121.41906,25.08185],[121.41969,25.08286],[121.42238,25.07944],[121.42294,25.07969],[121.42275,25.08165],[121.42335,25.08536],[121.42519,25.08572],[121.4256,25.08454],[121.42465,25.0837],[121.42544,25.08202],[121.42645,25.08171],[121.42787,25.08207],[121.42957,25.08412],[121.43118,25.08415],[121.43364,25.08334],[121.43396,25.08264],[121.4357,25.08224],[121.43699,25.08123],[121.4374,25.07955],[121.4392,25.0777],[121.44075,25.0791],[121.44097,25.08028],[121.44163,25.07759],[121.44346,25.07607],[121.44116,25.07506],[121.43314,25.07456],[121.43327,25.07366],[121.43017,25.074],[121.43036,25.07621],[121.42948,25.07596],[121.42711,25.07402],[121.42673,25.07259]]]}},{"type":"Feature","properties":{"VILLCODE":"65000140017","VILLNAME":"永康里","TOWNCODE":"65000140","TOWNNAME":"蘆洲區","COUNTYNAME":"新北市"},"geometry":{"type":"Polygon","coordinates":[[[121.46025,25.08471],[121.45707,25.08308],[121.45587,25.08275],[121.45511,25.08522],[121.45801,25.08527],[121.4594,25.08597],[121.46025,25.08471]]]}},{"type":"Feature","properties":{"VILLCODE":"65000170008","VILLNAME":"南勢里","TOWNCODE":"65000170","TOWNNAME":"林口區","COUNTYNAME":"新北市"},"geometry":{"type":"Polygon","coordinates":[[[121.35489,25.06539],[121.35498,25.06721],[121.35388,25.0678],[121.35378,25.06858],[121.35227,25.06878],[121.3523,25.06791],[121.35031,25.06931],[121.34895,25.0699],[121.34646,25.07029],[121.34826,25.07105],[121.34867,25.07212],[121.34959,25.0713],[121.3505,25.07198],[121.3506,25.07293],[121.35208,25.07366],[121.35347,25.07335],[121.35176,25.07445],[121.3499,25.07355],[121.35041,25.0752],[121.35003,25.07649],[121.34867,25.07419],[121.34804,25.07383],[121.34444,25.07332],[121.34185,25.07268],[121.3427,25.07318],[121.34113,25.07346],[121.34053,25.07408],[121.34062,25.07632],[121.34151,25.07663],[121.34286,25.07529],[121.34371,25.07506],[121.34615,25.07554],[121.34447,25.07604],[121.34397,25.07739],[121.34435,25.07798],[121.34592,25.0768],[121.34514,25.07834],[121.34662,25.07834],[121.34791,25.07916],[121.34652,25.07952],[121.34362,25.07963],[121.34248,25.08011],[121.34693,25.08064],[121.34892,25.08121],[121.35022,25.08118],[121.34927,25.08238],[121.34817,25.08235],[121.34671,25.08353],[121.34151,25.08407],[121.33866,25.08362],[121.33661,25.08502],[121.33655,25.08505],[121.33923,25.08578],[121.34125,25.0855],[121.34431,25.08597],[121.34839,25.08513],[121.35139,25.08387],[121.35394,25.08322],[121.35561,25.08213],[121.35584,25.08126],[121.35814,25.08056],[121.35852,25.08185],[121.36133,25.08191],[121.36265,25.08106],[121.36177,25.07955],[121.363,25.07885],[121.36284,25.07818],[121.36376,25.07646],[121.36404,25.07593],[121.36897,25.08087],[121.37452,25.07677],[121.36884,25.07184],[121.36603,25.0694],[121.36464,25.06743],[121.36379,25.06497],[121.36366,25.06497],[121.3582,25.06494],[121.35489,25.06516],[121.35489,25.06539]]]}},{"type":"Feature","properties":{"VILLCODE":"65000020107","VILLNAME":"富福里","TOWNCODE":"65000020","TOWNNAME":"三重區","COUNTYNAME":"新北市"},"geometry":{"type":"Polygon","coordinates":[[[121.4921,25.08322],[121.49087,25.08238],[121.48974,25.08255],[121.48901,25.08443],[121.48822,25.08496],[121.48929,25.086],[121.49188,25.08345],[121.4921,25.08322]]]}},{"type":"Feature","properties":{"VILLCODE":"65000020104","VILLNAME":"五華里","TOWNCODE":"65000020","TOWNNAME":"三重區","COUNTYNAME":"新北市"},"geometry":{"type":"Polygon","coordinates":[[[121.49277,25.08252],[121.4921,25.08322],[121.49188,25.08345],[121.49327,25.08449],[121.49621,25.08628],[121.49712,25.0851],[121.49277,25.08252]]]}},{"type":"Feature","properties":{"VILLCODE":"65000020106","VILLNAME":"富華里","TOWNCODE":"65000020","TOWNNAME":"三重區","COUNTYNAME":"新北市"},"geometry":{"type":"Polygon","coordinates":[[[121.49621,25.08628],[121.49327,25.08449],[121.49273,25.08508],[121.49545,25.08707],[121.49621,25.08628]]]}},{"type":"Feature","properties":{"VILLCODE":"65000140008","VILLNAME":"鷺江里","TOWNCODE":"65000140","TOWNNAME":"蘆洲區","COUNTYNAME":"新北市"},"geometry":{"type":"Polygon","coordinates":[[[121.47881,25.08552],[121.47578,25.08401],[121.4749,25.08415],[121.4732,25.08566],[121.4755,25.0869],[121.4772,25.08791],[121.47881,25.08552]]]}},{"type":"Feature","properties":{"VILLCODE":"65000150002","VILLNAME":"更寮里","TOWNCODE":"65000150","TOWNNAME":"五股區","COUNTYNAME":"新北市"},"geometry":{"type":"Polygon","coordinates":[[[121.44494,25.07024],[121.44485,25.07049],[121.44368,25.07285],[121.44381,25.0754],[121.44346,25.07607],[121.44163,25.07759],[121.44097,25.08028],[121.44141,25.0828],[121.44245,25.08322],[121.44441,25.08474],[121.44807,25.0848],[121.44962,25.08564],[121.45012,25.08802],[121.45189,25.08771],[121.45495,25.0862],[121.45511,25.08522],[121.45587,25.08275],[121.45688,25.08146],[121.46073,25.0791],[121.46382,25.07778],[121.46461,25.0779],[121.46344,25.07531],[121.46351,25.07369],[121.46404,25.07268],[121.46369,25.07156],[121.46171,25.07296],[121.45842,25.07262],[121.45473,25.07268],[121.44618,25.07015],[121.44494,25.07024]]]}},{"type":"Feature","properties":{"VILLCODE":"65000140012","VILLNAME":"保和里","TOWNCODE":"65000140","TOWNNAME":"蘆洲區","COUNTYNAME":"新北市"},"geometry":{"type":"Polygon","coordinates":[[[121.4749,25.08415],[121.47282,25.08356],[121.47263,25.08426],[121.47064,25.08362],[121.46998,25.08387],[121.46878,25.08552],[121.46852,25.08589],[121.47155,25.0869],[121.47244,25.08704],[121.4738,25.08819],[121.4749,25.08732],[121.4755,25.0869],[121.4732,25.08566],[121.4749,25.08415]]]}},{"type":"Feature","properties":{"VILLCODE":"65000150008","VILLNAME":"五股里","TOWNCODE":"65000150","TOWNNAME":"五股區","COUNTYNAME":"新北市"},"geometry":{"type":"Polygon","coordinates":[[[121.44097,25.08028],[121.44075,25.0791],[121.4392,25.0777],[121.4374,25.07955],[121.43699,25.08123],[121.4357,25.08224],[121.43396,25.08264],[121.43364,25.08334],[121.43506,25.08415],[121.43661,25.08575],[121.43585,25.08614],[121.4369,25.08824],[121.43775,25.08718],[121.43989,25.08698],[121.44103,25.08754],[121.44065,25.08589],[121.44075,25.08426],[121.44024,25.08252],[121.44141,25.0828],[121.44097,25.08028]]]}},{"type":"Feature","properties":{"VILLCODE":"65000110012","VILLNAME":"保長里","TOWNCODE":"65000110","TOWNNAME":"汐止區","COUNTYNAME":"新北市"},"geometry":{"type":"Polygon","coordinates":[[[121.67401,25.08294],[121.67405,25.08292],[121.67496,25.08342],[121.67727,25.08583],[121.67727,25.08586],[121.67733,25.08595],[121.67859,25.08726],[121.68055,25.08827],[121.68175,25.08712],[121.68137,25.08435],[121.68131,25.08437],[121.68124,25.0844],[121.67995,25.08435],[121.68049,25.08188],[121.67973,25.08003],[121.67897,25.07947],[121.67922,25.07854],[121.6809,25.07708],[121.68112,25.07708],[121.68011,25.07456],[121.67755,25.07442],[121.67528,25.07475],[121.67461,25.07585],[121.67357,25.07832],[121.67032,25.08123],[121.67127,25.08275],[121.67297,25.08325],[121.67401,25.08294]]]}},{"type":"Feature","properties":{"VILLCODE":"65000170004","VILLNAME":"菁湖里","TOWNCODE":"65000170","TOWNNAME":"林口區","COUNTYNAME":"新北市"},"geometry":{"type":"Polygon","coordinates":[[[121.39065,25.07871],[121.38548,25.07947],[121.38642,25.08174],[121.38756,25.08264],[121.38573,25.08533],[121.38737,25.08841],[121.38816,25.08847],[121.38999,25.08724],[121.39046,25.08676],[121.3927,25.08637],[121.39283,25.08451],[121.39359,25.08407],[121.39242,25.08135],[121.39255,25.08042],[121.39015,25.07921],[121.39065,25.07871]]]}},{"type":"Feature","properties":{"VILLCODE":"65000140002","VILLNAME":"中原里","TOWNCODE":"65000140","TOWNNAME":"蘆洲區","COUNTYNAME":"新北市"},"geometry":{"type":"Polygon","coordinates":[[[121.46281,25.08311],[121.46196,25.08395],[121.46483,25.08592],[121.46414,25.08681],[121.46638,25.08858],[121.46852,25.08589],[121.46878,25.08552],[121.46666,25.08451],[121.46499,25.08356],[121.46439,25.08435],[121.46281,25.08311]]]}},{"type":"Feature","properties":{"VILLCODE":"65000140019","VILLNAME":"玉清里","TOWNCODE":"65000140","TOWNNAME":"蘆洲區","COUNTYNAME":"新北市"},"geometry":{"type":"Polygon","coordinates":[[[121.48402,25.08454],[121.48349,25.08423],[121.48172,25.08533],[121.47894,25.08522],[121.47881,25.08552],[121.47973,25.08645],[121.47932,25.08833],[121.48046,25.08853],[121.48087,25.08788],[121.4838,25.0855],[121.48402,25.08454]]]}},{"type":"Feature","properties":{"VILLCODE":"65000140037","VILLNAME":"成功里","TOWNCODE":"65000140","TOWNNAME":"蘆洲區","COUNTYNAME":"新北市"},"geometry":{"type":"Polygon","coordinates":[[[121.4594,25.08597],[121.45801,25.08527],[121.45511,25.08522],[121.45495,25.0862],[121.45476,25.08909],[121.45811,25.08827],[121.45808,25.08704],[121.45868,25.08718],[121.4594,25.08597]]]}},{"type":"Feature","properties":{"VILLCODE":"65000140018","VILLNAME":"信義里","TOWNCODE":"65000140","TOWNNAME":"蘆洲區","COUNTYNAME":"新北市"},"geometry":{"type":"Polygon","coordinates":[[[121.47881,25.08552],[121.4772,25.08791],[121.4785,25.08911],[121.47932,25.08833],[121.47973,25.08645],[121.47881,25.08552]]]}},{"type":"Feature","properties":{"VILLCODE":"65000140022","VILLNAME":"仁愛里","TOWNCODE":"65000140","TOWNNAME":"蘆洲區","COUNTYNAME":"新北市"},"geometry":{"type":"Polygon","coordinates":[[[121.4749,25.08732],[121.4738,25.08819],[121.47244,25.08704],[121.47155,25.0869],[121.47111,25.08726],[121.4708,25.08816],[121.4725,25.08945],[121.47316,25.08869],[121.47376,25.08917],[121.47547,25.08937],[121.47575,25.08892],[121.4749,25.08732]]]}},{"type":"Feature","properties":{"VILLCODE":"65000020108","VILLNAME":"碧華里","TOWNCODE":"65000020","TOWNNAME":"三重區","COUNTYNAME":"新北市"},"geometry":{"type":"Polygon","coordinates":[[[121.48756,25.08216],[121.48551,25.0816],[121.48402,25.08454],[121.4838,25.0855],[121.48383,25.08833],[121.48532,25.0897],[121.48929,25.086],[121.48822,25.08496],[121.48746,25.08311],[121.48756,25.08216]]]}},{"type":"Feature","properties":{"VILLCODE":"65000140034","VILLNAME":"福安里","TOWNCODE":"65000140","TOWNNAME":"蘆洲區","COUNTYNAME":"新北市"},"geometry":{"type":"Polygon","coordinates":[[[121.4772,25.08791],[121.4755,25.0869],[121.4749,25.08732],[121.47575,25.08892],[121.47673,25.0904],[121.4785,25.08911],[121.4772,25.08791]]]}},{"type":"Feature","properties":{"VILLCODE":"65000150011","VILLNAME":"陸一里","TOWNCODE":"65000150","TOWNNAME":"五股區","COUNTYNAME":"新北市"},"geometry":{"type":"Polygon","coordinates":[[[121.43333,25.08909],[121.43355,25.08853],[121.4314,25.08791],[121.4297,25.09029],[121.43024,25.09094],[121.43185,25.09083],[121.43333,25.08909]]]}},{"type":"Feature","properties":{"VILLCODE":"65000140005","VILLNAME":"保佑里","TOWNCODE":"65000140","TOWNNAME":"蘆洲區","COUNTYNAME":"新北市"},"geometry":{"type":"Polygon","coordinates":[[[121.47155,25.0869],[121.46852,25.08589],[121.46638,25.08858],[121.46436,25.09119],[121.46732,25.09018],[121.47111,25.08726],[121.47155,25.0869]]]}},{"type":"Feature","properties":{"VILLCODE":"65000140033","VILLNAME":"忠孝里","TOWNCODE":"65000140","TOWNNAME":"蘆洲區","COUNTYNAME":"新北市"},"geometry":{"type":"Polygon","coordinates":[[[121.47547,25.08937],[121.47376,25.08917],[121.47316,25.08869],[121.4725,25.08945],[121.47427,25.09127],[121.47547,25.08937]]]}},{"type":"Feature","properties":{"VILLCODE":"65000110013","VILLNAME":"鄉長里","TOWNCODE":"65000110","TOWNNAME":"汐止區","COUNTYNAME":"新北市"},"geometry":{"type":"Polygon","coordinates":[[[121.65855,25.09158],[121.66092,25.09088],[121.66196,25.08934],[121.66426,25.08942],[121.66638,25.08799],[121.66682,25.08681],[121.66789,25.08578],[121.6725,25.08381],[121.67398,25.08297],[121.67401,25.08294],[121.67297,25.08325],[121.67127,25.08275],[121.67032,25.08123],[121.66925,25.08006],[121.66568,25.07745],[121.66322,25.07646],[121.66123,25.07616],[121.66044,25.07562],[121.65956,25.07787],[121.65912,25.08087],[121.65495,25.08036],[121.65517,25.08235],[121.65609,25.08314],[121.65631,25.08415],[121.65807,25.0874],[121.65817,25.09001],[121.65855,25.09158]]]}},{"type":"Feature","properties":{"VILLCODE":"65000020105","VILLNAME":"富貴里","TOWNCODE":"65000020","TOWNNAME":"三重區","COUNTYNAME":"新北市"},"geometry":{"type":"Polygon","coordinates":[[[121.49188,25.08345],[121.48929,25.086],[121.48532,25.0897],[121.48869,25.09217],[121.49122,25.09066],[121.494,25.08855],[121.49545,25.08707],[121.49273,25.08508],[121.49327,25.08449],[121.49188,25.08345]]]}},{"type":"Feature","properties":{"VILLCODE":"65000140016","VILLNAME":"永樂里","TOWNCODE":"65000140","TOWNNAME":"蘆洲區","COUNTYNAME":"新北市"},"geometry":{"type":"Polygon","coordinates":[[[121.45811,25.08827],[121.45476,25.08909],[121.45583,25.09242],[121.45969,25.09038],[121.45887,25.08982],[121.45855,25.08824],[121.45811,25.08827]]]}},{"type":"Feature","properties":{"VILLCODE":"65000120014","VILLNAME":"猴硐里","TOWNCODE":"65000120","TOWNNAME":"瑞芳區","COUNTYNAME":"新北市"},"geometry":{"type":"Polygon","coordinates":[[[121.83213,25.07041],[121.82815,25.06996],[121.82496,25.06813],[121.82367,25.06637],[121.82262,25.06662],[121.82237,25.06934],[121.82367,25.07043],[121.82373,25.0722],[121.82404,25.07355],[121.82414,25.07638],[121.82499,25.07862],[121.82474,25.08174],[121.82509,25.0839],[121.82843,25.08673],[121.82868,25.08847],[121.83108,25.09054],[121.83213,25.0927],[121.83389,25.09043],[121.83446,25.08923],[121.83465,25.0876],[121.83727,25.08334],[121.84093,25.08081],[121.8404,25.07809],[121.83888,25.07616],[121.83642,25.07402],[121.83516,25.07372],[121.8325,25.07184],[121.83213,25.07041]]]}},{"type":"Feature","properties":{"VILLCODE":"65000150009","VILLNAME":"五福里","TOWNCODE":"65000150","TOWNNAME":"五股區","COUNTYNAME":"新北市"},"geometry":{"type":"Polygon","coordinates":[[[121.44103,25.08754],[121.43989,25.08698],[121.43775,25.08718],[121.4369,25.08824],[121.43355,25.08853],[121.43333,25.08909],[121.43371,25.09001],[121.43472,25.09049],[121.43677,25.09273],[121.43857,25.08987],[121.43964,25.08911],[121.44103,25.08754]]]}},{"type":"Feature","properties":{"VILLCODE":"65000140007","VILLNAME":"樓厝里","TOWNCODE":"65000140","TOWNNAME":"蘆洲區","COUNTYNAME":"新北市"},"geometry":{"type":"Polygon","coordinates":[[[121.4838,25.0855],[121.48087,25.08788],[121.48046,25.08853],[121.47932,25.08833],[121.4785,25.08911],[121.48254,25.09054],[121.48961,25.09338],[121.48869,25.09217],[121.48532,25.0897],[121.48383,25.08833],[121.4838,25.0855]]]}},{"type":"Feature","properties":{"VILLCODE":"65000140006","VILLNAME":"水湳里","TOWNCODE":"65000140","TOWNNAME":"蘆洲區","COUNTYNAME":"新北市"},"geometry":{"type":"Polygon","coordinates":[[[121.4725,25.08945],[121.4708,25.08816],[121.46774,25.09383],[121.46991,25.09489],[121.47294,25.0929],[121.47427,25.09127],[121.4725,25.08945]]]}},{"type":"Feature","properties":{"VILLCODE":"65000170007","VILLNAME":"湖南里","TOWNCODE":"65000170","TOWNNAME":"林口區","COUNTYNAME":"新北市"},"geometry":{"type":"Polygon","coordinates":[[[121.37758,25.07442],[121.37452,25.07677],[121.36897,25.08087],[121.36404,25.07593],[121.36376,25.07646],[121.36389,25.0775],[121.36477,25.07846],[121.36521,25.08017],[121.3671,25.08048],[121.3671,25.08112],[121.36534,25.08179],[121.36461,25.08317],[121.36051,25.08597],[121.36073,25.0867],[121.3618,25.08676],[121.36281,25.08538],[121.3637,25.08681],[121.36729,25.08639],[121.36603,25.08763],[121.36398,25.08867],[121.36531,25.0899],[121.36534,25.09049],[121.36095,25.08998],[121.35956,25.0906],[121.3576,25.09268],[121.35858,25.09346],[121.35574,25.09411],[121.35486,25.09506],[121.35618,25.09475],[121.36123,25.0945],[121.3625,25.09349],[121.36262,25.09279],[121.3654,25.09284],[121.36777,25.09209],[121.36887,25.09402],[121.37092,25.09299],[121.37143,25.09226],[121.37553,25.08968],[121.37916,25.08861],[121.3814,25.08645],[121.3797,25.08244],[121.38548,25.07947],[121.38462,25.07764],[121.3832,25.0775],[121.38099,25.0768],[121.38043,25.07717],[121.37758,25.07442]]]}},{"type":"Feature","properties":{"VILLCODE":"65000150017","VILLNAME":"民義里","TOWNCODE":"65000150","TOWNNAME":"五股區","COUNTYNAME":"新北市"},"geometry":{"type":"Polygon","coordinates":[[[121.43364,25.08334],[121.43118,25.08415],[121.42957,25.08412],[121.42787,25.08207],[121.42645,25.08171],[121.42544,25.08202],[121.42465,25.0837],[121.4256,25.08454],[121.42519,25.08572],[121.42335,25.08536],[121.42275,25.08165],[121.42294,25.07969],[121.42238,25.07944],[121.41969,25.08286],[121.41903,25.08348],[121.41849,25.08662],[121.41919,25.0892],[121.42007,25.09116],[121.42184,25.09318],[121.42537,25.09582],[121.42594,25.09338],[121.42806,25.09293],[121.42907,25.09105],[121.43024,25.09094],[121.4297,25.09029],[121.4314,25.08791],[121.43355,25.08853],[121.4369,25.08824],[121.43585,25.08614],[121.43661,25.08575],[121.43506,25.08415],[121.43364,25.08334]]]}},{"type":"Feature","properties":{"VILLCODE":"65000250006","VILLNAME":"牡丹里","TOWNCODE":"65000250","TOWNNAME":"雙溪區","COUNTYNAME":"新北市"},"geometry":{"type":"Polygon","coordinates":[[[121.86678,25.03748],[121.86439,25.03734],[121.86483,25.0388],[121.86375,25.04079],[121.86151,25.04342],[121.85962,25.04455],[121.85807,25.04441],[121.85697,25.04298],[121.85608,25.04359],[121.85435,25.04356],[121.85267,25.04525],[121.84945,25.04488],[121.84655,25.04592],[121.84447,25.04586],[121.84232,25.04721],[121.84141,25.04945],[121.84497,25.05139],[121.8456,25.05377],[121.84734,25.05473],[121.84844,25.05678],[121.85002,25.05879],[121.85296,25.06143],[121.85501,25.063],[121.85662,25.0671],[121.85848,25.06805],[121.86107,25.07086],[121.86274,25.07307],[121.86088,25.07414],[121.86057,25.07484],[121.86113,25.07596],[121.86113,25.07753],[121.86306,25.0784],[121.86628,25.08034],[121.86606,25.08112],[121.86132,25.08373],[121.86031,25.08516],[121.85848,25.08962],[121.86025,25.08984],[121.86139,25.0915],[121.8606,25.09349],[121.8612,25.09646],[121.86192,25.09649],[121.86543,25.0952],[121.86641,25.09514],[121.86707,25.09411],[121.86855,25.09377],[121.87041,25.09399],[121.87231,25.09374],[121.87417,25.095],[121.87553,25.09461],[121.87647,25.09341],[121.87704,25.09172],[121.87651,25.09063],[121.876,25.08746],[121.8767,25.08541],[121.87742,25.08502],[121.8784,25.08311],[121.87805,25.08174],[121.87818,25.08],[121.87717,25.07661],[121.87764,25.07473],[121.87859,25.07372],[121.87663,25.07083],[121.87202,25.07046],[121.86937,25.07091],[121.86981,25.06819],[121.86874,25.06648],[121.86694,25.06544],[121.86675,25.06485],[121.86713,25.06101],[121.87045,25.05689],[121.87086,25.05574],[121.8695,25.05403],[121.86925,25.05229],[121.86697,25.05038],[121.86738,25.04915],[121.86956,25.04724],[121.8688,25.04427],[121.8677,25.04194],[121.86685,25.03897],[121.86678,25.03748]]]}},{"type":"Feature","properties":{"VILLCODE":"65000140015","VILLNAME":"南港里","TOWNCODE":"65000140","TOWNNAME":"蘆洲區","COUNTYNAME":"新北市"},"geometry":{"type":"Polygon","coordinates":[[[121.45969,25.09038],[121.45583,25.09242],[121.45767,25.09391],[121.45823,25.09702],[121.45994,25.09472],[121.46142,25.09324],[121.46054,25.09245],[121.45969,25.09038]]]}},{"type":"Feature","properties":{"VILLCODE":"65000250007","VILLNAME":"三貂里","TOWNCODE":"65000250","TOWNNAME":"雙溪區","COUNTYNAME":"新北市"},"geometry":{"type":"Polygon","coordinates":[[[121.84141,25.04945],[121.8403,25.05002],[121.83891,25.04929],[121.83471,25.0476],[121.83383,25.04839],[121.83374,25.05052],[121.8319,25.05369],[121.83165,25.0549],[121.83077,25.05563],[121.83042,25.05689],[121.83127,25.05804],[121.83058,25.05902],[121.83052,25.06196],[121.82966,25.06325],[121.82976,25.06502],[121.83149,25.06729],[121.83238,25.0692],[121.83213,25.07041],[121.8325,25.07184],[121.83516,25.07372],[121.83642,25.07402],[121.83888,25.07616],[121.8404,25.07809],[121.84093,25.08081],[121.84286,25.08227],[121.84399,25.08474],[121.84526,25.0867],[121.84766,25.08934],[121.84993,25.08897],[121.85154,25.08911],[121.85185,25.09122],[121.85258,25.09203],[121.85315,25.09461],[121.85454,25.09585],[121.85634,25.09641],[121.85735,25.0973],[121.85826,25.09646],[121.8612,25.09646],[121.8606,25.09349],[121.86139,25.0915],[121.86025,25.08984],[121.85848,25.08962],[121.86031,25.08516],[121.86132,25.08373],[121.86606,25.08112],[121.86628,25.08034],[121.86306,25.0784],[121.86113,25.07753],[121.86113,25.07596],[121.86057,25.07484],[121.86088,25.07414],[121.86274,25.07307],[121.86107,25.07086],[121.85848,25.06805],[121.85662,25.0671],[121.85501,25.063],[121.85296,25.06143],[121.85002,25.05879],[121.84844,25.05678],[121.84734,25.05473],[121.8456,25.05377],[121.84497,25.05139],[121.84141,25.04945]]]}},{"type":"Feature","properties":{"VILLCODE":"65000110043","VILLNAME":"湖興里","TOWNCODE":"65000110","TOWNNAME":"汐止區","COUNTYNAME":"新北市"},"geometry":{"type":"Polygon","coordinates":[[[121.64561,25.07543],[121.64314,25.07506],[121.64116,25.07431],[121.64056,25.07327],[121.63854,25.07484],[121.6356,25.07809],[121.63323,25.08207],[121.63074,25.08395],[121.62758,25.08432],[121.62862,25.08645],[121.62806,25.08839],[121.626,25.09052],[121.62632,25.09147],[121.62506,25.09366],[121.6261,25.09632],[121.62604,25.09643],[121.62976,25.09736],[121.63257,25.0929],[121.63519,25.09105],[121.63664,25.08883],[121.6385,25.08336],[121.63932,25.08143],[121.64106,25.08087],[121.64078,25.07874],[121.64172,25.07826],[121.64267,25.07919],[121.64497,25.0802],[121.64586,25.07952],[121.64589,25.07686],[121.64561,25.07543]]]}},{"type":"Feature","properties":{"VILLCODE":"65000140020","VILLNAME":"復興里","TOWNCODE":"65000140","TOWNNAME":"蘆洲區","COUNTYNAME":"新北市"},"geometry":{"type":"Polygon","coordinates":[[[121.4785,25.08911],[121.47673,25.0904],[121.47651,25.0913],[121.47784,25.09181],[121.47755,25.09391],[121.47692,25.09506],[121.47651,25.09784],[121.48099,25.09714],[121.48854,25.09492],[121.49034,25.09388],[121.48961,25.09338],[121.48254,25.09054],[121.4785,25.08911]]]}},{"type":"Feature","properties":{"VILLCODE":"65000110015","VILLNAME":"拱北里","TOWNCODE":"65000110","TOWNNAME":"汐止區","COUNTYNAME":"新北市"},"geometry":{"type":"Polygon","coordinates":[[[121.65208,25.09792],[121.65347,25.09632],[121.65495,25.09571],[121.65508,25.09568],[121.65618,25.09456],[121.65571,25.09346],[121.65766,25.09273],[121.65839,25.09158],[121.65855,25.09158],[121.65817,25.09001],[121.65807,25.0874],[121.65631,25.08415],[121.65609,25.08314],[121.65517,25.08235],[121.65495,25.08036],[121.64775,25.07947],[121.6464,25.08123],[121.64374,25.08606],[121.64321,25.08805],[121.64324,25.0897],[121.6427,25.0906],[121.64311,25.09181],[121.64722,25.09315],[121.64908,25.09562],[121.65182,25.09798],[121.65186,25.09795],[121.65195,25.09795],[121.65201,25.09792],[121.65208,25.09792]]]}},{"type":"Feature","properties":{"VILLCODE":"65000140001","VILLNAME":"正義里","TOWNCODE":"65000140","TOWNNAME":"蘆洲區","COUNTYNAME":"新北市"},"geometry":{"type":"Polygon","coordinates":[[[121.46196,25.08395],[121.46038,25.08292],[121.45994,25.08373],[121.46025,25.08471],[121.4594,25.08597],[121.45868,25.08718],[121.45808,25.08704],[121.45811,25.08827],[121.45855,25.08824],[121.45887,25.08982],[121.45969,25.09038],[121.46054,25.09245],[121.46142,25.09324],[121.45994,25.09472],[121.45823,25.09702],[121.4582,25.09756],[121.46063,25.09789],[121.46164,25.09694],[121.46313,25.09338],[121.46436,25.09119],[121.46638,25.08858],[121.46414,25.08681],[121.46483,25.08592],[121.46196,25.08395]]]}},{"type":"Feature","properties":{"VILLCODE":"65000150015","VILLNAME":"六福里","TOWNCODE":"65000150","TOWNNAME":"五股區","COUNTYNAME":"新北市"},"geometry":{"type":"Polygon","coordinates":[[[121.43333,25.08909],[121.43185,25.09083],[121.43024,25.09094],[121.42907,25.09105],[121.42806,25.09293],[121.42594,25.09338],[121.42537,25.09582],[121.42774,25.09739],[121.42793,25.09888],[121.42948,25.09854],[121.43125,25.09761],[121.43257,25.09509],[121.43336,25.09458],[121.43617,25.09371],[121.43677,25.09273],[121.43472,25.09049],[121.43371,25.09001],[121.43333,25.08909]]]}},{"type":"Feature","properties":{"VILLCODE":"65000140021","VILLNAME":"水河里","TOWNCODE":"65000140","TOWNNAME":"蘆洲區","COUNTYNAME":"新北市"},"geometry":{"type":"Polygon","coordinates":[[[121.47575,25.08892],[121.47547,25.08937],[121.47427,25.09127],[121.47294,25.0929],[121.46991,25.09489],[121.46774,25.09383],[121.46707,25.09573],[121.46729,25.09621],[121.46666,25.09946],[121.47376,25.09792],[121.47651,25.09784],[121.47692,25.09506],[121.47755,25.09391],[121.47784,25.09181],[121.47651,25.0913],[121.47673,25.0904],[121.47575,25.08892]]]}},{"type":"Feature","properties":{"VILLCODE":"65000150006","VILLNAME":"成功里","TOWNCODE":"65000150","TOWNNAME":"五股區","COUNTYNAME":"新北市"},"geometry":{"type":"Polygon","coordinates":[[[121.45012,25.08802],[121.44463,25.09125],[121.44302,25.09181],[121.44267,25.09374],[121.4415,25.09526],[121.44002,25.0961],[121.4375,25.10033],[121.43989,25.09918],[121.44305,25.09862],[121.44592,25.0959],[121.44747,25.09601],[121.44921,25.09414],[121.45151,25.09259],[121.45148,25.09046],[121.45012,25.08802]]]}},{"type":"Feature","properties":{"VILLCODE":"65000140030","VILLNAME":"保新里","TOWNCODE":"65000140","TOWNNAME":"蘆洲區","COUNTYNAME":"新北市"},"geometry":{"type":"Polygon","coordinates":[[[121.4708,25.08816],[121.47111,25.08726],[121.46732,25.09018],[121.46436,25.09119],[121.46313,25.09338],[121.46164,25.09694],[121.46063,25.09789],[121.4582,25.09756],[121.4583,25.09801],[121.46066,25.09873],[121.46117,25.09958],[121.4619,25.1007],[121.46666,25.09946],[121.46729,25.09621],[121.46707,25.09573],[121.46774,25.09383],[121.4708,25.08816]]]}},{"type":"Feature","properties":{"VILLCODE":"65000150005","VILLNAME":"成州里","TOWNCODE":"65000150","TOWNNAME":"五股區","COUNTYNAME":"新北市"},"geometry":{"type":"Polygon","coordinates":[[[121.45495,25.0862],[121.45189,25.08771],[121.45012,25.08802],[121.45148,25.09046],[121.45151,25.09259],[121.44921,25.09414],[121.44747,25.09601],[121.44592,25.0959],[121.44305,25.09862],[121.43989,25.09918],[121.4375,25.10033],[121.43667,25.10115],[121.43901,25.10185],[121.44053,25.10157],[121.44217,25.10188],[121.44397,25.10176],[121.4464,25.10213],[121.44794,25.10162],[121.44779,25.10272],[121.4487,25.10272],[121.45161,25.10084],[121.45397,25.09977],[121.45539,25.09761],[121.4582,25.09756],[121.45823,25.09702],[121.45767,25.09391],[121.45583,25.09242],[121.45476,25.08909],[121.45495,25.0862]]]}},{"type":"Feature","properties":{"VILLCODE":"65000120012","VILLNAME":"吉安里","TOWNCODE":"65000120","TOWNNAME":"瑞芳區","COUNTYNAME":"新北市"},"geometry":{"type":"Polygon","coordinates":[[[121.75899,25.10098],[121.75678,25.1019],[121.75678,25.10202],[121.75668,25.10275],[121.75773,25.10319],[121.75776,25.10325],[121.75905,25.10261],[121.76467,25.10207],[121.76757,25.10258],[121.76704,25.10019],[121.76644,25.09918],[121.76451,25.09902],[121.7624,25.09994],[121.75911,25.10095],[121.75908,25.10095],[121.75899,25.10098]]]}},{"type":"Feature","properties":{"VILLCODE":"65000120016","VILLNAME":"弓橋里","TOWNCODE":"65000120","TOWNNAME":"瑞芳區","COUNTYNAME":"新北市"},"geometry":{"type":"Polygon","coordinates":[[[121.84093,25.08081],[121.83727,25.08334],[121.83465,25.0876],[121.83446,25.08923],[121.83389,25.09043],[121.83213,25.0927],[121.83238,25.09503],[121.83361,25.09845],[121.8337,25.09988],[121.83317,25.10098],[121.83124,25.10232],[121.83329,25.10294],[121.83569,25.10261],[121.83765,25.1035],[121.83885,25.10322],[121.84245,25.10176],[121.84336,25.10146],[121.84403,25.10022],[121.84472,25.10039],[121.84781,25.10047],[121.85012,25.0996],[121.85283,25.09669],[121.85454,25.09585],[121.85315,25.09461],[121.85258,25.09203],[121.85185,25.09122],[121.85154,25.08911],[121.84993,25.08897],[121.84766,25.08934],[121.84526,25.0867],[121.84399,25.08474],[121.84286,25.08227],[121.84093,25.08081]]]}},{"type":"Feature","properties":{"VILLCODE":"65000120015","VILLNAME":"光復里","TOWNCODE":"65000120","TOWNNAME":"瑞芳區","COUNTYNAME":"新北市"},"geometry":{"type":"Polygon","coordinates":[[[121.82373,25.0722],[121.82168,25.07262],[121.81966,25.07405],[121.81726,25.07473],[121.81571,25.07433],[121.81265,25.07456],[121.81104,25.07621],[121.80987,25.07879],[121.80915,25.07896],[121.80886,25.08149],[121.80994,25.08294],[121.81256,25.08238],[121.81543,25.0821],[121.8159,25.08294],[121.8172,25.08328],[121.81912,25.08482],[121.82155,25.08799],[121.82158,25.08844],[121.826,25.09181],[121.82613,25.09299],[121.82701,25.09489],[121.82663,25.09876],[121.8279,25.10025],[121.82786,25.10232],[121.82932,25.10437],[121.83023,25.10457],[121.83026,25.1037],[121.83124,25.10232],[121.83317,25.10098],[121.8337,25.09988],[121.83361,25.09845],[121.83238,25.09503],[121.83213,25.0927],[121.83108,25.09054],[121.82868,25.08847],[121.82843,25.08673],[121.82509,25.0839],[121.82474,25.08174],[121.82499,25.07862],[121.82414,25.07638],[121.82404,25.07355],[121.82373,25.0722]]]}},{"type":"Feature","properties":{"VILLCODE":"65000150014","VILLNAME":"成德里","TOWNCODE":"65000150","TOWNNAME":"五股區","COUNTYNAME":"新北市"},"geometry":{"type":"Polygon","coordinates":[[[121.46117,25.09958],[121.46066,25.09873],[121.4583,25.09801],[121.4582,25.09756],[121.45539,25.09761],[121.45397,25.09977],[121.45161,25.10084],[121.4487,25.10272],[121.44779,25.10272],[121.4505,25.10406],[121.45025,25.10519],[121.45363,25.10608],[121.45536,25.10614],[121.45779,25.10659],[121.45795,25.10645],[121.46139,25.10384],[121.46265,25.10317],[121.46139,25.10095],[121.46117,25.09958]]]}},{"type":"Feature","properties":{"VILLCODE":"65000170001","VILLNAME":"東林里","TOWNCODE":"65000170","TOWNNAME":"林口區","COUNTYNAME":"新北市"},"geometry":{"type":"Polygon","coordinates":[[[121.41464,25.07893],[121.41338,25.07924],[121.41256,25.08062],[121.41104,25.08179],[121.40915,25.08258],[121.40937,25.08149],[121.40868,25.08045],[121.40707,25.0823],[121.40448,25.08353],[121.40337,25.08465],[121.40176,25.08454],[121.40265,25.08373],[121.40227,25.08308],[121.40331,25.0816],[121.40312,25.08039],[121.40508,25.08031],[121.40514,25.07935],[121.40375,25.07834],[121.40359,25.07717],[121.40208,25.07644],[121.40312,25.07604],[121.40495,25.07711],[121.40568,25.07638],[121.40795,25.077],[121.40827,25.07585],[121.40621,25.07588],[121.40492,25.07517],[121.40151,25.07515],[121.39829,25.07663],[121.39703,25.07801],[121.3957,25.07834],[121.39065,25.07871],[121.39015,25.07921],[121.39255,25.08042],[121.39362,25.08],[121.39431,25.08196],[121.39495,25.08221],[121.39536,25.08376],[121.39599,25.08359],[121.39599,25.08219],[121.39858,25.0809],[121.39861,25.08199],[121.39722,25.083],[121.39731,25.08451],[121.39864,25.08407],[121.39936,25.08575],[121.39977,25.08777],[121.40214,25.08754],[121.4023,25.0892],[121.40041,25.08942],[121.40079,25.09178],[121.40195,25.09195],[121.40312,25.09355],[121.40293,25.09486],[121.40397,25.09548],[121.40186,25.09787],[121.40243,25.09862],[121.40214,25.09969],[121.40079,25.10174],[121.40195,25.10117],[121.4017,25.10333],[121.40255,25.10359],[121.40208,25.10479],[121.40025,25.10634],[121.40195,25.10614],[121.40186,25.1076],[121.40303,25.10698],[121.40397,25.10381],[121.40372,25.10193],[121.4041,25.10092],[121.40647,25.10263],[121.40738,25.10112],[121.40688,25.10019],[121.40823,25.09871],[121.40896,25.0996],[121.40988,25.09781],[121.40956,25.09705],[121.41079,25.09509],[121.41161,25.0961],[121.41262,25.09635],[121.41183,25.09268],[121.40801,25.09582],[121.40767,25.09568],[121.40953,25.09324],[121.40871,25.09198],[121.41003,25.09209],[121.41057,25.08973],[121.40811,25.08853],[121.40823,25.08681],[121.40921,25.086],[121.40909,25.08429],[121.41079,25.08238],[121.41231,25.08213],[121.41303,25.0805],[121.41496,25.08255],[121.41426,25.08059],[121.41464,25.07913],[121.41464,25.07893]]]}},{"type":"Feature","properties":{"VILLCODE":"65000120007","VILLNAME":"爪峯里","TOWNCODE":"65000120","TOWNNAME":"瑞芳區","COUNTYNAME":"新北市"},"geometry":{"type":"Polygon","coordinates":[[[121.81019,25.08454],[121.80782,25.08701],[121.80612,25.08768],[121.80602,25.08861],[121.80416,25.0904],[121.80394,25.092],[121.8028,25.09371],[121.80268,25.09534],[121.80394,25.09607],[121.8052,25.0968],[121.80662,25.09924],[121.80564,25.10117],[121.80533,25.10443],[121.80552,25.10642],[121.80659,25.10575],[121.80804,25.10569],[121.80994,25.10726],[121.81221,25.10765],[121.81363,25.10793],[121.81464,25.10558],[121.8148,25.10401],[121.81432,25.10199],[121.81416,25.09918],[121.8148,25.0977],[121.8148,25.09621],[121.81663,25.09416],[121.81502,25.09198],[121.81508,25.09018],[121.8142,25.08909],[121.81407,25.08777],[121.81306,25.08558],[121.81019,25.08454]]]}},{"type":"Feature","properties":{"VILLCODE":"65000120002","VILLNAME":"龍興里","TOWNCODE":"65000120","TOWNNAME":"瑞芳區","COUNTYNAME":"新北市"},"geometry":{"type":"Polygon","coordinates":[[[121.81221,25.10765],[121.80994,25.10726],[121.80804,25.10569],[121.80659,25.10575],[121.80552,25.10642],[121.80473,25.10676],[121.80501,25.10838],[121.80943,25.1074],[121.81148,25.10807],[121.81221,25.10765]]]}},{"type":"Feature","properties":{"VILLCODE":"65000120034","VILLNAME":"新峰里","TOWNCODE":"65000120","TOWNNAME":"瑞芳區","COUNTYNAME":"新北市"},"geometry":{"type":"Polygon","coordinates":[[[121.83023,25.10457],[121.82932,25.10437],[121.82786,25.10232],[121.8279,25.10025],[121.82663,25.09876],[121.82701,25.09489],[121.82613,25.09299],[121.826,25.09181],[121.82158,25.08844],[121.82155,25.08799],[121.81912,25.08482],[121.8172,25.08328],[121.8159,25.08294],[121.81543,25.0821],[121.81256,25.08238],[121.80994,25.08294],[121.81019,25.08454],[121.81306,25.08558],[121.81407,25.08777],[121.8142,25.08909],[121.81508,25.09018],[121.81502,25.09198],[121.81663,25.09416],[121.8148,25.09621],[121.8148,25.0977],[121.81416,25.09918],[121.81432,25.10199],[121.8148,25.10401],[121.81464,25.10558],[121.81363,25.10793],[121.81609,25.10855],[121.81773,25.10782],[121.81978,25.10502],[121.82139,25.10367],[121.8225,25.10331],[121.82461,25.10594],[121.82666,25.10659],[121.82903,25.106],[121.83017,25.10524],[121.83023,25.10457]]]}},{"type":"Feature","properties":{"VILLCODE":"65000120009","VILLNAME":"東和里","TOWNCODE":"65000120","TOWNNAME":"瑞芳區","COUNTYNAME":"新北市"},"geometry":{"type":"Polygon","coordinates":[[[121.80552,25.10642],[121.80533,25.10443],[121.80564,25.10117],[121.80662,25.09924],[121.8052,25.0968],[121.80394,25.09607],[121.80293,25.09834],[121.80151,25.09904],[121.8005,25.10311],[121.79873,25.10412],[121.79766,25.10563],[121.79759,25.10701],[121.79946,25.10864],[121.80062,25.10802],[121.80473,25.10676],[121.80552,25.10642]]]}},{"type":"Feature","properties":{"VILLCODE":"65000170005","VILLNAME":"中湖里","TOWNCODE":"65000170","TOWNNAME":"林口區","COUNTYNAME":"新北市"},"geometry":{"type":"Polygon","coordinates":[[[121.38737,25.08841],[121.38573,25.08533],[121.38756,25.08264],[121.38642,25.08174],[121.38548,25.07947],[121.3797,25.08244],[121.3814,25.08645],[121.37916,25.08861],[121.37553,25.08968],[121.37143,25.09226],[121.37092,25.09299],[121.36887,25.09402],[121.36594,25.095],[121.36332,25.09554],[121.36243,25.09604],[121.36259,25.097],[121.36464,25.09728],[121.36609,25.09677],[121.36767,25.09686],[121.36903,25.09641],[121.37045,25.0966],[121.36827,25.09773],[121.36625,25.09792],[121.36145,25.10182],[121.36149,25.10317],[121.36448,25.10067],[121.36518,25.10179],[121.36745,25.10115],[121.36518,25.10249],[121.36581,25.10443],[121.36726,25.10454],[121.36856,25.10272],[121.3708,25.10297],[121.36894,25.1039],[121.36903,25.10527],[121.36824,25.10628],[121.36546,25.10813],[121.36673,25.10805],[121.36796,25.10869],[121.36878,25.10799],[121.36957,25.10639],[121.37096,25.10519],[121.3731,25.10462],[121.37143,25.10662],[121.37421,25.10552],[121.37556,25.10446],[121.37803,25.1035],[121.37872,25.10283],[121.3796,25.10075],[121.37954,25.09902],[121.38245,25.0968],[121.38245,25.0961],[121.38365,25.09097],[121.38728,25.08872],[121.38737,25.08841]]]}},{"type":"Feature","properties":{"VILLCODE":"65000120021","VILLNAME":"福住里","TOWNCODE":"65000120","TOWNNAME":"瑞芳區","COUNTYNAME":"新北市"},"geometry":{"type":"Polygon","coordinates":[[[121.84245,25.10176],[121.83885,25.10322],[121.83831,25.10558],[121.83563,25.10875],[121.83825,25.10819],[121.84002,25.10819],[121.8404,25.10754],[121.84216,25.10701],[121.84273,25.10563],[121.84223,25.10401],[121.84245,25.10176]]]}},{"type":"Feature","properties":{"VILLCODE":"65000120010","VILLNAME":"上天里","TOWNCODE":"65000120","TOWNNAME":"瑞芳區","COUNTYNAME":"新北市"},"geometry":{"type":"Polygon","coordinates":[[[121.75924,25.08404],[121.75921,25.08412],[121.75959,25.08679],[121.75921,25.08867],[121.75981,25.09024],[121.75899,25.09189],[121.75836,25.09414],[121.75836,25.09442],[121.75836,25.09478],[121.75946,25.09629],[121.7594,25.09932],[121.75987,25.10053],[121.75911,25.10095],[121.7624,25.09994],[121.76451,25.09902],[121.76644,25.09918],[121.76704,25.10019],[121.76757,25.10258],[121.76849,25.10465],[121.77023,25.10662],[121.77117,25.10908],[121.77209,25.10922],[121.77471,25.10872],[121.77667,25.10751],[121.77673,25.10634],[121.77799,25.10659],[121.78197,25.10639],[121.78131,25.10479],[121.78329,25.10182],[121.78494,25.10084],[121.78642,25.10059],[121.78746,25.09927],[121.7856,25.0982],[121.78443,25.09708],[121.78213,25.09601],[121.78405,25.09366],[121.7868,25.09111],[121.78828,25.09043],[121.78954,25.09043],[121.79024,25.08869],[121.79055,25.08651],[121.7904,25.0853],[121.79081,25.0835],[121.78945,25.08048],[121.78954,25.07604],[121.78759,25.07447],[121.78683,25.07433],[121.78462,25.07254],[121.78317,25.07268],[121.78146,25.07195],[121.78083,25.07114],[121.77815,25.07125],[121.77569,25.07004],[121.77367,25.07304],[121.77218,25.07414],[121.77133,25.07613],[121.76941,25.0779],[121.76707,25.07879],[121.76167,25.0784],[121.76003,25.08101],[121.75924,25.08395],[121.75924,25.08404]]]}},{"type":"Feature","properties":{"VILLCODE":"65000170006","VILLNAME":"湖北里","TOWNCODE":"65000170","TOWNNAME":"林口區","COUNTYNAME":"新北市"},"geometry":{"type":"Polygon","coordinates":[[[121.38999,25.08724],[121.38816,25.08847],[121.38737,25.08841],[121.38728,25.08872],[121.38365,25.09097],[121.38245,25.0961],[121.38245,25.0968],[121.37954,25.09902],[121.3796,25.10075],[121.37872,25.10283],[121.37856,25.10398],[121.37604,25.10594],[121.37449,25.10757],[121.37531,25.10785],[121.37266,25.10934],[121.37496,25.10945],[121.37752,25.1083],[121.37942,25.10563],[121.3797,25.10793],[121.38257,25.10821],[121.38355,25.10807],[121.38541,25.10934],[121.38709,25.10911],[121.38822,25.10687],[121.38926,25.10662],[121.39176,25.10067],[121.39236,25.1012],[121.39337,25.1005],[121.39264,25.10395],[121.39289,25.10477],[121.39343,25.10241],[121.39454,25.10137],[121.39573,25.09932],[121.39504,25.09787],[121.39608,25.09641],[121.39693,25.09318],[121.39605,25.09043],[121.39643,25.08777],[121.39542,25.0862],[121.39463,25.08614],[121.39406,25.08754],[121.39457,25.0881],[121.39261,25.089],[121.39274,25.08749],[121.39116,25.08746],[121.38999,25.0881],[121.38999,25.08724]]]}},{"type":"Feature","properties":{"VILLCODE":"65000120025","VILLNAME":"銅山里","TOWNCODE":"65000120","TOWNNAME":"瑞芳區","COUNTYNAME":"新北市"},"geometry":{"type":"Polygon","coordinates":[[[121.86641,25.09514],[121.86543,25.0952],[121.86192,25.09649],[121.8612,25.09646],[121.85826,25.09646],[121.85735,25.0973],[121.85634,25.09641],[121.85798,25.10011],[121.8581,25.10384],[121.85766,25.10558],[121.85498,25.10704],[121.85463,25.1099],[121.85618,25.10852],[121.85918,25.10841],[121.86237,25.10886],[121.86527,25.10751],[121.86688,25.10572],[121.86754,25.10401],[121.86906,25.10277],[121.86783,25.10106],[121.86798,25.10025],[121.86719,25.09705],[121.86641,25.09514]]]}},{"type":"Feature","properties":{"VILLCODE":"65000120001","VILLNAME":"龍潭里","TOWNCODE":"65000120","TOWNNAME":"瑞芳區","COUNTYNAME":"新北市"},"geometry":{"type":"Polygon","coordinates":[[[121.81148,25.10807],[121.80943,25.1074],[121.80501,25.10838],[121.80694,25.11009],[121.80773,25.10948],[121.81148,25.10807]]]}},{"type":"Feature","properties":{"VILLCODE":"65000120004","VILLNAME":"龍川里","TOWNCODE":"65000120","TOWNNAME":"瑞芳區","COUNTYNAME":"新北市"},"geometry":{"type":"Polygon","coordinates":[[[121.80501,25.10838],[121.80473,25.10676],[121.80062,25.10802],[121.79946,25.10864],[121.79841,25.11046],[121.79974,25.11051],[121.80075,25.10965],[121.80501,25.10838]]]}},{"type":"Feature","properties":{"VILLCODE":"65000120024","VILLNAME":"瓜山里","TOWNCODE":"65000120","TOWNNAME":"瑞芳區","COUNTYNAME":"新北市"},"geometry":{"type":"Polygon","coordinates":[[[121.85634,25.09641],[121.85454,25.09585],[121.85283,25.09669],[121.85012,25.0996],[121.84781,25.10047],[121.84472,25.10039],[121.8456,25.10117],[121.84671,25.10418],[121.84725,25.10437],[121.8475,25.10631],[121.84917,25.10771],[121.85043,25.10959],[121.85327,25.11066],[121.85425,25.1106],[121.85463,25.1099],[121.85498,25.10704],[121.85766,25.10558],[121.8581,25.10384],[121.85798,25.10011],[121.85634,25.09641]]]}},{"type":"Feature","properties":{"VILLCODE":"65000170010","VILLNAME":"頂福里","TOWNCODE":"65000170","TOWNNAME":"林口區","COUNTYNAME":"新北市"},"geometry":{"type":"Polygon","coordinates":[[[121.33339,25.08662],[121.33336,25.08662],[121.33264,25.08673],[121.33099,25.08802],[121.33014,25.08824],[121.32806,25.09097],[121.32525,25.0924],[121.32547,25.0945],[121.3219,25.09705],[121.32143,25.09817],[121.32209,25.0996],[121.31849,25.10157],[121.31531,25.10269],[121.31796,25.10418],[121.31903,25.10513],[121.31827,25.10707],[121.32001,25.10819],[121.32014,25.11068],[121.32244,25.11037],[121.3232,25.10953],[121.32506,25.10903],[121.32579,25.10836],[121.3286,25.10807],[121.32979,25.10743],[121.33181,25.10479],[121.3333,25.10345],[121.33589,25.10331],[121.33746,25.10064],[121.33939,25.09955],[121.34138,25.09994],[121.34324,25.0993],[121.34479,25.09927],[121.34678,25.0998],[121.34971,25.09972],[121.35394,25.09997],[121.35868,25.09834],[121.35978,25.09742],[121.36243,25.09604],[121.36332,25.09554],[121.36594,25.095],[121.36887,25.09402],[121.36777,25.09209],[121.3654,25.09284],[121.36262,25.09279],[121.3625,25.09349],[121.36123,25.0945],[121.35618,25.09475],[121.35486,25.09506],[121.35574,25.09411],[121.35858,25.09346],[121.3576,25.09268],[121.35956,25.0906],[121.36095,25.08998],[121.36534,25.09049],[121.36531,25.0899],[121.36398,25.08867],[121.36603,25.08763],[121.36729,25.08639],[121.3637,25.08681],[121.36281,25.08538],[121.3618,25.08676],[121.36073,25.0867],[121.36051,25.08597],[121.36461,25.08317],[121.36534,25.08179],[121.3671,25.08112],[121.3671,25.08048],[121.36521,25.08017],[121.36477,25.07846],[121.36389,25.0775],[121.36376,25.07646],[121.36284,25.07818],[121.363,25.07885],[121.36177,25.07955],[121.36265,25.08106],[121.36133,25.08191],[121.35852,25.08185],[121.35814,25.08056],[121.35584,25.08126],[121.35561,25.08213],[121.35394,25.08322],[121.35139,25.08387],[121.34839,25.08513],[121.34431,25.08597],[121.34125,25.0855],[121.33923,25.08578],[121.33655,25.08505],[121.33649,25.08513],[121.33346,25.08662],[121.33339,25.08662]]]}},{"type":"Feature","properties":{"VILLCODE":"65000120019","VILLNAME":"永慶里","TOWNCODE":"65000120","TOWNNAME":"瑞芳區","COUNTYNAME":"新北市"},"geometry":{"type":"Polygon","coordinates":[[[121.84472,25.10039],[121.84403,25.10022],[121.84336,25.10146],[121.84245,25.10176],[121.84223,25.10401],[121.84273,25.10563],[121.84415,25.10676],[121.8444,25.10908],[121.84718,25.11181],[121.84769,25.1108],[121.84649,25.10796],[121.8463,25.10614],[121.84671,25.10418],[121.8456,25.10117],[121.84472,25.10039]]]}},{"type":"Feature","properties":{"VILLCODE":"65000120008","VILLNAME":"柑坪里","TOWNCODE":"65000120","TOWNNAME":"瑞芳區","COUNTYNAME":"新北市"},"geometry":{"type":"Polygon","coordinates":[[[121.83885,25.10322],[121.83765,25.1035],[121.83569,25.10261],[121.83329,25.10294],[121.83124,25.10232],[121.83026,25.1037],[121.83023,25.10457],[121.83017,25.10524],[121.82903,25.106],[121.82666,25.10659],[121.82461,25.10594],[121.8225,25.10331],[121.82139,25.10367],[121.81978,25.10502],[121.81773,25.10782],[121.81609,25.10855],[121.81363,25.10793],[121.81221,25.10765],[121.81148,25.10807],[121.81303,25.11018],[121.81489,25.11133],[121.81789,25.11122],[121.82035,25.11181],[121.82152,25.11178],[121.82234,25.112],[121.82663,25.11099],[121.82881,25.11004],[121.8314,25.11037],[121.83437,25.11023],[121.83563,25.10875],[121.83831,25.10558],[121.83885,25.10322]]]}},{"type":"Feature","properties":{"VILLCODE":"65000120020","VILLNAME":"崇文里","TOWNCODE":"65000120","TOWNNAME":"瑞芳區","COUNTYNAME":"新北市"},"geometry":{"type":"Polygon","coordinates":[[[121.84273,25.10563],[121.84216,25.10701],[121.8409,25.11068],[121.84017,25.11197],[121.8409,25.1122],[121.84396,25.11088],[121.8444,25.10908],[121.84415,25.10676],[121.84273,25.10563]]]}},{"type":"Feature","properties":{"VILLCODE":"65000120003","VILLNAME":"龍鎮里","TOWNCODE":"65000120","TOWNNAME":"瑞芳區","COUNTYNAME":"新北市"},"geometry":{"type":"Polygon","coordinates":[[[121.81148,25.10807],[121.80773,25.10948],[121.80694,25.11009],[121.80735,25.11096],[121.8088,25.1122],[121.80965,25.11203],[121.81151,25.11329],[121.81328,25.11279],[121.81489,25.11133],[121.81303,25.11018],[121.81148,25.10807]]]}},{"type":"Feature","properties":{"VILLCODE":"65000150018","VILLNAME":"成泰里","TOWNCODE":"65000150","TOWNNAME":"五股區","COUNTYNAME":"新北市"},"geometry":{"type":"Polygon","coordinates":[[[121.45012,25.08802],[121.44962,25.08564],[121.44807,25.0848],[121.44441,25.08474],[121.44245,25.08322],[121.44141,25.0828],[121.44024,25.08252],[121.44075,25.08426],[121.44065,25.08589],[121.44103,25.08754],[121.43964,25.08911],[121.43857,25.08987],[121.43677,25.09273],[121.43617,25.09371],[121.43336,25.09458],[121.43257,25.09509],[121.43125,25.09761],[121.42948,25.09854],[121.429,25.10011],[121.42667,25.10277],[121.42563,25.10291],[121.42399,25.10235],[121.42193,25.10462],[121.4208,25.10541],[121.41916,25.10586],[121.41508,25.10914],[121.41376,25.11186],[121.41527,25.11332],[121.41647,25.11105],[121.41887,25.1088],[121.42017,25.10813],[121.42316,25.10726],[121.42547,25.10692],[121.42686,25.10603],[121.42818,25.10451],[121.43301,25.1023],[121.43598,25.10188],[121.43667,25.10115],[121.4375,25.10033],[121.44002,25.0961],[121.4415,25.09526],[121.44267,25.09374],[121.44302,25.09181],[121.44463,25.09125],[121.45012,25.08802]]]}},{"type":"Feature","properties":{"VILLCODE":"65000120006","VILLNAME":"龍安里","TOWNCODE":"65000120","TOWNNAME":"瑞芳區","COUNTYNAME":"新北市"},"geometry":{"type":"Polygon","coordinates":[[[121.79494,25.11273],[121.79567,25.11374],[121.79715,25.11413],[121.79718,25.11413],[121.79753,25.11248],[121.79933,25.11181],[121.80141,25.11046],[121.80239,25.11035],[121.80296,25.11175],[121.80558,25.11035],[121.80694,25.11009],[121.80501,25.10838],[121.80075,25.10965],[121.79974,25.11051],[121.79841,25.11046],[121.79725,25.11228],[121.79491,25.11267],[121.79494,25.11273]]]}},{"type":"Feature","properties":{"VILLCODE":"65000120023","VILLNAME":"新山里","TOWNCODE":"65000120","TOWNNAME":"瑞芳區","COUNTYNAME":"新北市"},"geometry":{"type":"Polygon","coordinates":[[[121.85425,25.1106],[121.85327,25.11066],[121.85043,25.10959],[121.84917,25.10771],[121.8475,25.10631],[121.84725,25.10437],[121.84671,25.10418],[121.8463,25.10614],[121.84649,25.10796],[121.84769,25.1108],[121.84718,25.11181],[121.84687,25.11298],[121.8475,25.11467],[121.84886,25.115],[121.85321,25.11338],[121.85425,25.1106]]]}},{"type":"Feature","properties":{"VILLCODE":"65000120022","VILLNAME":"頌德里","TOWNCODE":"65000120","TOWNNAME":"瑞芳區","COUNTYNAME":"新北市"},"geometry":{"type":"Polygon","coordinates":[[[121.84216,25.10701],[121.8404,25.10754],[121.84002,25.10819],[121.83825,25.10819],[121.83563,25.10875],[121.83437,25.11023],[121.8314,25.11037],[121.83307,25.1115],[121.83522,25.11192],[121.83503,25.1145],[121.83654,25.11517],[121.83989,25.11307],[121.84017,25.11197],[121.8409,25.11068],[121.84216,25.10701]]]}},{"type":"Feature","properties":{"VILLCODE":"65000110017","VILLNAME":"八連里","TOWNCODE":"65000110","TOWNNAME":"汐止區","COUNTYNAME":"新北市"},"geometry":{"type":"Polygon","coordinates":[[[121.64848,25.07554],[121.64561,25.07543],[121.64589,25.07686],[121.64586,25.07952],[121.64497,25.0802],[121.64267,25.07919],[121.64172,25.07826],[121.64078,25.07874],[121.64106,25.08087],[121.63932,25.08143],[121.6385,25.08336],[121.63664,25.08883],[121.63519,25.09105],[121.63257,25.0929],[121.62976,25.09736],[121.62604,25.09643],[121.626,25.09646],[121.62553,25.097],[121.62329,25.09691],[121.61726,25.10129],[121.61723,25.1014],[121.61878,25.10505],[121.62016,25.11094],[121.62114,25.11214],[121.62193,25.11203],[121.6236,25.1136],[121.62487,25.11579],[121.62723,25.11371],[121.62982,25.11074],[121.63159,25.10917],[121.63412,25.10746],[121.63535,25.10597],[121.63658,25.10213],[121.63705,25.09904],[121.64008,25.09691],[121.64103,25.09579],[121.64144,25.09352],[121.6427,25.0906],[121.64324,25.0897],[121.64321,25.08805],[121.64374,25.08606],[121.6464,25.08123],[121.64775,25.07947],[121.64848,25.07554]]]}},{"type":"Feature","properties":{"VILLCODE":"65000120013","VILLNAME":"傑魚里","TOWNCODE":"65000120","TOWNNAME":"瑞芳區","COUNTYNAME":"新北市"},"geometry":{"type":"Polygon","coordinates":[[[121.79491,25.11267],[121.79725,25.11228],[121.79841,25.11046],[121.79946,25.10864],[121.79759,25.10701],[121.79766,25.10563],[121.79873,25.10412],[121.8005,25.10311],[121.80151,25.09904],[121.80293,25.09834],[121.80394,25.09607],[121.80268,25.09534],[121.8028,25.09371],[121.80394,25.092],[121.80416,25.0904],[121.80602,25.08861],[121.80612,25.08768],[121.80782,25.08701],[121.81019,25.08454],[121.80994,25.08294],[121.80886,25.08149],[121.8082,25.08101],[121.80441,25.07977],[121.80268,25.07899],[121.80031,25.0791],[121.79643,25.07776],[121.7957,25.07717],[121.79482,25.07736],[121.78954,25.07604],[121.78945,25.08048],[121.79081,25.0835],[121.7904,25.0853],[121.79055,25.08651],[121.79024,25.08869],[121.78954,25.09043],[121.78828,25.09043],[121.7868,25.09111],[121.78405,25.09366],[121.78213,25.09601],[121.78443,25.09708],[121.7856,25.0982],[121.78746,25.09927],[121.78642,25.10059],[121.78494,25.10084],[121.78329,25.10182],[121.78131,25.10479],[121.78197,25.10639],[121.78244,25.1088],[121.78197,25.10965],[121.78351,25.11251],[121.78279,25.11548],[121.78339,25.11663],[121.78339,25.11663],[121.78351,25.1166],[121.78547,25.11828],[121.78566,25.11826],[121.78724,25.11587],[121.79018,25.11228],[121.79292,25.1129],[121.79488,25.11265],[121.79488,25.11267],[121.79491,25.11267]]]}},{"type":"Feature","properties":{"VILLCODE":"65000120018","VILLNAME":"基山里","TOWNCODE":"65000120","TOWNNAME":"瑞芳區","COUNTYNAME":"新北市"},"geometry":{"type":"Polygon","coordinates":[[[121.84718,25.11181],[121.8444,25.10908],[121.84396,25.11088],[121.8409,25.1122],[121.84017,25.11197],[121.83989,25.11307],[121.83654,25.11517],[121.83879,25.11576],[121.84002,25.11708],[121.84469,25.11823],[121.84832,25.11842],[121.84766,25.11739],[121.8475,25.11467],[121.84687,25.11298],[121.84718,25.11181]]]}},{"type":"Feature","properties":{"VILLCODE":"65000120011","VILLNAME":"吉慶里","TOWNCODE":"65000120","TOWNNAME":"瑞芳區","COUNTYNAME":"新北市"},"geometry":{"type":"Polygon","coordinates":[[[121.75776,25.10325],[121.75725,25.10533],[121.75741,25.10664],[121.75605,25.10838],[121.75391,25.10866],[121.75274,25.10684],[121.75088,25.10774],[121.75002,25.10965],[121.75009,25.10976],[121.75018,25.10984],[121.75173,25.11096],[121.75179,25.11102],[121.75185,25.11102],[121.75703,25.11012],[121.7594,25.11256],[121.76145,25.11239],[121.76328,25.11343],[121.76546,25.11324],[121.76688,25.11253],[121.76798,25.11396],[121.76972,25.11497],[121.77048,25.11683],[121.77149,25.118],[121.77149,25.11809],[121.77193,25.11904],[121.77354,25.12028],[121.7737,25.12028],[121.7749,25.11988],[121.77581,25.1187],[121.77717,25.11859],[121.77941,25.11755],[121.78058,25.11767],[121.78336,25.11663],[121.78339,25.11663],[121.78339,25.11663],[121.78279,25.11548],[121.78351,25.11251],[121.78197,25.10965],[121.78244,25.1088],[121.78197,25.10639],[121.77799,25.10659],[121.77673,25.10634],[121.77667,25.10751],[121.77471,25.10872],[121.77209,25.10922],[121.77117,25.10908],[121.77023,25.10662],[121.76849,25.10465],[121.76757,25.10258],[121.76467,25.10207],[121.75905,25.10261],[121.75776,25.10325]]]}},{"type":"Feature","properties":{"VILLCODE":"65000120026","VILLNAME":"石山里","TOWNCODE":"65000120","TOWNNAME":"瑞芳區","COUNTYNAME":"新北市"},"geometry":{"type":"Polygon","coordinates":[[[121.86237,25.10886],[121.85918,25.10841],[121.85618,25.10852],[121.85463,25.1099],[121.85425,25.1106],[121.85321,25.11338],[121.84886,25.115],[121.8475,25.11467],[121.84766,25.11739],[121.84832,25.11842],[121.84886,25.11899],[121.85056,25.11915],[121.85438,25.1203],[121.85501,25.12008],[121.85643,25.11955],[121.85883,25.11798],[121.85993,25.11716],[121.86057,25.11593],[121.85962,25.11394],[121.86044,25.11127],[121.8618,25.11018],[121.86237,25.10886]]]}},{"type":"Feature","properties":{"VILLCODE":"65000150016","VILLNAME":"集賢里","TOWNCODE":"65000150","TOWNNAME":"五股區","COUNTYNAME":"新北市"},"geometry":{"type":"Polygon","coordinates":[[[121.44779,25.10272],[121.44794,25.10162],[121.4464,25.10213],[121.44397,25.10176],[121.44217,25.10188],[121.44053,25.10157],[121.43901,25.10185],[121.43983,25.10328],[121.43933,25.10527],[121.44008,25.10847],[121.43958,25.11023],[121.43851,25.11085],[121.4381,25.11175],[121.43652,25.11228],[121.43626,25.11321],[121.4369,25.11461],[121.43709,25.11666],[121.4368,25.11786],[121.43778,25.12058],[121.44037,25.12196],[121.44144,25.12],[121.4428,25.11966],[121.4445,25.11988],[121.447,25.11865],[121.44687,25.1154],[121.44608,25.11352],[121.44577,25.11122],[121.44602,25.10886],[121.44649,25.10757],[121.44826,25.1069],[121.44857,25.10622],[121.45025,25.10519],[121.4505,25.10406],[121.44779,25.10272]]]}},{"type":"Feature","properties":{"VILLCODE":"65000150003","VILLNAME":"集福里","TOWNCODE":"65000150","TOWNNAME":"五股區","COUNTYNAME":"新北市"},"geometry":{"type":"Polygon","coordinates":[[[121.45779,25.10659],[121.45536,25.10614],[121.45363,25.10608],[121.45025,25.10519],[121.44857,25.10622],[121.44826,25.1069],[121.44649,25.10757],[121.44602,25.10886],[121.44577,25.11122],[121.44608,25.11352],[121.44687,25.1154],[121.447,25.11865],[121.4445,25.11988],[121.4428,25.11966],[121.44488,25.12047],[121.44775,25.12095],[121.44772,25.12204],[121.44905,25.12014],[121.45176,25.12005],[121.45299,25.12075],[121.45299,25.11938],[121.45571,25.11845],[121.45536,25.11624],[121.457,25.11439],[121.45855,25.11427],[121.45842,25.11281],[121.45902,25.1127],[121.45833,25.11169],[121.45719,25.10864],[121.4577,25.1067],[121.45779,25.10659]]]}},{"type":"Feature","properties":{"VILLCODE":"65000260011","VILLNAME":"和美里","TOWNCODE":"65000260","TOWNNAME":"貢寮區","COUNTYNAME":"新北市"},"geometry":{"type":"Polygon","coordinates":[[[121.91666,25.07596],[121.91495,25.07237],[121.91467,25.07086],[121.91262,25.07049],[121.91091,25.06928],[121.91038,25.07158],[121.91047,25.07341],[121.90981,25.07461],[121.90548,25.07907],[121.90258,25.08025],[121.89851,25.08258],[121.89661,25.08216],[121.89346,25.08185],[121.89065,25.08207],[121.888,25.08039],[121.88632,25.08006],[121.88452,25.08011],[121.88102,25.08353],[121.8784,25.08311],[121.87742,25.08502],[121.8767,25.08541],[121.876,25.08746],[121.87651,25.09063],[121.87704,25.09172],[121.87647,25.09341],[121.87553,25.09461],[121.87856,25.09503],[121.88168,25.09775],[121.88298,25.09848],[121.88522,25.09913],[121.8874,25.10033],[121.89011,25.10045],[121.89065,25.10101],[121.89245,25.10059],[121.89573,25.10115],[121.8974,25.10347],[121.89649,25.10482],[121.89478,25.10866],[121.89504,25.11001],[121.89658,25.11133],[121.89762,25.11377],[121.90005,25.11368],[121.90157,25.11475],[121.90207,25.1159],[121.90561,25.1168],[121.90627,25.11739],[121.90795,25.1175],[121.90839,25.11674],[121.91154,25.11775],[121.91306,25.11767],[121.91438,25.11856],[121.9182,25.12014],[121.91956,25.1205],[121.92108,25.12173],[121.92259,25.12232],[121.9212,25.12134],[121.92082,25.11744],[121.91694,25.11618],[121.91609,25.11492],[121.91606,25.11388],[121.91694,25.11307],[121.91858,25.11253],[121.92127,25.11368],[121.92117,25.11413],[121.92319,25.11329],[121.92445,25.11175],[121.92493,25.11049],[121.92657,25.10816],[121.92546,25.10611],[121.92322,25.1053],[121.92408,25.1039],[121.92363,25.10345],[121.92193,25.10406],[121.92051,25.10333],[121.91944,25.10213],[121.91855,25.10022],[121.91972,25.0977],[121.91959,25.09486],[121.91738,25.09425],[121.91603,25.09254],[121.91606,25.09198],[121.91445,25.08976],[121.91442,25.08547],[121.91486,25.08435],[121.91644,25.08244],[121.91688,25.0814],[121.91536,25.07809],[121.91555,25.07663],[121.91666,25.07596]]]}},{"type":"Feature","properties":{"VILLCODE":"65000150007","VILLNAME":"五龍里","TOWNCODE":"65000150","TOWNNAME":"五股區","COUNTYNAME":"新北市"},"geometry":{"type":"Polygon","coordinates":[[[121.41969,25.08286],[121.41906,25.08185],[121.41657,25.08106],[121.4159,25.07941],[121.41464,25.07913],[121.41426,25.08059],[121.41496,25.08255],[121.41303,25.0805],[121.41231,25.08213],[121.41079,25.08238],[121.40909,25.08429],[121.40921,25.086],[121.40823,25.08681],[121.40811,25.08853],[121.41057,25.08973],[121.41003,25.09209],[121.40871,25.09198],[121.40953,25.09324],[121.40767,25.09568],[121.40801,25.09582],[121.41183,25.09268],[121.41262,25.09635],[121.41161,25.0961],[121.41079,25.09509],[121.40956,25.09705],[121.40988,25.09781],[121.40896,25.0996],[121.40823,25.09871],[121.40688,25.10019],[121.40738,25.10112],[121.40647,25.10263],[121.4041,25.10092],[121.40372,25.10193],[121.40397,25.10381],[121.40303,25.10698],[121.40186,25.1076],[121.40126,25.10922],[121.4017,25.11037],[121.40072,25.11304],[121.40003,25.11332],[121.40097,25.11514],[121.40104,25.11803],[121.40239,25.11848],[121.40325,25.12002],[121.40239,25.12008],[121.40476,25.12258],[121.40707,25.12204],[121.40978,25.12103],[121.41085,25.12134],[121.413,25.12286],[121.41464,25.12294],[121.41524,25.12249],[121.41452,25.11966],[121.41442,25.11643],[121.41527,25.11332],[121.41376,25.11186],[121.41508,25.10914],[121.41916,25.10586],[121.4208,25.10541],[121.42193,25.10462],[121.42399,25.10235],[121.42563,25.10291],[121.42667,25.10277],[121.429,25.10011],[121.42948,25.09854],[121.42793,25.09888],[121.42774,25.09739],[121.42537,25.09582],[121.42184,25.09318],[121.42007,25.09116],[121.41919,25.0892],[121.41849,25.08662],[121.41903,25.08348],[121.41969,25.08286]]]}},{"type":"Feature","properties":{"VILLCODE":"65000170012","VILLNAME":"嘉寶里","TOWNCODE":"65000170","TOWNNAME":"林口區","COUNTYNAME":"新北市"},"geometry":{"type":"Polygon","coordinates":[[[121.36145,25.10182],[121.36625,25.09792],[121.36827,25.09773],[121.37045,25.0966],[121.36903,25.09641],[121.36767,25.09686],[121.36609,25.09677],[121.36464,25.09728],[121.36259,25.097],[121.36243,25.09604],[121.35978,25.09742],[121.35868,25.09834],[121.35394,25.09997],[121.34971,25.09972],[121.34678,25.0998],[121.34479,25.09927],[121.34324,25.0993],[121.34138,25.09994],[121.33939,25.09955],[121.33746,25.10064],[121.33589,25.10331],[121.3333,25.10345],[121.33181,25.10479],[121.32979,25.10743],[121.3286,25.10807],[121.32579,25.10836],[121.32506,25.10903],[121.3232,25.10953],[121.32244,25.11037],[121.32014,25.11068],[121.31954,25.11122],[121.31824,25.1136],[121.31673,25.1145],[121.31572,25.11584],[121.31594,25.11744],[121.31761,25.11974],[121.31742,25.12182],[121.31799,25.12406],[121.32014,25.12342],[121.32354,25.12426],[121.32471,25.12401],[121.32686,25.12423],[121.33011,25.1253],[121.33093,25.1233],[121.33251,25.121],[121.33472,25.12061],[121.33822,25.12064],[121.34065,25.11904],[121.34495,25.1157],[121.34665,25.11587],[121.34845,25.11534],[121.35164,25.11371],[121.35012,25.11158],[121.35176,25.1115],[121.35382,25.11091],[121.35457,25.11023],[121.35694,25.10951],[121.35865,25.10788],[121.36051,25.10423],[121.36145,25.10182]]]}},{"type":"Feature","properties":{"VILLCODE":"65000120027","VILLNAME":"濂新里","TOWNCODE":"65000120","TOWNNAME":"瑞芳區","COUNTYNAME":"新北市"},"geometry":{"type":"Polygon","coordinates":[[[121.86906,25.10277],[121.86754,25.10401],[121.86688,25.10572],[121.86527,25.10751],[121.86237,25.10886],[121.8618,25.11018],[121.86044,25.11127],[121.85962,25.11394],[121.86057,25.11593],[121.85993,25.11716],[121.85883,25.11798],[121.86072,25.11876],[121.86158,25.12],[121.86148,25.12103],[121.863,25.12215],[121.8642,25.12406],[121.86505,25.12314],[121.86852,25.12314],[121.86953,25.12524],[121.87029,25.12532],[121.87057,25.12431],[121.87149,25.12381],[121.87253,25.12538],[121.87326,25.12479],[121.87165,25.12078],[121.8718,25.11789],[121.87272,25.11464],[121.87136,25.11209],[121.87225,25.10869],[121.87155,25.10622],[121.86906,25.10277]]]}},{"type":"Feature","properties":{"VILLCODE":"65000120032","VILLNAME":"南雅里","TOWNCODE":"65000120","TOWNNAME":"瑞芳區","COUNTYNAME":"新北市"},"geometry":{"type":"Polygon","coordinates":[[[121.87553,25.09461],[121.87417,25.095],[121.87231,25.09374],[121.87041,25.09399],[121.86855,25.09377],[121.86707,25.09411],[121.86641,25.09514],[121.86719,25.09705],[121.86798,25.10025],[121.86783,25.10106],[121.86906,25.10277],[121.87155,25.10622],[121.87225,25.10869],[121.87136,25.11209],[121.87272,25.11464],[121.8718,25.11789],[121.87165,25.12078],[121.87326,25.12479],[121.87458,25.12549],[121.87477,25.12485],[121.876,25.12558],[121.87742,25.12504],[121.8779,25.12356],[121.87998,25.12305],[121.88118,25.12375],[121.88437,25.12333],[121.88721,25.12269],[121.88762,25.12095],[121.88819,25.12173],[121.88983,25.11988],[121.89106,25.12028],[121.89213,25.11974],[121.89317,25.12064],[121.89339,25.12008],[121.89485,25.1203],[121.89614,25.11554],[121.89762,25.11377],[121.89658,25.11133],[121.89504,25.11001],[121.89478,25.10866],[121.89649,25.10482],[121.8974,25.10347],[121.89573,25.10115],[121.89245,25.10059],[121.89065,25.10101],[121.89011,25.10045],[121.8874,25.10033],[121.88522,25.09913],[121.88298,25.09848],[121.88168,25.09775],[121.87856,25.09503],[121.87553,25.09461]]]}},{"type":"Feature","properties":{"VILLCODE":"65000170011","VILLNAME":"下福里","TOWNCODE":"65000170","TOWNNAME":"林口區","COUNTYNAME":"新北市"},"geometry":{"type":"Polygon","coordinates":[[[121.30208,25.0975],[121.30208,25.09753],[121.30142,25.09848],[121.30123,25.10168],[121.30006,25.10227],[121.29984,25.1035],[121.29829,25.10448],[121.29551,25.10303],[121.2939,25.10305],[121.29192,25.10261],[121.29176,25.10261],[121.29075,25.10488],[121.29034,25.10673],[121.28674,25.10704],[121.28481,25.10878],[121.28295,25.10936],[121.2827,25.11007],[121.2838,25.11214],[121.28358,25.11722],[121.28358,25.1173],[121.28339,25.11781],[121.28765,25.11789],[121.29135,25.11856],[121.29261,25.1191],[121.29491,25.12084],[121.29621,25.12283],[121.29725,25.12269],[121.29854,25.12319],[121.29671,25.12617],[121.29817,25.1253],[121.29877,25.1242],[121.30063,25.12521],[121.30416,25.12417],[121.30448,25.12594],[121.30495,25.12611],[121.30953,25.12589],[121.30997,25.12555],[121.31022,25.12375],[121.31348,25.12344],[121.31647,25.12412],[121.31799,25.12406],[121.31742,25.12182],[121.31761,25.11974],[121.31594,25.11744],[121.31572,25.11584],[121.31673,25.1145],[121.31824,25.1136],[121.31954,25.11122],[121.32014,25.11068],[121.32001,25.10819],[121.31827,25.10707],[121.31903,25.10513],[121.31796,25.10418],[121.31531,25.10269],[121.31849,25.10157],[121.32209,25.0996],[121.32143,25.09817],[121.3219,25.09705],[121.32547,25.0945],[121.32525,25.0924],[121.32515,25.09245],[121.32137,25.09256],[121.31947,25.09318],[121.31824,25.09301],[121.31707,25.09399],[121.31575,25.09422],[121.31344,25.09534],[121.31038,25.09655],[121.30524,25.09672],[121.30435,25.09641],[121.30268,25.09686],[121.30211,25.09747],[121.30208,25.0975]]]}},{"type":"Feature","properties":{"VILLCODE":"65000120028","VILLNAME":"濂洞里","TOWNCODE":"65000120","TOWNNAME":"瑞芳區","COUNTYNAME":"新北市"},"geometry":{"type":"Polygon","coordinates":[[[121.85883,25.11798],[121.85643,25.11955],[121.85501,25.12008],[121.85801,25.12187],[121.85937,25.12389],[121.85933,25.12482],[121.86063,25.12457],[121.86237,25.12633],[121.86284,25.12538],[121.86262,25.12429],[121.8642,25.12406],[121.863,25.12215],[121.86148,25.12103],[121.86158,25.12],[121.86072,25.11876],[121.85883,25.11798]]]}},{"type":"Feature","properties":{"VILLCODE":"65000120005","VILLNAME":"龍山里","TOWNCODE":"65000120","TOWNNAME":"瑞芳區","COUNTYNAME":"新北市"},"geometry":{"type":"Polygon","coordinates":[[[121.79718,25.11413],[121.79721,25.11416],[121.79775,25.1143],[121.79794,25.11612],[121.79863,25.11666],[121.79756,25.11772],[121.79873,25.11842],[121.79886,25.11935],[121.79759,25.11983],[121.79709,25.12129],[121.79418,25.12333],[121.79453,25.12617],[121.79453,25.12619],[121.79459,25.12639],[121.79759,25.12502],[121.7981,25.12429],[121.79911,25.12434],[121.7998,25.12311],[121.80072,25.12305],[121.80226,25.12179],[121.80286,25.12193],[121.8029,25.12193],[121.80413,25.12182],[121.80785,25.12056],[121.80889,25.11991],[121.81038,25.11778],[121.81082,25.11568],[121.81186,25.11436],[121.813,25.11368],[121.81328,25.11279],[121.81151,25.11329],[121.80965,25.11203],[121.8088,25.1122],[121.80735,25.11096],[121.80694,25.11009],[121.80558,25.11035],[121.80296,25.11175],[121.80239,25.11035],[121.80141,25.11046],[121.79933,25.11181],[121.79753,25.11248],[121.79718,25.11413]]]}},{"type":"Feature","properties":{"VILLCODE":"65000110044","VILLNAME":"長青里","TOWNCODE":"65000110","TOWNNAME":"汐止區","COUNTYNAME":"新北市"},"geometry":{"type":"Polygon","coordinates":[[[121.62487,25.11579],[121.6236,25.1136],[121.62193,25.11203],[121.62114,25.11214],[121.62016,25.11094],[121.61878,25.10505],[121.61723,25.1014],[121.6172,25.10143],[121.61546,25.10384],[121.61385,25.10448],[121.61038,25.10519],[121.60801,25.10676],[121.60476,25.10735],[121.60293,25.10816],[121.59946,25.10858],[121.59943,25.10861],[121.59747,25.10953],[121.59551,25.11349],[121.59567,25.11413],[121.5975,25.11621],[121.59889,25.12011],[121.5998,25.12033],[121.60078,25.12185],[121.60173,25.12603],[121.60274,25.12619],[121.60337,25.12555],[121.60429,25.1258],[121.60432,25.12583],[121.60444,25.12591],[121.60665,25.12732],[121.60435,25.12384],[121.60527,25.12347],[121.60568,25.12443],[121.60684,25.1249],[121.60858,25.12496],[121.61022,25.1244],[121.6118,25.12316],[121.61451,25.12286],[121.61672,25.12215],[121.61792,25.12232],[121.62187,25.11885],[121.62487,25.11579]]]}},{"type":"Feature","properties":{"VILLCODE":"65000170013","VILLNAME":"瑞平里","TOWNCODE":"65000170","TOWNNAME":"林口區","COUNTYNAME":"新北市"},"geometry":{"type":"Polygon","coordinates":[[[121.37872,25.10283],[121.37803,25.1035],[121.37556,25.10446],[121.37421,25.10552],[121.37143,25.10662],[121.3731,25.10462],[121.37096,25.10519],[121.36957,25.10639],[121.36878,25.10799],[121.36796,25.10869],[121.36673,25.10805],[121.36546,25.10813],[121.36824,25.10628],[121.36903,25.10527],[121.36894,25.1039],[121.3708,25.10297],[121.36856,25.10272],[121.36726,25.10454],[121.36581,25.10443],[121.36518,25.10249],[121.36745,25.10115],[121.36518,25.10179],[121.36448,25.10067],[121.36149,25.10317],[121.36145,25.10182],[121.36051,25.10423],[121.35865,25.10788],[121.35694,25.10951],[121.35457,25.11023],[121.35382,25.11091],[121.35176,25.1115],[121.35012,25.11158],[121.35164,25.11371],[121.34845,25.11534],[121.34665,25.11587],[121.34495,25.1157],[121.34065,25.11904],[121.33822,25.12064],[121.33472,25.12061],[121.33251,25.121],[121.33093,25.1233],[121.33011,25.1253],[121.33172,25.12532],[121.33554,25.12608],[121.33863,25.12698],[121.34109,25.12858],[121.34403,25.12852],[121.34608,25.12485],[121.34649,25.12361],[121.34627,25.12232],[121.3488,25.12154],[121.34987,25.12199],[121.35227,25.12151],[121.35334,25.12193],[121.35473,25.12117],[121.35606,25.12148],[121.36022,25.1184],[121.36288,25.11837],[121.36531,25.11719],[121.36868,25.11739],[121.37118,25.11486],[121.37212,25.1145],[121.37275,25.11346],[121.37449,25.11242],[121.37601,25.11063],[121.37847,25.10908],[121.38099,25.10821],[121.38257,25.10821],[121.3797,25.10793],[121.37942,25.10563],[121.37752,25.1083],[121.37496,25.10945],[121.37266,25.10934],[121.37531,25.10785],[121.37449,25.10757],[121.37604,25.10594],[121.37856,25.10398],[121.37872,25.10283]]]}},{"type":"Feature","properties":{"VILLCODE":"65000120029","VILLNAME":"海濱里","TOWNCODE":"65000120","TOWNNAME":"瑞芳區","COUNTYNAME":"新北市"},"geometry":{"type":"Polygon","coordinates":[[[121.8314,25.11037],[121.82881,25.11004],[121.82663,25.11099],[121.82234,25.112],[121.82152,25.11178],[121.82199,25.11363],[121.82363,25.11612],[121.82329,25.11761],[121.82395,25.12148],[121.8254,25.12173],[121.82565,25.12255],[121.82802,25.12274],[121.82957,25.12437],[121.8285,25.12726],[121.83026,25.12779],[121.83153,25.12703],[121.83175,25.12771],[121.83374,25.12701],[121.83408,25.12844],[121.83648,25.12802],[121.83901,25.12861],[121.83945,25.12807],[121.84071,25.12861],[121.84207,25.12816],[121.84188,25.12886],[121.84302,25.12855],[121.84286,25.12782],[121.84488,25.12726],[121.84895,25.12723],[121.84999,25.12675],[121.85267,25.12617],[121.85608,25.12482],[121.85933,25.12482],[121.85937,25.12389],[121.85801,25.12187],[121.85501,25.12008],[121.85438,25.1203],[121.85056,25.11915],[121.84886,25.11899],[121.84832,25.11842],[121.84469,25.11823],[121.84002,25.11708],[121.83879,25.11576],[121.83654,25.11517],[121.83503,25.1145],[121.83522,25.11192],[121.83307,25.1115],[121.8314,25.11037]]]}},{"type":"Feature","properties":{"VILLCODE":"65000120030","VILLNAME":"瑞濱里","TOWNCODE":"65000120","TOWNNAME":"瑞芳區","COUNTYNAME":"新北市"},"geometry":{"type":"Polygon","coordinates":[[[121.82152,25.11178],[121.82035,25.11181],[121.81789,25.11122],[121.81489,25.11133],[121.81328,25.11279],[121.813,25.11368],[121.81186,25.11436],[121.81082,25.11568],[121.81038,25.11778],[121.8111,25.11814],[121.8112,25.11927],[121.81319,25.12],[121.81394,25.12485],[121.81451,25.12647],[121.81738,25.12889],[121.81988,25.12942],[121.81912,25.12706],[121.81963,25.12476],[121.82105,25.12241],[121.82256,25.12143],[121.82395,25.12148],[121.82329,25.11761],[121.82363,25.11612],[121.82199,25.11363],[121.82152,25.11178]]]}},{"type":"Feature","properties":{"VILLCODE":"65000120033","VILLNAME":"鼻頭里","TOWNCODE":"65000120","TOWNNAME":"瑞芳區","COUNTYNAME":"新北市"},"geometry":{"type":"Polygon","coordinates":[[[121.92259,25.12232],[121.92108,25.12173],[121.91956,25.1205],[121.9182,25.12014],[121.91438,25.11856],[121.91306,25.11767],[121.91154,25.11775],[121.90839,25.11674],[121.90795,25.1175],[121.90627,25.11739],[121.90561,25.1168],[121.90207,25.1159],[121.90157,25.11475],[121.90005,25.11368],[121.89762,25.11377],[121.89614,25.11554],[121.89485,25.1203],[121.89598,25.121],[121.89605,25.12019],[121.89706,25.11971],[121.90075,25.12078],[121.90444,25.12328],[121.90454,25.12431],[121.90662,25.12387],[121.90813,25.12395],[121.91031,25.12336],[121.91177,25.12417],[121.91337,25.12448],[121.91577,25.12356],[121.91603,25.12426],[121.91524,25.12532],[121.91571,25.12673],[121.91647,25.12726],[121.9189,25.1276],[121.9212,25.12849],[121.92224,25.12956],[121.92401,25.13012],[121.92603,25.12967],[121.92679,25.12883],[121.92414,25.12403],[121.92259,25.12232]]]}},{"type":"Feature","properties":{"VILLCODE":"65000150004","VILLNAME":"觀音里","TOWNCODE":"65000150","TOWNNAME":"五股區","COUNTYNAME":"新北市"},"geometry":{"type":"Polygon","coordinates":[[[121.43901,25.10185],[121.43667,25.10115],[121.43598,25.10188],[121.43301,25.1023],[121.42818,25.10451],[121.42686,25.10603],[121.42547,25.10692],[121.42316,25.10726],[121.42017,25.10813],[121.41887,25.1088],[121.41647,25.11105],[121.41527,25.11332],[121.41442,25.11643],[121.41452,25.11966],[121.41524,25.12249],[121.41464,25.12294],[121.41553,25.1237],[121.41606,25.12516],[121.41565,25.12939],[121.41632,25.12998],[121.42051,25.13015],[121.42133,25.12956],[121.42433,25.13217],[121.42506,25.13155],[121.42604,25.1297],[121.42954,25.12869],[121.4315,25.129],[121.43333,25.12782],[121.43595,25.12729],[121.43841,25.12499],[121.43914,25.12521],[121.44037,25.12445],[121.44138,25.12319],[121.44305,25.12283],[121.44554,25.12311],[121.44772,25.12204],[121.44775,25.12095],[121.44488,25.12047],[121.4428,25.11966],[121.44144,25.12],[121.44037,25.12196],[121.43778,25.12058],[121.4368,25.11786],[121.43709,25.11666],[121.4369,25.11461],[121.43626,25.11321],[121.43652,25.11228],[121.4381,25.11175],[121.43851,25.11085],[121.43958,25.11023],[121.44008,25.10847],[121.43933,25.10527],[121.43983,25.10328],[121.43901,25.10185]]]}},{"type":"Feature","properties":{"VILLCODE":"65000230009","VILLNAME":"長坑里","TOWNCODE":"65000230","TOWNNAME":"八里區","COUNTYNAME":"新北市"},"geometry":{"type":"Polygon","coordinates":[[[121.39255,25.08042],[121.39242,25.08135],[121.39359,25.08407],[121.39283,25.08451],[121.3927,25.08637],[121.39046,25.08676],[121.38999,25.08724],[121.38999,25.0881],[121.39116,25.08746],[121.39274,25.08749],[121.39261,25.089],[121.39457,25.0881],[121.39406,25.08754],[121.39463,25.08614],[121.39542,25.0862],[121.39643,25.08777],[121.39605,25.09043],[121.39693,25.09318],[121.39608,25.09641],[121.39504,25.09787],[121.39573,25.09932],[121.39454,25.10137],[121.39343,25.10241],[121.39289,25.10477],[121.39264,25.10395],[121.39337,25.1005],[121.39236,25.1012],[121.39176,25.10067],[121.38926,25.10662],[121.38822,25.10687],[121.38709,25.10911],[121.38541,25.10934],[121.38525,25.10993],[121.38649,25.11144],[121.38544,25.11279],[121.38589,25.11492],[121.38333,25.11475],[121.38134,25.11655],[121.38005,25.11683],[121.37957,25.11772],[121.37695,25.11977],[121.37702,25.12145],[121.37591,25.1214],[121.37465,25.12244],[121.3743,25.12454],[121.37257,25.12586],[121.37181,25.12734],[121.37285,25.12872],[121.3738,25.12886],[121.37503,25.1306],[121.37638,25.13172],[121.37945,25.13231],[121.38017,25.13318],[121.38273,25.13377],[121.3863,25.13354],[121.38882,25.13388],[121.39059,25.13452],[121.39416,25.13441],[121.39501,25.13492],[121.39668,25.13363],[121.39633,25.13262],[121.39728,25.13189],[121.39722,25.13057],[121.3981,25.12939],[121.39851,25.12723],[121.39908,25.12689],[121.40331,25.1258],[121.40621,25.12325],[121.40707,25.12204],[121.40476,25.12258],[121.40239,25.12008],[121.40325,25.12002],[121.40239,25.11848],[121.40104,25.11803],[121.40097,25.11514],[121.40003,25.11332],[121.40072,25.11304],[121.4017,25.11037],[121.40126,25.10922],[121.40186,25.1076],[121.40195,25.10614],[121.40025,25.10634],[121.40208,25.10479],[121.40255,25.10359],[121.4017,25.10333],[121.40195,25.10117],[121.40079,25.10174],[121.40214,25.09969],[121.40243,25.09862],[121.40186,25.09787],[121.40397,25.09548],[121.40293,25.09486],[121.40312,25.09355],[121.40195,25.09195],[121.40079,25.09178],[121.40041,25.08942],[121.4023,25.0892],[121.40214,25.08754],[121.39977,25.08777],[121.39936,25.08575],[121.39864,25.08407],[121.39731,25.08451],[121.39722,25.083],[121.39861,25.08199],[121.39858,25.0809],[121.39599,25.08219],[121.39599,25.08359],[121.39536,25.08376],[121.39495,25.08221],[121.39431,25.08196],[121.39362,25.08],[121.39255,25.08042]]]}},{"type":"Feature","properties":{"VILLCODE":"65000120031","VILLNAME":"深澳里","TOWNCODE":"65000120","TOWNNAME":"瑞芳區","COUNTYNAME":"新北市"},"geometry":{"type":"Polygon","coordinates":[[[121.8029,25.12193],[121.80299,25.12204],[121.80343,25.1235],[121.80485,25.12507],[121.80498,25.12577],[121.80384,25.12723],[121.80425,25.12849],[121.80533,25.12917],[121.80536,25.13113],[121.80391,25.13354],[121.80255,25.13433],[121.80283,25.135],[121.80286,25.13511],[121.80302,25.13542],[121.80309,25.13553],[121.8035,25.13618],[121.80684,25.13562],[121.80738,25.13469],[121.81041,25.13309],[121.8118,25.13371],[121.81385,25.13407],[121.81543,25.13475],[121.81745,25.13413],[121.81985,25.1348],[121.82187,25.13604],[121.82534,25.13604],[121.82663,25.13565],[121.82584,25.13469],[121.82307,25.1325],[121.82139,25.13256],[121.82212,25.13332],[121.82114,25.1341],[121.82023,25.13309],[121.82004,25.13133],[121.81881,25.12981],[121.81915,25.12933],[121.82149,25.13068],[121.81988,25.12942],[121.81738,25.12889],[121.81451,25.12647],[121.81394,25.12485],[121.81319,25.12],[121.8112,25.11927],[121.8111,25.11814],[121.81038,25.11778],[121.80889,25.11991],[121.80785,25.12056],[121.80413,25.12182],[121.8029,25.12193]]]}},{"type":"Feature","properties":{"VILLCODE":"65000100039","VILLNAME":"民權里","TOWNCODE":"65000100","TOWNNAME":"淡水區","COUNTYNAME":"新北市"},"geometry":{"type":"Polygon","coordinates":[[[121.4618,25.13309],[121.46066,25.13149],[121.45811,25.13063],[121.45773,25.13508],[121.46003,25.13615],[121.46032,25.13699],[121.46265,25.13545],[121.46212,25.13497],[121.4618,25.13309]]]}},{"type":"Feature","properties":{"VILLCODE":"65000100017","VILLNAME":"福德里","TOWNCODE":"65000100","TOWNNAME":"淡水區","COUNTYNAME":"新北市"},"geometry":{"type":"Polygon","coordinates":[[[121.45811,25.13063],[121.46066,25.13149],[121.4618,25.13309],[121.46388,25.13475],[121.46527,25.13528],[121.46486,25.1359],[121.46534,25.13738],[121.4683,25.13663],[121.47004,25.13691],[121.47083,25.13674],[121.47077,25.13668],[121.46897,25.13565],[121.46833,25.13444],[121.46562,25.13155],[121.46429,25.12757],[121.46467,25.126],[121.46436,25.12409],[121.46433,25.12409],[121.46426,25.12406],[121.46158,25.12342],[121.46063,25.12415],[121.45887,25.12917],[121.45811,25.13063]]]}},{"type":"Feature","properties":{"VILLCODE":"65000100018","VILLNAME":"竹圍里","TOWNCODE":"65000100","TOWNNAME":"淡水區","COUNTYNAME":"新北市"},"geometry":{"type":"Polygon","coordinates":[[[121.4618,25.13309],[121.46212,25.13497],[121.46265,25.13545],[121.46032,25.13699],[121.46003,25.13615],[121.45773,25.13508],[121.45782,25.13781],[121.45849,25.13761],[121.45984,25.13848],[121.46101,25.1371],[121.4624,25.13699],[121.46404,25.13786],[121.46426,25.13744],[121.46631,25.13828],[121.4683,25.138],[121.46881,25.13727],[121.47004,25.13691],[121.4683,25.13663],[121.46534,25.13738],[121.46486,25.1359],[121.46527,25.13528],[121.46388,25.13475],[121.4618,25.13309]]]}},{"type":"Feature","properties":{"VILLCODE":"65000230001","VILLNAME":"龍源里","TOWNCODE":"65000230","TOWNNAME":"八里區","COUNTYNAME":"新北市"},"geometry":{"type":"Polygon","coordinates":[[[121.45902,25.1127],[121.45842,25.11281],[121.45855,25.11427],[121.457,25.11439],[121.45536,25.11624],[121.45571,25.11845],[121.45299,25.11938],[121.45299,25.12075],[121.45176,25.12005],[121.44905,25.12014],[121.44772,25.12204],[121.44554,25.12311],[121.44305,25.12283],[121.44138,25.12319],[121.44037,25.12445],[121.43914,25.12521],[121.43841,25.12499],[121.43595,25.12729],[121.43333,25.12782],[121.4315,25.129],[121.42954,25.12869],[121.42604,25.1297],[121.42506,25.13155],[121.42566,25.13214],[121.42433,25.13438],[121.42443,25.13576],[121.4256,25.1368],[121.42585,25.1368],[121.429,25.13497],[121.43118,25.13399],[121.43273,25.13534],[121.43415,25.13539],[121.43636,25.13492],[121.44226,25.1366],[121.44368,25.13635],[121.44646,25.13702],[121.45423,25.13974],[121.45568,25.13309],[121.45681,25.12664],[121.4588,25.12415],[121.45877,25.12294],[121.45937,25.12193],[121.46092,25.11621],[121.46092,25.11618],[121.46085,25.11604],[121.45902,25.1127]]]}},{"type":"Feature","properties":{"VILLCODE":"65000110016","VILLNAME":"烘內里","TOWNCODE":"65000110","TOWNNAME":"汐止區","COUNTYNAME":"新北市"},"geometry":{"type":"Polygon","coordinates":[[[121.62679,25.13971],[121.62679,25.13963],[121.62777,25.13719],[121.62787,25.13609],[121.62866,25.13466],[121.63266,25.13222],[121.63307,25.1311],[121.63465,25.13046],[121.63794,25.13082],[121.64078,25.12959],[121.64182,25.12807],[121.64302,25.12782],[121.64437,25.12502],[121.64491,25.12336],[121.64469,25.12221],[121.64624,25.12106],[121.6457,25.11904],[121.64602,25.1159],[121.64576,25.11542],[121.64624,25.11363],[121.64769,25.11189],[121.64883,25.11116],[121.65015,25.10962],[121.65047,25.10807],[121.65223,25.10468],[121.65167,25.10342],[121.65025,25.10336],[121.64895,25.1019],[121.65037,25.10056],[121.65059,25.09873],[121.65167,25.09801],[121.65182,25.09798],[121.64908,25.09562],[121.64722,25.09315],[121.64311,25.09181],[121.6427,25.0906],[121.64144,25.09352],[121.64103,25.09579],[121.64008,25.09691],[121.63705,25.09904],[121.63658,25.10213],[121.63535,25.10597],[121.63412,25.10746],[121.63159,25.10917],[121.62982,25.11074],[121.62723,25.11371],[121.62487,25.11579],[121.62187,25.11885],[121.61792,25.12232],[121.61672,25.12215],[121.61451,25.12286],[121.6118,25.12316],[121.61022,25.1244],[121.60858,25.12496],[121.60684,25.1249],[121.60568,25.12443],[121.60527,25.12347],[121.60435,25.12384],[121.60665,25.12732],[121.60444,25.12591],[121.60754,25.12919],[121.60782,25.1302],[121.60845,25.13178],[121.60934,25.13262],[121.6112,25.13321],[121.61628,25.13755],[121.61713,25.13893],[121.61896,25.13834],[121.62395,25.13966],[121.62679,25.13971]]]}},{"type":"Feature","properties":{"VILLCODE":"65000170014","VILLNAME":"太平里","TOWNCODE":"65000170","TOWNNAME":"林口區","COUNTYNAME":"新北市"},"geometry":{"type":"Polygon","coordinates":[[[121.38541,25.10934],[121.38355,25.10807],[121.38257,25.10821],[121.38099,25.10821],[121.37847,25.10908],[121.37601,25.11063],[121.37449,25.11242],[121.37275,25.11346],[121.37212,25.1145],[121.37118,25.11486],[121.36868,25.11739],[121.36531,25.11719],[121.36288,25.11837],[121.36022,25.1184],[121.35606,25.12148],[121.35473,25.12117],[121.35334,25.12193],[121.35227,25.12151],[121.34987,25.12199],[121.3488,25.12154],[121.34627,25.12232],[121.34649,25.12361],[121.34608,25.12485],[121.34403,25.12852],[121.34501,25.12844],[121.34687,25.1299],[121.34864,25.13006],[121.35347,25.13161],[121.35546,25.13309],[121.35994,25.13475],[121.36448,25.13786],[121.36527,25.14019],[121.36581,25.13971],[121.36651,25.13562],[121.36714,25.13388],[121.36881,25.1322],[121.37064,25.12861],[121.37181,25.12734],[121.37257,25.12586],[121.3743,25.12454],[121.37465,25.12244],[121.37591,25.1214],[121.37702,25.12145],[121.37695,25.11977],[121.37957,25.11772],[121.38005,25.11683],[121.38134,25.11655],[121.38333,25.11475],[121.38589,25.11492],[121.38544,25.11279],[121.38649,25.11144],[121.38525,25.10993],[121.38541,25.10934]]]}},{"type":"Feature","properties":{"VILLCODE":"65000230008","VILLNAME":"荖阡里","TOWNCODE":"65000230","TOWNNAME":"八里區","COUNTYNAME":"新北市"},"geometry":{"type":"Polygon","coordinates":[[[121.41464,25.12294],[121.413,25.12286],[121.41085,25.12134],[121.40978,25.12103],[121.40707,25.12204],[121.40621,25.12325],[121.40331,25.1258],[121.39908,25.12689],[121.39851,25.12723],[121.3981,25.12939],[121.39722,25.13057],[121.39728,25.13189],[121.39633,25.13262],[121.39668,25.13363],[121.39501,25.13492],[121.39536,25.13579],[121.39526,25.13884],[121.39368,25.14041],[121.39185,25.14173],[121.39447,25.14198],[121.39608,25.1426],[121.39719,25.14375],[121.39772,25.14586],[121.39835,25.14616],[121.39835,25.14543],[121.40091,25.14271],[121.40082,25.14156],[121.4046,25.1394],[121.40596,25.13806],[121.40902,25.13576],[121.41183,25.13458],[121.41429,25.13413],[121.41433,25.13276],[121.41502,25.13119],[121.41632,25.12998],[121.41565,25.12939],[121.41606,25.12516],[121.41553,25.1237],[121.41464,25.12294]]]}},{"type":"Feature","properties":{"VILLCODE":"65000230010","VILLNAME":"下罟里","TOWNCODE":"65000230","TOWNNAME":"八里區","COUNTYNAME":"新北市"},"geometry":{"type":"Polygon","coordinates":[[[121.39501,25.13492],[121.39416,25.13441],[121.39059,25.13452],[121.38882,25.13388],[121.3863,25.13354],[121.38273,25.13377],[121.38017,25.13318],[121.37945,25.13231],[121.37638,25.13172],[121.37503,25.1306],[121.3738,25.12886],[121.37285,25.12872],[121.37181,25.12734],[121.37064,25.12861],[121.36881,25.1322],[121.36714,25.13388],[121.36651,25.13562],[121.36581,25.13971],[121.36733,25.1391],[121.36912,25.1396],[121.37168,25.141],[121.37197,25.14198],[121.37537,25.14196],[121.37743,25.14288],[121.37948,25.14302],[121.38273,25.14456],[121.38604,25.1458],[121.38964,25.14768],[121.39103,25.14476],[121.39087,25.1428],[121.39185,25.14173],[121.39368,25.14041],[121.39526,25.13884],[121.39536,25.13579],[121.39501,25.13492]]]}},{"type":"Feature","properties":{"VILLCODE":"65000100019","VILLNAME":"民生里","TOWNCODE":"65000100","TOWNNAME":"淡水區","COUNTYNAME":"新北市"},"geometry":{"type":"Polygon","coordinates":[[[121.48099,25.14726],[121.4809,25.14717],[121.4791,25.14566],[121.47907,25.14563],[121.47894,25.14555],[121.47657,25.14367],[121.47594,25.14238],[121.47591,25.14238],[121.47591,25.14238],[121.47588,25.14235],[121.47484,25.14114],[121.47301,25.13974],[121.47196,25.13772],[121.47092,25.1368],[121.47083,25.13674],[121.47004,25.13691],[121.46881,25.13727],[121.4683,25.138],[121.46631,25.13828],[121.46426,25.13744],[121.46404,25.13786],[121.4624,25.13699],[121.46101,25.1371],[121.45984,25.13848],[121.45849,25.13761],[121.45782,25.13781],[121.45757,25.14212],[121.46104,25.14266],[121.46246,25.14406],[121.46284,25.14344],[121.46452,25.14297],[121.46676,25.14392],[121.46837,25.14672],[121.46947,25.14748],[121.47105,25.14947],[121.47247,25.15023],[121.47421,25.1536],[121.47686,25.1536],[121.47635,25.15169],[121.47774,25.15079],[121.47799,25.14925],[121.48099,25.14726],[121.48099,25.14726]]]}},{"type":"Feature","properties":{"VILLCODE":"65000230006","VILLNAME":"舊城里","TOWNCODE":"65000230","TOWNNAME":"八里區","COUNTYNAME":"新北市"},"geometry":{"type":"Polygon","coordinates":[[[121.41429,25.13413],[121.41183,25.13458],[121.40902,25.13576],[121.40596,25.13806],[121.4046,25.1394],[121.40082,25.14156],[121.40091,25.14271],[121.39835,25.14543],[121.39835,25.14616],[121.39987,25.14692],[121.39955,25.14743],[121.40435,25.14984],[121.40574,25.15242],[121.40858,25.15587],[121.41164,25.15318],[121.41073,25.15267],[121.41155,25.15163],[121.4119,25.14844],[121.41357,25.14543],[121.41328,25.14367],[121.4112,25.14277],[121.41338,25.13842],[121.41452,25.13643],[121.41429,25.13413]]]}},{"type":"Feature","properties":{"VILLCODE":"65000100020","VILLNAME":"八勢里","TOWNCODE":"65000100","TOWNNAME":"淡水區","COUNTYNAME":"新北市"},"geometry":{"type":"Polygon","coordinates":[[[121.47421,25.1536],[121.47247,25.15023],[121.47105,25.14947],[121.46947,25.14748],[121.46837,25.14672],[121.46676,25.14392],[121.46452,25.14297],[121.46284,25.14344],[121.46246,25.14406],[121.46104,25.14266],[121.45757,25.14212],[121.45666,25.1474],[121.45501,25.15233],[121.4535,25.155],[121.45246,25.15623],[121.45044,25.15929],[121.45151,25.15977],[121.45577,25.15884],[121.45681,25.15828],[121.45842,25.15887],[121.46859,25.1596],[121.46919,25.15862],[121.47193,25.15893],[121.47389,25.1585],[121.47553,25.1571],[121.47553,25.15531],[121.47421,25.1536]]]}},{"type":"Feature","properties":{"VILLCODE":"65000230007","VILLNAME":"訊塘里","TOWNCODE":"65000230","TOWNNAME":"八里區","COUNTYNAME":"新北市"},"geometry":{"type":"Polygon","coordinates":[[[121.39835,25.14616],[121.39772,25.14586],[121.39719,25.14375],[121.39608,25.1426],[121.39447,25.14198],[121.39185,25.14173],[121.39087,25.1428],[121.39103,25.14476],[121.38964,25.14768],[121.38784,25.15194],[121.388,25.15205],[121.39053,25.16302],[121.39817,25.15632],[121.39974,25.1559],[121.40129,25.15455],[121.40255,25.1543],[121.40306,25.15284],[121.40293,25.15135],[121.40435,25.14984],[121.39955,25.14743],[121.39987,25.14692],[121.39835,25.14616]]]}},{"type":"Feature","properties":{"VILLCODE":"65000100016","VILLNAME":"坪頂里","TOWNCODE":"65000100","TOWNNAME":"淡水區","COUNTYNAME":"新北市"},"geometry":{"type":"Polygon","coordinates":[[[121.48099,25.14726],[121.48099,25.14726],[121.47799,25.14925],[121.47774,25.15079],[121.47635,25.15169],[121.47686,25.1536],[121.47421,25.1536],[121.47553,25.15531],[121.47553,25.1571],[121.47389,25.1585],[121.47193,25.15893],[121.46919,25.15862],[121.46859,25.1596],[121.46887,25.16044],[121.46808,25.16229],[121.46723,25.16552],[121.46979,25.16563],[121.47181,25.16479],[121.47474,25.16431],[121.47771,25.16431],[121.47926,25.16355],[121.48166,25.16302],[121.48349,25.16313],[121.48488,25.16243],[121.48743,25.16235],[121.48841,25.16184],[121.48566,25.16005],[121.48737,25.15963],[121.48876,25.16019],[121.49113,25.16041],[121.49217,25.16008],[121.49217,25.16005],[121.49071,25.15735],[121.48762,25.15301],[121.4875,25.15149],[121.48677,25.15093],[121.48677,25.1509],[121.48399,25.15082],[121.48285,25.15023],[121.48099,25.14729],[121.48099,25.14726]]]}},{"type":"Feature","properties":{"VILLCODE":"65000230002","VILLNAME":"米倉里","TOWNCODE":"65000230","TOWNNAME":"八里區","COUNTYNAME":"新北市"},"geometry":{"type":"Polygon","coordinates":[[[121.45423,25.13974],[121.44646,25.13702],[121.44368,25.13635],[121.44226,25.1366],[121.43636,25.13492],[121.43415,25.13539],[121.43273,25.13534],[121.43118,25.13399],[121.429,25.13497],[121.42585,25.1368],[121.42661,25.1391],[121.42799,25.1412],[121.42834,25.14322],[121.42806,25.14636],[121.42935,25.14835],[121.43024,25.15054],[121.4297,25.15323],[121.43024,25.15553],[121.43178,25.15766],[121.43058,25.15968],[121.43197,25.16064],[121.43579,25.16602],[121.43822,25.16448],[121.441,25.16254],[121.444,25.16002],[121.44614,25.158],[121.44917,25.15461],[121.45041,25.1527],[121.45265,25.14667],[121.45423,25.13974]]]}},{"type":"Feature","properties":{"VILLCODE":"65000230005","VILLNAME":"頂罟里","TOWNCODE":"65000230","TOWNNAME":"八里區","COUNTYNAME":"新北市"},"geometry":{"type":"Polygon","coordinates":[[[121.40858,25.15587],[121.40574,25.15242],[121.40435,25.14984],[121.40293,25.15135],[121.40306,25.15284],[121.40255,25.1543],[121.40129,25.15455],[121.39974,25.1559],[121.39817,25.15632],[121.39053,25.16302],[121.39173,25.16798],[121.40028,25.16041],[121.4023,25.15879],[121.40552,25.16044],[121.40678,25.16246],[121.41007,25.16622],[121.41332,25.16229],[121.41423,25.16148],[121.41272,25.16052],[121.41291,25.15996],[121.41171,25.15839],[121.40858,25.15587]]]}},{"type":"Feature","properties":{"VILLCODE":"65000100021","VILLNAME":"竿蓁里","TOWNCODE":"65000100","TOWNNAME":"淡水區","COUNTYNAME":"新北市"},"geometry":{"type":"Polygon","coordinates":[[[121.46859,25.1596],[121.45842,25.15887],[121.45681,25.15828],[121.45577,25.15884],[121.45151,25.15977],[121.4494,25.16066],[121.44614,25.158],[121.444,25.16002],[121.44715,25.1635],[121.44794,25.16268],[121.44965,25.16336],[121.4494,25.16428],[121.45006,25.16524],[121.44936,25.16563],[121.45037,25.16863],[121.45104,25.16911],[121.45419,25.16883],[121.45508,25.1693],[121.45918,25.16871],[121.46029,25.16894],[121.46107,25.16897],[121.46502,25.16762],[121.46562,25.16768],[121.46723,25.16552],[121.46808,25.16229],[121.46887,25.16044],[121.46859,25.1596]]]}},{"type":"Feature","properties":{"VILLCODE":"65000100026","VILLNAME":"草東里","TOWNCODE":"65000100","TOWNNAME":"淡水區","COUNTYNAME":"新北市"},"geometry":{"type":"Polygon","coordinates":[[[121.441,25.16254],[121.43822,25.16448],[121.4409,25.17012],[121.44217,25.16995],[121.44517,25.16871],[121.44558,25.16846],[121.441,25.16254]]]}},{"type":"Feature","properties":{"VILLCODE":"65000280007","VILLNAME":"溪底里","TOWNCODE":"65000280","TOWNNAME":"萬里區","COUNTYNAME":"新北市"},"geometry":{"type":"Polygon","coordinates":[[[121.64027,25.14552],[121.64018,25.14563],[121.63958,25.14569],[121.63885,25.1444],[121.63677,25.14361],[121.63478,25.14389],[121.63206,25.1426],[121.63102,25.14257],[121.62932,25.14176],[121.62679,25.13974],[121.62679,25.13971],[121.62395,25.13966],[121.61896,25.13834],[121.61713,25.13893],[121.61628,25.13755],[121.6112,25.13321],[121.60934,25.13262],[121.60845,25.13178],[121.60782,25.1302],[121.60463,25.13077],[121.60486,25.13273],[121.60457,25.13455],[121.60571,25.13674],[121.6041,25.13615],[121.6034,25.13708],[121.60167,25.13789],[121.60066,25.13926],[121.59838,25.14033],[121.59819,25.14103],[121.59576,25.14358],[121.59602,25.14476],[121.59542,25.1463],[121.5939,25.14804],[121.59371,25.15006],[121.59295,25.15079],[121.59182,25.15093],[121.58964,25.15217],[121.58945,25.15264],[121.59037,25.15332],[121.59081,25.15466],[121.5916,25.15511],[121.59182,25.15758],[121.59052,25.16027],[121.58986,25.16375],[121.59277,25.16423],[121.5933,25.16482],[121.59589,25.1656],[121.60012,25.16249],[121.60164,25.1626],[121.60258,25.16047],[121.60384,25.15968],[121.60495,25.15991],[121.60785,25.16111],[121.61148,25.16392],[121.61268,25.16451],[121.6148,25.16482],[121.61597,25.16577],[121.61609,25.16678],[121.6154,25.16877],[121.61552,25.16975],[121.61717,25.1709],[121.61884,25.17104],[121.62054,25.17045],[121.62294,25.16888],[121.6248,25.16801],[121.63143,25.16678],[121.63396,25.16568],[121.63588,25.16448],[121.63888,25.16181],[121.63958,25.1617],[121.64134,25.16263],[121.64289,25.16179],[121.64419,25.16181],[121.64513,25.16271],[121.64621,25.16013],[121.64545,25.15895],[121.64387,25.15935],[121.64198,25.15932],[121.6404,25.15806],[121.63926,25.15612],[121.63936,25.15503],[121.64043,25.15402],[121.64144,25.15228],[121.64188,25.14866],[121.64138,25.14695],[121.64027,25.14552]]]}},{"type":"Feature","properties":{"VILLCODE":"65000100024","VILLNAME":"長庚里","TOWNCODE":"65000100","TOWNNAME":"淡水區","COUNTYNAME":"新北市"},"geometry":{"type":"Polygon","coordinates":[[[121.44517,25.16871],[121.44217,25.16995],[121.44292,25.17157],[121.4446,25.17169],[121.4457,25.17076],[121.44517,25.16871]]]}},{"type":"Feature","properties":{"VILLCODE":"65000100022","VILLNAME":"鄧公里","TOWNCODE":"65000100","TOWNNAME":"淡水區","COUNTYNAME":"新北市"},"geometry":{"type":"Polygon","coordinates":[[[121.46029,25.16894],[121.45918,25.16871],[121.45508,25.1693],[121.45419,25.16883],[121.45104,25.16911],[121.45037,25.16863],[121.44936,25.16563],[121.44835,25.16605],[121.44728,25.16765],[121.44921,25.17093],[121.4506,25.17101],[121.45097,25.17157],[121.45258,25.17177],[121.45441,25.17051],[121.45899,25.17062],[121.45978,25.17048],[121.46029,25.16894]]]}},{"type":"Feature","properties":{"VILLCODE":"65000100025","VILLNAME":"清文里","TOWNCODE":"65000100","TOWNNAME":"淡水區","COUNTYNAME":"新北市"},"geometry":{"type":"Polygon","coordinates":[[[121.44217,25.16995],[121.4409,25.17012],[121.44018,25.17076],[121.44109,25.17149],[121.44179,25.17186],[121.44292,25.17157],[121.44217,25.16995]]]}},{"type":"Feature","properties":{"VILLCODE":"65000280008","VILLNAME":"崁脚里","TOWNCODE":"65000280","TOWNNAME":"萬里區","COUNTYNAME":"新北市"},"geometry":{"type":"Polygon","coordinates":[[[121.65119,25.14723],[121.65119,25.14715],[121.64955,25.14487],[121.64627,25.14577],[121.64403,25.14574],[121.64239,25.14496],[121.6403,25.14549],[121.64027,25.14552],[121.64138,25.14695],[121.64188,25.14866],[121.64144,25.15228],[121.64043,25.15402],[121.63936,25.15503],[121.63926,25.15612],[121.6404,25.15806],[121.64198,25.15932],[121.64387,25.15935],[121.64545,25.15895],[121.64621,25.16013],[121.64513,25.16271],[121.64624,25.16468],[121.64955,25.16737],[121.65176,25.17014],[121.65359,25.17138],[121.65634,25.17028],[121.65861,25.17028],[121.66082,25.16986],[121.66145,25.16756],[121.66653,25.16754],[121.66742,25.1686],[121.66865,25.17146],[121.67026,25.1718],[121.67152,25.16835],[121.67259,25.16484],[121.67319,25.16395],[121.67487,25.16336],[121.67581,25.16252],[121.6773,25.16201],[121.67761,25.16005],[121.68001,25.15957],[121.68169,25.16036],[121.68273,25.15937],[121.68134,25.15929],[121.67824,25.15719],[121.67818,25.15705],[121.67761,25.15573],[121.67414,25.15542],[121.67146,25.15556],[121.66963,25.15463],[121.66922,25.15382],[121.66925,25.15376],[121.66761,25.15292],[121.66597,25.15292],[121.66385,25.15217],[121.6623,25.15259],[121.66107,25.15217],[121.6583,25.15222],[121.65722,25.15144],[121.65577,25.14922],[121.65299,25.14824],[121.65201,25.14841],[121.65119,25.14726],[121.65119,25.14723]]]}},{"type":"Feature","properties":{"VILLCODE":"65000100040","VILLNAME":"幸福里","TOWNCODE":"65000100","TOWNNAME":"淡水區","COUNTYNAME":"新北市"},"geometry":{"type":"Polygon","coordinates":[[[121.444,25.16002],[121.441,25.16254],[121.44558,25.16846],[121.44517,25.16871],[121.4457,25.17076],[121.44586,25.17222],[121.44782,25.17169],[121.44921,25.17093],[121.44728,25.16765],[121.44835,25.16605],[121.44936,25.16563],[121.45006,25.16524],[121.4494,25.16428],[121.44965,25.16336],[121.44794,25.16268],[121.44715,25.1635],[121.444,25.16002]]]}},{"type":"Feature","properties":{"VILLCODE":"65000230003","VILLNAME":"大崁里","TOWNCODE":"65000230","TOWNNAME":"八里區","COUNTYNAME":"新北市"},"geometry":{"type":"Polygon","coordinates":[[[121.42585,25.1368],[121.4256,25.1368],[121.42244,25.14072],[121.42156,25.14297],[121.42061,25.14381],[121.41985,25.14336],[121.41761,25.14549],[121.41676,25.14672],[121.4183,25.14639],[121.41871,25.14751],[121.4177,25.15054],[121.41815,25.15292],[121.41701,25.15351],[121.41594,25.15483],[121.41619,25.15525],[121.41471,25.15744],[121.41505,25.15963],[121.41584,25.16097],[121.41426,25.16151],[121.41568,25.16252],[121.41714,25.1628],[121.42291,25.17228],[121.42474,25.17124],[121.43115,25.16841],[121.43437,25.16697],[121.43579,25.16602],[121.43197,25.16064],[121.43058,25.15968],[121.43178,25.15766],[121.43024,25.15553],[121.4297,25.15323],[121.43024,25.15054],[121.42935,25.14835],[121.42806,25.14636],[121.42834,25.14322],[121.42799,25.1412],[121.42661,25.1391],[121.42585,25.1368]]]}},{"type":"Feature","properties":{"VILLCODE":"65000100029","VILLNAME":"民安里","TOWNCODE":"65000100","TOWNNAME":"淡水區","COUNTYNAME":"新北市"},"geometry":{"type":"Polygon","coordinates":[[[121.43822,25.16448],[121.43579,25.16602],[121.43437,25.16697],[121.43888,25.1716],[121.43879,25.17286],[121.43996,25.17244],[121.44109,25.17149],[121.44018,25.17076],[121.4409,25.17012],[121.43822,25.16448]]]}},{"type":"Feature","properties":{"VILLCODE":"65000100030","VILLNAME":"新生里","TOWNCODE":"65000100","TOWNNAME":"淡水區","COUNTYNAME":"新北市"},"geometry":{"type":"Polygon","coordinates":[[[121.43437,25.16697],[121.43115,25.16841],[121.43503,25.17331],[121.43879,25.17286],[121.43888,25.1716],[121.43437,25.16697]]]}},{"type":"Feature","properties":{"VILLCODE":"65000100027","VILLNAME":"協元里","TOWNCODE":"65000100","TOWNNAME":"淡水區","COUNTYNAME":"新北市"},"geometry":{"type":"Polygon","coordinates":[[[121.44179,25.17186],[121.44109,25.17149],[121.43996,25.17244],[121.43879,25.17286],[121.43895,25.17466],[121.43955,25.1748],[121.44138,25.17446],[121.44267,25.17427],[121.44226,25.17329],[121.44179,25.17186]]]}},{"type":"Feature","properties":{"VILLCODE":"65000230004","VILLNAME":"埤頭里","TOWNCODE":"65000230","TOWNNAME":"八里區","COUNTYNAME":"新北市"},"geometry":{"type":"Polygon","coordinates":[[[121.42506,25.13155],[121.42433,25.13217],[121.42133,25.12956],[121.42051,25.13015],[121.41632,25.12998],[121.41502,25.13119],[121.41433,25.13276],[121.41429,25.13413],[121.41452,25.13643],[121.41338,25.13842],[121.4112,25.14277],[121.41328,25.14367],[121.41357,25.14543],[121.4119,25.14844],[121.41155,25.15163],[121.41073,25.15267],[121.41164,25.15318],[121.40858,25.15587],[121.41171,25.15839],[121.41291,25.15996],[121.41272,25.16052],[121.41423,25.16148],[121.41332,25.16229],[121.41007,25.16622],[121.41253,25.16846],[121.41338,25.17048],[121.41411,25.17121],[121.41742,25.17556],[121.42291,25.17228],[121.41714,25.1628],[121.41568,25.16252],[121.41426,25.16151],[121.41584,25.16097],[121.41505,25.15963],[121.41471,25.15744],[121.41619,25.15525],[121.41594,25.15483],[121.41701,25.15351],[121.41815,25.15292],[121.4177,25.15054],[121.41871,25.14751],[121.4183,25.14639],[121.41676,25.14672],[121.41761,25.14549],[121.41985,25.14336],[121.42061,25.14381],[121.42156,25.14297],[121.42244,25.14072],[121.4256,25.1368],[121.42443,25.13576],[121.42433,25.13438],[121.42566,25.13214],[121.42506,25.13155]]]}},{"type":"Feature","properties":{"VILLCODE":"65000100041","VILLNAME":"學府里","TOWNCODE":"65000100","TOWNNAME":"淡水區","COUNTYNAME":"新北市"},"geometry":{"type":"Polygon","coordinates":[[[121.46562,25.16768],[121.46502,25.16762],[121.46107,25.16897],[121.46029,25.16894],[121.45978,25.17048],[121.45899,25.17062],[121.45441,25.17051],[121.45258,25.17177],[121.45097,25.17157],[121.4506,25.17101],[121.44921,25.17093],[121.44782,25.17169],[121.44586,25.17222],[121.44731,25.17298],[121.44952,25.17309],[121.44895,25.17345],[121.45489,25.17542],[121.45953,25.1766],[121.46322,25.17589],[121.46426,25.17547],[121.46732,25.17491],[121.47064,25.1725],[121.46947,25.17146],[121.46717,25.16841],[121.46512,25.16796],[121.46562,25.16768]]]}},{"type":"Feature","properties":{"VILLCODE":"65000100015","VILLNAME":"樹興里","TOWNCODE":"65000100","TOWNNAME":"淡水區","COUNTYNAME":"新北市"},"geometry":{"type":"Polygon","coordinates":[[[121.49217,25.16008],[121.49113,25.16041],[121.48876,25.16019],[121.48737,25.15963],[121.48566,25.16005],[121.48841,25.16184],[121.48743,25.16235],[121.48488,25.16243],[121.48349,25.16313],[121.48166,25.16302],[121.47926,25.16355],[121.47771,25.16431],[121.47474,25.16431],[121.47181,25.16479],[121.46979,25.16563],[121.46723,25.16552],[121.46562,25.16768],[121.46512,25.16796],[121.46717,25.16841],[121.46947,25.17146],[121.47064,25.1725],[121.472,25.17337],[121.47484,25.17416],[121.47736,25.17396],[121.48036,25.1741],[121.4839,25.17516],[121.48437,25.17584],[121.48667,25.1769],[121.48933,25.17646],[121.49182,25.17477],[121.49214,25.17334],[121.49374,25.17174],[121.49545,25.17138],[121.4987,25.17264],[121.49905,25.1741],[121.50104,25.17427],[121.5029,25.17334],[121.50284,25.17334],[121.50167,25.17127],[121.50176,25.1693],[121.50041,25.1686],[121.49971,25.16754],[121.49914,25.16563],[121.49744,25.16375],[121.49564,25.16288],[121.49374,25.16137],[121.49365,25.16131],[121.49223,25.16016],[121.49217,25.16008]]]}},{"type":"Feature","properties":{"VILLCODE":"65000100023","VILLNAME":"中興里","TOWNCODE":"65000100","TOWNNAME":"淡水區","COUNTYNAME":"新北市"},"geometry":{"type":"Polygon","coordinates":[[[121.4457,25.17076],[121.4446,25.17169],[121.44292,25.17157],[121.44179,25.17186],[121.44226,25.17329],[121.44311,25.17371],[121.44289,25.17494],[121.44457,25.17592],[121.44649,25.17578],[121.44816,25.17662],[121.45034,25.17724],[121.45154,25.17646],[121.45489,25.17542],[121.44895,25.17345],[121.44952,25.17309],[121.44731,25.17298],[121.44586,25.17222],[121.4457,25.17076]]]}},{"type":"Feature","properties":{"VILLCODE":"65000100034","VILLNAME":"新義里","TOWNCODE":"65000100","TOWNNAME":"淡水區","COUNTYNAME":"新北市"},"geometry":{"type":"Polygon","coordinates":[[[121.44138,25.17446],[121.43955,25.1748],[121.44043,25.17909],[121.44441,25.17892],[121.44169,25.17536],[121.44138,25.17446]]]}},{"type":"Feature","properties":{"VILLCODE":"65000100038","VILLNAME":"北新里","TOWNCODE":"65000100","TOWNNAME":"淡水區","COUNTYNAME":"新北市"},"geometry":{"type":"Polygon","coordinates":[[[121.46426,25.17547],[121.46322,25.17589],[121.45953,25.1766],[121.45489,25.17542],[121.45154,25.17646],[121.45034,25.17724],[121.44816,25.17662],[121.44687,25.17716],[121.44719,25.17842],[121.44798,25.17836],[121.45088,25.17962],[121.45192,25.17906],[121.45407,25.17926],[121.45593,25.17881],[121.45836,25.17744],[121.46202,25.17789],[121.46559,25.17631],[121.46426,25.17547]]]}},{"type":"Feature","properties":{"VILLCODE":"65000100031","VILLNAME":"文化里","TOWNCODE":"65000100","TOWNNAME":"淡水區","COUNTYNAME":"新北市"},"geometry":{"type":"Polygon","coordinates":[[[121.43115,25.16841],[121.42474,25.17124],[121.42812,25.1755],[121.42989,25.17522],[121.42992,25.17676],[121.43162,25.17744],[121.43298,25.17845],[121.4362,25.17985],[121.43955,25.1748],[121.43895,25.17466],[121.43879,25.17286],[121.43503,25.17331],[121.43115,25.16841]]]}},{"type":"Feature","properties":{"VILLCODE":"65000100011","VILLNAME":"水碓里","TOWNCODE":"65000100","TOWNNAME":"淡水區","COUNTYNAME":"新北市"},"geometry":{"type":"Polygon","coordinates":[[[121.44226,25.17329],[121.44267,25.17427],[121.44138,25.17446],[121.44169,25.17536],[121.44441,25.17892],[121.44466,25.18002],[121.44624,25.17948],[121.44618,25.17831],[121.44719,25.17842],[121.44687,25.17716],[121.44816,25.17662],[121.44649,25.17578],[121.44457,25.17592],[121.44289,25.17494],[121.44311,25.17371],[121.44226,25.17329]]]}},{"type":"Feature","properties":{"VILLCODE":"65000100037","VILLNAME":"正德里","TOWNCODE":"65000100","TOWNNAME":"淡水區","COUNTYNAME":"新北市"},"geometry":{"type":"Polygon","coordinates":[[[121.45088,25.17962],[121.44798,25.17836],[121.44719,25.17842],[121.44618,25.17831],[121.44624,25.17948],[121.44693,25.18094],[121.44908,25.18108],[121.45,25.18077],[121.45088,25.17962]]]}},{"type":"Feature","properties":{"VILLCODE":"65000280010","VILLNAME":"北基里","TOWNCODE":"65000280","TOWNNAME":"萬里區","COUNTYNAME":"新北市"},"geometry":{"type":"Polygon","coordinates":[[[121.68399,25.1808],[121.68462,25.17971],[121.68487,25.17766],[121.68683,25.17629],[121.68607,25.17508],[121.68405,25.17413],[121.68049,25.17452],[121.67853,25.17522],[121.67843,25.1766],[121.67903,25.178],[121.68178,25.18153],[121.68399,25.1808]]]}},{"type":"Feature","properties":{"VILLCODE":"65000100036","VILLNAME":"新民里","TOWNCODE":"65000100","TOWNNAME":"淡水區","COUNTYNAME":"新北市"},"geometry":{"type":"Polygon","coordinates":[[[121.44043,25.17909],[121.43955,25.1748],[121.4362,25.17985],[121.43595,25.18131],[121.43762,25.18159],[121.43873,25.18038],[121.43901,25.17915],[121.44043,25.17909]]]}},{"type":"Feature","properties":{"VILLCODE":"65000100010","VILLNAME":"新興里","TOWNCODE":"65000100","TOWNNAME":"淡水區","COUNTYNAME":"新北市"},"geometry":{"type":"Polygon","coordinates":[[[121.44441,25.17892],[121.44043,25.17909],[121.43901,25.17915],[121.43873,25.18038],[121.43762,25.18159],[121.43838,25.18204],[121.44046,25.1815],[121.44135,25.18184],[121.44378,25.18094],[121.44476,25.18089],[121.44466,25.18002],[121.44441,25.17892]]]}},{"type":"Feature","properties":{"VILLCODE":"65000280009","VILLNAME":"中幅里","TOWNCODE":"65000280","TOWNNAME":"萬里區","COUNTYNAME":"新北市"},"geometry":{"type":"Polygon","coordinates":[[[121.69109,25.16605],[121.69109,25.16602],[121.69109,25.16482],[121.68954,25.164],[121.68885,25.16409],[121.68759,25.1619],[121.68484,25.1601],[121.68317,25.16066],[121.68282,25.15949],[121.68273,25.15937],[121.68169,25.16036],[121.68001,25.15957],[121.67761,25.16005],[121.6773,25.16201],[121.67581,25.16252],[121.67487,25.16336],[121.67319,25.16395],[121.67259,25.16484],[121.67152,25.16835],[121.67026,25.1718],[121.66865,25.17146],[121.66742,25.1686],[121.66653,25.16754],[121.66145,25.16756],[121.66082,25.16986],[121.66218,25.17082],[121.66294,25.1732],[121.66275,25.17505],[121.66322,25.17688],[121.66499,25.17982],[121.66615,25.17861],[121.66761,25.17839],[121.6719,25.18128],[121.6748,25.18243],[121.67834,25.18235],[121.68178,25.18153],[121.67903,25.178],[121.67843,25.1766],[121.67853,25.17522],[121.68049,25.17452],[121.68405,25.17413],[121.68484,25.17233],[121.688,25.16978],[121.6892,25.16765],[121.69109,25.16605]]]}},{"type":"Feature","properties":{"VILLCODE":"65000280001","VILLNAME":"萬里里","TOWNCODE":"65000280","TOWNNAME":"萬里區","COUNTYNAME":"新北市"},"geometry":{"type":"Polygon","coordinates":[[[121.70965,25.17657],[121.7093,25.17595],[121.70905,25.17564],[121.70703,25.17418],[121.70599,25.17385],[121.70397,25.17407],[121.70223,25.17351],[121.7022,25.17256],[121.70107,25.17071],[121.70097,25.16936],[121.69911,25.16894],[121.69895,25.1672],[121.69756,25.16678],[121.69652,25.16717],[121.69497,25.16669],[121.69109,25.16608],[121.69109,25.16605],[121.6892,25.16765],[121.688,25.16978],[121.68484,25.17233],[121.68405,25.17413],[121.68607,25.17508],[121.68683,25.17629],[121.68487,25.17766],[121.68462,25.17971],[121.68399,25.1808],[121.68563,25.18279],[121.68891,25.18425],[121.69014,25.18229],[121.69267,25.18013],[121.69614,25.18176],[121.69655,25.18108],[121.69469,25.18091],[121.6945,25.18002],[121.69744,25.18013],[121.69715,25.18181],[121.69889,25.18097],[121.70274,25.18058],[121.7035,25.17999],[121.70356,25.17873],[121.70463,25.17685],[121.70659,25.17696],[121.70719,25.17603],[121.70965,25.17657]]]}},{"type":"Feature","properties":{"VILLCODE":"65000100035","VILLNAME":"新春里","TOWNCODE":"65000100","TOWNNAME":"淡水區","COUNTYNAME":"新北市"},"geometry":{"type":"Polygon","coordinates":[[[121.43762,25.18159],[121.43595,25.18131],[121.43506,25.1826],[121.43525,25.18372],[121.435,25.18434],[121.43661,25.18436],[121.44299,25.18434],[121.44352,25.18411],[121.44352,25.18243],[121.4446,25.18232],[121.44476,25.18089],[121.44378,25.18094],[121.44135,25.18184],[121.44046,25.1815],[121.43838,25.18204],[121.43762,25.18159]]]}},{"type":"Feature","properties":{"VILLCODE":"65000100032","VILLNAME":"油車里","TOWNCODE":"65000100","TOWNNAME":"淡水區","COUNTYNAME":"新北市"},"geometry":{"type":"Polygon","coordinates":[[[121.42474,25.17124],[121.42291,25.17228],[121.41742,25.17556],[121.41827,25.17668],[121.42099,25.1771],[121.42121,25.17828],[121.42212,25.17904],[121.42083,25.18005],[121.422,25.18097],[121.42307,25.181],[121.42247,25.18232],[121.42667,25.18563],[121.42758,25.18765],[121.42822,25.18776],[121.42894,25.18551],[121.43147,25.18383],[121.43342,25.18347],[121.43525,25.18372],[121.43506,25.1826],[121.43595,25.18131],[121.4362,25.17985],[121.43298,25.17845],[121.43162,25.17744],[121.42992,25.17676],[121.42989,25.17522],[121.42812,25.1755],[121.42474,25.17124]]]}},{"type":"Feature","properties":{"VILLCODE":"65000100012","VILLNAME":"北投里","TOWNCODE":"65000100","TOWNNAME":"淡水區","COUNTYNAME":"新北市"},"geometry":{"type":"Polygon","coordinates":[[[121.47064,25.1725],[121.46732,25.17491],[121.46426,25.17547],[121.46559,25.17631],[121.46202,25.17789],[121.45836,25.17744],[121.45593,25.17881],[121.45407,25.17926],[121.45192,25.17906],[121.45088,25.17962],[121.45,25.18077],[121.44908,25.18108],[121.44693,25.18094],[121.44624,25.17948],[121.44466,25.18002],[121.44476,25.18089],[121.4446,25.18232],[121.44393,25.18891],[121.44678,25.18888],[121.44687,25.18824],[121.44971,25.18852],[121.45423,25.18652],[121.45779,25.18658],[121.45845,25.18748],[121.46038,25.18885],[121.46098,25.18882],[121.46268,25.18742],[121.46625,25.18591],[121.46815,25.18563],[121.46953,25.18636],[121.47102,25.18585],[121.47263,25.18622],[121.47421,25.1854],[121.47408,25.18271],[121.47578,25.17749],[121.47597,25.17564],[121.47736,25.17396],[121.47484,25.17416],[121.472,25.17337],[121.47064,25.1725]]]}},{"type":"Feature","properties":{"VILLCODE":"65000100042","VILLNAME":"大庄里","TOWNCODE":"65000100","TOWNNAME":"淡水區","COUNTYNAME":"新北市"},"geometry":{"type":"Polygon","coordinates":[[[121.43661,25.18436],[121.435,25.18434],[121.43525,25.18372],[121.43342,25.18347],[121.43147,25.18383],[121.42894,25.18551],[121.42822,25.18776],[121.42758,25.18765],[121.42667,25.18563],[121.42247,25.18232],[121.42307,25.181],[121.422,25.18097],[121.42083,25.18005],[121.42004,25.18136],[121.42174,25.18274],[121.42342,25.18507],[121.42345,25.18781],[121.42553,25.18829],[121.42651,25.18975],[121.42585,25.19115],[121.42967,25.19062],[121.42976,25.19014],[121.43241,25.19011],[121.43323,25.18885],[121.43232,25.18731],[121.43434,25.18672],[121.4339,25.18577],[121.43642,25.18476],[121.43661,25.18436]]]}},{"type":"Feature","properties":{"VILLCODE":"65000280006","VILLNAME":"雙興里","TOWNCODE":"65000280","TOWNNAME":"萬里區","COUNTYNAME":"新北市"},"geometry":{"type":"Polygon","coordinates":[[[121.64513,25.16271],[121.64419,25.16181],[121.64289,25.16179],[121.64134,25.16263],[121.63958,25.1617],[121.63888,25.16181],[121.63588,25.16448],[121.63396,25.16568],[121.63143,25.16678],[121.6248,25.16801],[121.62294,25.16888],[121.62054,25.17045],[121.61884,25.17104],[121.61717,25.1709],[121.61552,25.16975],[121.6154,25.16877],[121.61609,25.16678],[121.61597,25.16577],[121.6148,25.16482],[121.61268,25.16451],[121.61148,25.16392],[121.60785,25.16111],[121.60495,25.15991],[121.60384,25.15968],[121.60258,25.16047],[121.60164,25.1626],[121.60012,25.16249],[121.59589,25.1656],[121.59668,25.1656],[121.59775,25.16765],[121.59977,25.16981],[121.60296,25.17362],[121.60397,25.17516],[121.6041,25.17629],[121.60542,25.1764],[121.60694,25.17746],[121.60725,25.17822],[121.61,25.17934],[121.61142,25.18094],[121.61429,25.1824],[121.61878,25.18299],[121.62111,25.18369],[121.62304,25.18476],[121.62657,25.18565],[121.62866,25.18689],[121.62989,25.18882],[121.63131,25.18936],[121.63408,25.18924],[121.63806,25.1884],[121.64033,25.18854],[121.64179,25.18902],[121.6463,25.19199],[121.64785,25.19051],[121.64911,25.19025],[121.65271,25.19009],[121.6553,25.18835],[121.65691,25.18793],[121.65811,25.1863],[121.65965,25.18445],[121.66388,25.18459],[121.66533,25.18369],[121.66543,25.18176],[121.66499,25.17982],[121.66322,25.17688],[121.66275,25.17505],[121.66294,25.1732],[121.66218,25.17082],[121.66082,25.16986],[121.65861,25.17028],[121.65634,25.17028],[121.65359,25.17138],[121.65176,25.17014],[121.64955,25.16737],[121.64624,25.16468],[121.64513,25.16271]]]}},{"type":"Feature","properties":{"VILLCODE":"65000100013","VILLNAME":"水源里","TOWNCODE":"65000100","TOWNNAME":"淡水區","COUNTYNAME":"新北市"},"geometry":{"type":"Polygon","coordinates":[[[121.5029,25.17334],[121.50104,25.17427],[121.49905,25.1741],[121.4987,25.17264],[121.49545,25.17138],[121.49374,25.17174],[121.49214,25.17334],[121.49182,25.17477],[121.48933,25.17646],[121.48667,25.1769],[121.48437,25.17584],[121.4839,25.17516],[121.48036,25.1741],[121.47736,25.17396],[121.47597,25.17564],[121.47578,25.17749],[121.47408,25.18271],[121.47421,25.1854],[121.47263,25.18622],[121.47102,25.18585],[121.46953,25.18636],[121.46815,25.18563],[121.46625,25.18591],[121.46268,25.18742],[121.46098,25.18882],[121.46038,25.18885],[121.46164,25.19025],[121.46411,25.19174],[121.46512,25.19174],[121.46461,25.19337],[121.46631,25.19253],[121.46789,25.19239],[121.47013,25.19084],[121.4737,25.19014],[121.47566,25.18899],[121.48061,25.18812],[121.48371,25.18666],[121.48453,25.18745],[121.48715,25.18843],[121.48841,25.19009],[121.49226,25.1918],[121.49308,25.19326],[121.49479,25.19292],[121.49469,25.19199],[121.49551,25.1911],[121.49684,25.1918],[121.50078,25.19295],[121.50261,25.19267],[121.50315,25.19082],[121.5052,25.19011],[121.50621,25.19025],[121.5077,25.18882],[121.50757,25.18762],[121.50984,25.18756],[121.51205,25.18526],[121.51534,25.18341],[121.51938,25.18249],[121.52067,25.18027],[121.52171,25.17912],[121.52231,25.17761],[121.522,25.17696],[121.52256,25.17469],[121.52124,25.17236],[121.52124,25.17155],[121.52004,25.16942],[121.51916,25.16942],[121.51909,25.16944],[121.51897,25.1695],[121.51395,25.17099],[121.513,25.17096],[121.5113,25.16942],[121.51044,25.16944],[121.50707,25.17118],[121.50606,25.17101],[121.50486,25.17323],[121.50309,25.17331],[121.5029,25.17334]]]}},{"type":"Feature","properties":{"VILLCODE":"65000100033","VILLNAME":"沙崙里","TOWNCODE":"65000100","TOWNNAME":"淡水區","COUNTYNAME":"新北市"},"geometry":{"type":"Polygon","coordinates":[[[121.42083,25.18005],[121.42212,25.17904],[121.42121,25.17828],[121.42099,25.1771],[121.41827,25.17668],[121.41884,25.17741],[121.41774,25.17943],[121.41638,25.18066],[121.40947,25.1819],[121.4076,25.18249],[121.40432,25.18307],[121.4046,25.18608],[121.40391,25.18697],[121.40486,25.18983],[121.40997,25.19065],[121.41183,25.19065],[121.41224,25.18995],[121.4142,25.19011],[121.41594,25.1907],[121.41676,25.19154],[121.41878,25.19154],[121.41941,25.19255],[121.41856,25.19295],[121.41774,25.19443],[121.41871,25.19505],[121.41818,25.19626],[121.41878,25.19875],[121.42657,25.196],[121.42522,25.19404],[121.4278,25.19365],[121.43017,25.19185],[121.42967,25.19062],[121.42585,25.19115],[121.42651,25.18975],[121.42553,25.18829],[121.42345,25.18781],[121.42342,25.18507],[121.42174,25.18274],[121.42004,25.18136],[121.42083,25.18005]]]}},{"type":"Feature","properties":{"VILLCODE":"65000100009","VILLNAME":"埤島里","TOWNCODE":"65000100","TOWNNAME":"淡水區","COUNTYNAME":"新北市"},"geometry":{"type":"Polygon","coordinates":[[[121.46038,25.18885],[121.45845,25.18748],[121.45779,25.18658],[121.45423,25.18652],[121.44971,25.18852],[121.44687,25.18824],[121.44678,25.18888],[121.44393,25.18891],[121.44378,25.18967],[121.4446,25.19213],[121.44378,25.19337],[121.44488,25.19528],[121.44466,25.19685],[121.44564,25.19816],[121.44561,25.1994],[121.44674,25.19976],[121.44785,25.19892],[121.44914,25.19917],[121.45426,25.19906],[121.45482,25.19996],[121.45738,25.20044],[121.45943,25.20044],[121.4625,25.1994],[121.46439,25.19929],[121.46344,25.19718],[121.46259,25.19724],[121.46234,25.19491],[121.46161,25.1932],[121.46411,25.19174],[121.46164,25.19025],[121.46038,25.18885]]]}},{"type":"Feature","properties":{"VILLCODE":"65000100014","VILLNAME":"忠寮里","TOWNCODE":"65000100","TOWNNAME":"淡水區","COUNTYNAME":"新北市"},"geometry":{"type":"Polygon","coordinates":[[[121.49308,25.19326],[121.49226,25.1918],[121.48841,25.19009],[121.48715,25.18843],[121.48453,25.18745],[121.48371,25.18666],[121.48061,25.18812],[121.47566,25.18899],[121.4737,25.19014],[121.47013,25.19084],[121.46789,25.19239],[121.46631,25.19253],[121.46461,25.19337],[121.46512,25.19174],[121.46411,25.19174],[121.46161,25.1932],[121.46234,25.19491],[121.46259,25.19724],[121.46344,25.19718],[121.46439,25.19929],[121.47036,25.19915],[121.47449,25.20002],[121.47648,25.1999],[121.48197,25.20035],[121.4838,25.20111],[121.48731,25.20086],[121.48895,25.20038],[121.48636,25.19948],[121.48554,25.19892],[121.48551,25.19735],[121.49116,25.19628],[121.49302,25.19502],[121.49308,25.19326]]]}},{"type":"Feature","properties":{"VILLCODE":"65000280002","VILLNAME":"龜吼里","TOWNCODE":"65000280","TOWNNAME":"萬里區","COUNTYNAME":"新北市"},"geometry":{"type":"Polygon","coordinates":[[[121.68399,25.1808],[121.68178,25.18153],[121.67834,25.18235],[121.6748,25.18243],[121.6719,25.18128],[121.66761,25.17839],[121.66615,25.17861],[121.66499,25.17982],[121.66543,25.18176],[121.66533,25.18369],[121.66388,25.18459],[121.65965,25.18445],[121.65811,25.1863],[121.66114,25.18683],[121.66549,25.18633],[121.66852,25.18627],[121.66953,25.18737],[121.66953,25.18978],[121.67335,25.19398],[121.67581,25.19488],[121.67847,25.19679],[121.68131,25.19752],[121.68285,25.1976],[121.68472,25.1987],[121.6861,25.19909],[121.68828,25.20021],[121.69084,25.20206],[121.6957,25.20332],[121.69403,25.20178],[121.69469,25.20044],[121.69333,25.19987],[121.69235,25.19783],[121.68923,25.19645],[121.68734,25.19522],[121.68876,25.19533],[121.68674,25.19255],[121.68591,25.19239],[121.68642,25.19056],[121.68582,25.18953],[121.68768,25.18563],[121.68891,25.18425],[121.68563,25.18279],[121.68399,25.1808]]]}},{"type":"Feature","properties":{"VILLCODE":"65000100008","VILLNAME":"崁頂里","TOWNCODE":"65000100","TOWNNAME":"淡水區","COUNTYNAME":"新北市"},"geometry":{"type":"Polygon","coordinates":[[[121.4446,25.18232],[121.44352,25.18243],[121.44352,25.18411],[121.44299,25.18434],[121.43661,25.18436],[121.43642,25.18476],[121.4339,25.18577],[121.43434,25.18672],[121.43232,25.18731],[121.43323,25.18885],[121.43241,25.19011],[121.42976,25.19014],[121.42967,25.19062],[121.43017,25.19185],[121.4278,25.19365],[121.42522,25.19404],[121.42657,25.196],[121.41878,25.19875],[121.41972,25.20049],[121.42465,25.20792],[121.42679,25.21022],[121.42885,25.20846],[121.43188,25.20647],[121.43361,25.20655],[121.43409,25.20498],[121.43557,25.20571],[121.43683,25.2056],[121.43715,25.20436],[121.43857,25.20439],[121.44046,25.2033],[121.44087,25.20243],[121.4433,25.20212],[121.44302,25.20055],[121.44406,25.1994],[121.44561,25.1994],[121.44564,25.19816],[121.44466,25.19685],[121.44488,25.19528],[121.44378,25.19337],[121.4446,25.19213],[121.44378,25.18967],[121.44393,25.18891],[121.4446,25.18232]]]}},{"type":"Feature","properties":{"VILLCODE":"65000100007","VILLNAME":"忠山里","TOWNCODE":"65000100","TOWNNAME":"淡水區","COUNTYNAME":"新北市"},"geometry":{"type":"Polygon","coordinates":[[[121.46439,25.19929],[121.4625,25.1994],[121.45943,25.20044],[121.45883,25.20206],[121.45861,25.20509],[121.45678,25.20512],[121.45694,25.20857],[121.45482,25.20919],[121.45293,25.2093],[121.45091,25.21098],[121.45126,25.2123],[121.45214,25.21112],[121.45505,25.21196],[121.46041,25.21216],[121.46524,25.21202],[121.46657,25.21219],[121.46972,25.2114],[121.4743,25.20994],[121.47607,25.20913],[121.48131,25.20576],[121.48525,25.20543],[121.48617,25.20433],[121.48869,25.20279],[121.48923,25.20189],[121.48895,25.20038],[121.48731,25.20086],[121.4838,25.20111],[121.48197,25.20035],[121.47648,25.1999],[121.47449,25.20002],[121.47036,25.19915],[121.46439,25.19929]]]}},{"type":"Feature","properties":{"VILLCODE":"65000280005","VILLNAME":"磺潭里","TOWNCODE":"65000280","TOWNNAME":"萬里區","COUNTYNAME":"新北市"},"geometry":{"type":"Polygon","coordinates":[[[121.65691,25.18793],[121.6553,25.18835],[121.65271,25.19009],[121.64911,25.19025],[121.64785,25.19051],[121.6463,25.19199],[121.64179,25.18902],[121.64033,25.18854],[121.63806,25.1884],[121.63408,25.18924],[121.63131,25.18936],[121.62989,25.18882],[121.62866,25.18689],[121.62657,25.18565],[121.62304,25.18476],[121.62111,25.18369],[121.61878,25.18299],[121.61429,25.1824],[121.61142,25.18094],[121.61,25.17934],[121.60725,25.17822],[121.60732,25.18148],[121.60965,25.18442],[121.61003,25.18641],[121.61095,25.18723],[121.61133,25.19014],[121.61085,25.19104],[121.61186,25.19152],[121.6124,25.19323],[121.61054,25.19463],[121.61148,25.19617],[121.61265,25.19699],[121.61322,25.19648],[121.61584,25.19929],[121.61669,25.201],[121.61843,25.20209],[121.61991,25.20355],[121.62127,25.2031],[121.62212,25.20341],[121.62389,25.20624],[121.62446,25.20641],[121.62834,25.20992],[121.62957,25.2107],[121.62976,25.2114],[121.63266,25.21323],[121.63446,25.21356],[121.63598,25.21485],[121.6379,25.21575],[121.63992,25.21558],[121.6415,25.21583],[121.64128,25.21446],[121.63831,25.21356],[121.63573,25.21017],[121.63396,25.20941],[121.63077,25.20616],[121.63153,25.20487],[121.63355,25.20442],[121.64144,25.20515],[121.64437,25.20487],[121.65025,25.20307],[121.65246,25.2029],[121.65328,25.20347],[121.6553,25.19959],[121.65675,25.19522],[121.65691,25.19236],[121.65656,25.18899],[121.65691,25.18793]]]}},{"type":"Feature","properties":{"VILLCODE":"65000210013","VILLNAME":"興華里","TOWNCODE":"65000210","TOWNNAME":"三芝區","COUNTYNAME":"新北市"},"geometry":{"type":"Polygon","coordinates":[[[121.52171,25.17912],[121.52067,25.18027],[121.51938,25.18249],[121.51534,25.18341],[121.51205,25.18526],[121.50984,25.18756],[121.50757,25.18762],[121.5077,25.18882],[121.50621,25.19025],[121.5052,25.19011],[121.50315,25.19082],[121.50261,25.19267],[121.50078,25.19295],[121.49684,25.1918],[121.49551,25.1911],[121.49469,25.19199],[121.49479,25.19292],[121.49308,25.19326],[121.49302,25.19502],[121.49116,25.19628],[121.48551,25.19735],[121.48554,25.19892],[121.48636,25.19948],[121.48895,25.20038],[121.48923,25.20189],[121.48869,25.20279],[121.48617,25.20433],[121.48525,25.20543],[121.48652,25.20635],[121.48626,25.20736],[121.48503,25.20826],[121.4868,25.21137],[121.48892,25.21093],[121.49119,25.21149],[121.49138,25.2128],[121.49292,25.21196],[121.49599,25.2146],[121.49772,25.21381],[121.49845,25.21583],[121.49848,25.21589],[121.50018,25.21499],[121.50176,25.21255],[121.50217,25.21081],[121.50183,25.21006],[121.5028,25.20821],[121.50328,25.20655],[121.50202,25.20389],[121.50138,25.2031],[121.50404,25.20307],[121.50618,25.20389],[121.50713,25.20243],[121.50691,25.20142],[121.51142,25.19533],[121.51224,25.19469],[121.51382,25.19435],[121.51448,25.19278],[121.51594,25.19098],[121.51751,25.18815],[121.51947,25.18829],[121.52092,25.18798],[121.52471,25.18871],[121.5273,25.18896],[121.53156,25.19065],[121.53279,25.19054],[121.53371,25.18824],[121.53576,25.18658],[121.53573,25.1865],[121.53459,25.18445],[121.53336,25.18358],[121.53121,25.18364],[121.52926,25.18299],[121.52714,25.18321],[121.52569,25.18277],[121.52171,25.17912]]]}},{"type":"Feature","properties":{"VILLCODE":"65000100006","VILLNAME":"義山里","TOWNCODE":"65000100","TOWNNAME":"淡水區","COUNTYNAME":"新北市"},"geometry":{"type":"Polygon","coordinates":[[[121.45943,25.20044],[121.45738,25.20044],[121.45482,25.19996],[121.45426,25.19906],[121.44914,25.19917],[121.44785,25.19892],[121.44674,25.19976],[121.44561,25.1994],[121.44406,25.1994],[121.44302,25.20055],[121.4433,25.20212],[121.44087,25.20243],[121.44046,25.2033],[121.43857,25.20439],[121.43715,25.20436],[121.43683,25.2056],[121.43557,25.20571],[121.43409,25.20498],[121.43361,25.20655],[121.43188,25.20647],[121.42885,25.20846],[121.42679,25.21022],[121.42869,25.21227],[121.43005,25.21502],[121.43169,25.21611],[121.43437,25.21496],[121.43667,25.21609],[121.43892,25.21525],[121.44081,25.21572],[121.4404,25.21508],[121.44125,25.21401],[121.4422,25.21499],[121.44684,25.21435],[121.44861,25.21452],[121.45126,25.2123],[121.45091,25.21098],[121.45293,25.2093],[121.45482,25.20919],[121.45694,25.20857],[121.45678,25.20512],[121.45861,25.20509],[121.45883,25.20206],[121.45943,25.20044]]]}},{"type":"Feature","properties":{"VILLCODE":"65000280003","VILLNAME":"野柳里","TOWNCODE":"65000280","TOWNNAME":"萬里區","COUNTYNAME":"新北市"},"geometry":{"type":"Polygon","coordinates":[[[121.65811,25.1863],[121.65691,25.18793],[121.65656,25.18899],[121.65691,25.19236],[121.65675,25.19522],[121.6553,25.19959],[121.65328,25.20347],[121.65369,25.20459],[121.65375,25.20675],[121.65539,25.20919],[121.65694,25.20978],[121.65826,25.21112],[121.66095,25.20874],[121.66208,25.20851],[121.66385,25.2095],[121.66215,25.20792],[121.66268,25.20742],[121.66404,25.20924],[121.66426,25.20703],[121.66622,25.20602],[121.67061,25.20271],[121.6731,25.2022],[121.67405,25.20344],[121.67446,25.20234],[121.67531,25.20324],[121.67395,25.20397],[121.67809,25.20596],[121.6778,25.20464],[121.67847,25.20262],[121.67929,25.20282],[121.68146,25.20428],[121.6814,25.20565],[121.68247,25.20557],[121.68415,25.20717],[121.68715,25.20795],[121.68727,25.2052],[121.68686,25.20745],[121.68626,25.20745],[121.68664,25.20498],[121.68569,25.20389],[121.68639,25.20327],[121.68746,25.20383],[121.68828,25.20543],[121.68929,25.20585],[121.68835,25.20655],[121.69037,25.20821],[121.69267,25.20851],[121.69292,25.20941],[121.69403,25.20986],[121.69437,25.2118],[121.69611,25.213],[121.69621,25.21429],[121.70132,25.21749],[121.70252,25.21625],[121.70094,25.21533],[121.70135,25.21474],[121.7005,25.21379],[121.69336,25.20767],[121.69254,25.20515],[121.69191,25.20436],[121.69321,25.20417],[121.69134,25.20383],[121.69264,25.20288],[121.69381,25.20436],[121.69425,25.20341],[121.69602,25.20391],[121.6957,25.20332],[121.69084,25.20206],[121.68828,25.20021],[121.6861,25.19909],[121.68472,25.1987],[121.68285,25.1976],[121.68131,25.19752],[121.67847,25.19679],[121.67581,25.19488],[121.67335,25.19398],[121.66953,25.18978],[121.66953,25.18737],[121.66852,25.18627],[121.66549,25.18633],[121.66114,25.18683],[121.65811,25.1863]]]}},{"type":"Feature","properties":{"VILLCODE":"65000270006","VILLNAME":"五湖里","TOWNCODE":"65000270","TOWNNAME":"金山區","COUNTYNAME":"新北市"},"geometry":{"type":"Polygon","coordinates":[[[121.6415,25.21583],[121.63992,25.21558],[121.6379,25.21575],[121.63598,25.21485],[121.63446,25.21356],[121.63266,25.21323],[121.62976,25.2114],[121.62957,25.2107],[121.62834,25.20992],[121.62446,25.20641],[121.62389,25.20624],[121.62212,25.20341],[121.62127,25.2031],[121.61991,25.20355],[121.61843,25.20209],[121.61669,25.201],[121.61584,25.19929],[121.61322,25.19648],[121.61265,25.19699],[121.61148,25.19617],[121.61041,25.19685],[121.60874,25.19962],[121.60659,25.20175],[121.60457,25.20248],[121.60416,25.20313],[121.60435,25.20487],[121.60325,25.20596],[121.60242,25.21062],[121.6028,25.21258],[121.60451,25.21407],[121.60476,25.21513],[121.60697,25.21774],[121.60845,25.21813],[121.60918,25.21881],[121.6136,25.21968],[121.61515,25.21962],[121.61821,25.21872],[121.62039,25.2194],[121.62231,25.22077],[121.62449,25.2208],[121.62783,25.22167],[121.62866,25.22077],[121.63096,25.2185],[121.63222,25.21794],[121.63431,25.21766],[121.63506,25.21715],[121.63737,25.21746],[121.63929,25.21732],[121.64134,25.21763],[121.64248,25.21651],[121.6415,25.21583]]]}},{"type":"Feature","properties":{"VILLCODE":"65000270001","VILLNAME":"和平里","TOWNCODE":"65000270","TOWNNAME":"金山區","COUNTYNAME":"新北市"},"geometry":{"type":"Polygon","coordinates":[[[121.64248,25.21651],[121.64134,25.21763],[121.6373,25.22186],[121.63787,25.22226],[121.64261,25.21884],[121.64333,25.21822],[121.6434,25.21735],[121.64248,25.21651]]]}},{"type":"Feature","properties":{"VILLCODE":"65000270002","VILLNAME":"大同里","TOWNCODE":"65000270","TOWNNAME":"金山區","COUNTYNAME":"新北市"},"geometry":{"type":"Polygon","coordinates":[[[121.64261,25.21884],[121.63787,25.22226],[121.63812,25.22237],[121.64163,25.22243],[121.64226,25.22217],[121.64299,25.22018],[121.64261,25.21884]]]}},{"type":"Feature","properties":{"VILLCODE":"65000280004","VILLNAME":"大鵬里","TOWNCODE":"65000280","TOWNNAME":"萬里區","COUNTYNAME":"新北市"},"geometry":{"type":"Polygon","coordinates":[[[121.65328,25.20347],[121.65246,25.2029],[121.65025,25.20307],[121.64437,25.20487],[121.64144,25.20515],[121.63355,25.20442],[121.63153,25.20487],[121.63077,25.20616],[121.63396,25.20941],[121.63573,25.21017],[121.63831,25.21356],[121.64128,25.21446],[121.6415,25.21583],[121.64248,25.21651],[121.6434,25.21735],[121.64333,25.21822],[121.64368,25.22001],[121.64598,25.22161],[121.65018,25.22271],[121.65119,25.22046],[121.65347,25.21628],[121.65586,25.21331],[121.65826,25.21112],[121.65694,25.20978],[121.65539,25.20919],[121.65375,25.20675],[121.65369,25.20459],[121.65328,25.20347]]]}},{"type":"Feature","properties":{"VILLCODE":"65000270015","VILLNAME":"金美里","TOWNCODE":"65000270","TOWNNAME":"金山區","COUNTYNAME":"新北市"},"geometry":{"type":"Polygon","coordinates":[[[121.64134,25.21763],[121.63929,25.21732],[121.63737,25.21746],[121.63506,25.21715],[121.63431,25.21766],[121.63222,25.21794],[121.63096,25.2185],[121.62866,25.22077],[121.63775,25.22273],[121.63812,25.22237],[121.63787,25.22226],[121.6373,25.22186],[121.64134,25.21763]]]}},{"type":"Feature","properties":{"VILLCODE":"65000210012","VILLNAME":"店子里","TOWNCODE":"65000210","TOWNNAME":"三芝區","COUNTYNAME":"新北市"},"geometry":{"type":"Polygon","coordinates":[[[121.53576,25.18658],[121.53371,25.18824],[121.53279,25.19054],[121.53156,25.19065],[121.5273,25.18896],[121.52471,25.18871],[121.52092,25.18798],[121.51947,25.18829],[121.51751,25.18815],[121.51594,25.19098],[121.51448,25.19278],[121.51382,25.19435],[121.51224,25.19469],[121.51142,25.19533],[121.50691,25.20142],[121.50713,25.20243],[121.50618,25.20389],[121.50404,25.20307],[121.50138,25.2031],[121.50202,25.20389],[121.50328,25.20655],[121.5028,25.20821],[121.50183,25.21006],[121.50217,25.21081],[121.50176,25.21255],[121.50018,25.21499],[121.49848,25.21589],[121.4969,25.21819],[121.49618,25.22038],[121.49627,25.22223],[121.49851,25.22069],[121.4982,25.22203],[121.50028,25.22156],[121.50154,25.22377],[121.50135,25.22408],[121.50372,25.222],[121.50615,25.22105],[121.50804,25.22066],[121.50965,25.21906],[121.5101,25.21735],[121.50972,25.21668],[121.51047,25.21592],[121.50905,25.21581],[121.50767,25.21435],[121.50751,25.21353],[121.51085,25.2118],[121.51158,25.21087],[121.51054,25.20972],[121.51231,25.20863],[121.51442,25.20821],[121.51736,25.20669],[121.51856,25.20663],[121.52159,25.20375],[121.52301,25.20313],[121.5231,25.20136],[121.52424,25.20052],[121.52509,25.20058],[121.52588,25.20254],[121.52761,25.20257],[121.52973,25.20077],[121.52967,25.19965],[121.53368,25.19718],[121.53705,25.19438],[121.53999,25.19124],[121.54283,25.1893],[121.54283,25.18927],[121.54071,25.18717],[121.53579,25.18664],[121.53576,25.18658]]]}},{"type":"Feature","properties":{"VILLCODE":"65000100005","VILLNAME":"蕃薯里","TOWNCODE":"65000100","TOWNNAME":"淡水區","COUNTYNAME":"新北市"},"geometry":{"type":"Polygon","coordinates":[[[121.48525,25.20543],[121.48131,25.20576],[121.47607,25.20913],[121.4743,25.20994],[121.46972,25.2114],[121.46657,25.21219],[121.46654,25.21539],[121.46704,25.21603],[121.47013,25.21718],[121.47013,25.21917],[121.46985,25.21973],[121.47032,25.22386],[121.47225,25.22444],[121.47433,25.22554],[121.47541,25.22568],[121.47885,25.22428],[121.48099,25.22444],[121.48437,25.22402],[121.48626,25.2231],[121.49094,25.22024],[121.49318,25.21794],[121.49453,25.21769],[121.49845,25.21583],[121.49772,25.21381],[121.49599,25.2146],[121.49292,25.21196],[121.49138,25.2128],[121.49119,25.21149],[121.48892,25.21093],[121.4868,25.21137],[121.48503,25.20826],[121.48626,25.20736],[121.48652,25.20635],[121.48525,25.20543]]]}},{"type":"Feature","properties":{"VILLCODE":"65000100004","VILLNAME":"興仁里","TOWNCODE":"65000100","TOWNNAME":"淡水區","COUNTYNAME":"新北市"},"geometry":{"type":"Polygon","coordinates":[[[121.46657,25.21219],[121.46524,25.21202],[121.46041,25.21216],[121.45505,25.21196],[121.45214,25.21112],[121.45126,25.2123],[121.44861,25.21452],[121.44684,25.21435],[121.4422,25.21499],[121.44125,25.21401],[121.4404,25.21508],[121.44081,25.21572],[121.43892,25.21525],[121.43667,25.21609],[121.43437,25.21496],[121.43169,25.21611],[121.43516,25.21721],[121.43592,25.2171],[121.43765,25.21802],[121.43731,25.21968],[121.43996,25.22576],[121.44245,25.22501],[121.4433,25.22531],[121.44412,25.22436],[121.44551,25.22377],[121.44627,25.224],[121.44832,25.22271],[121.45224,25.2229],[121.45404,25.22346],[121.45703,25.22338],[121.45804,25.22273],[121.45981,25.22285],[121.46262,25.22355],[121.46493,25.22178],[121.46685,25.22099],[121.46903,25.21912],[121.47013,25.21917],[121.47013,25.21718],[121.46704,25.21603],[121.46654,25.21539],[121.46657,25.21219]]]}},{"type":"Feature","properties":{"VILLCODE":"65000270007","VILLNAME":"重和里","TOWNCODE":"65000270","TOWNNAME":"金山區","COUNTYNAME":"新北市"},"geometry":{"type":"Polygon","coordinates":[[[121.59589,25.1656],[121.5933,25.16482],[121.59277,25.16423],[121.58986,25.16375],[121.58844,25.16299],[121.58642,25.16353],[121.5832,25.1658],[121.58248,25.16543],[121.57888,25.1656],[121.57708,25.167],[121.57701,25.16709],[121.57701,25.16712],[121.5773,25.16995],[121.57929,25.17191],[121.58172,25.17379],[121.58298,25.17559],[121.58326,25.17755],[121.58128,25.18044],[121.58096,25.18206],[121.58279,25.18442],[121.58184,25.18579],[121.58292,25.18843],[121.58399,25.1888],[121.5838,25.19191],[121.58273,25.19312],[121.58377,25.1946],[121.58304,25.19499],[121.58055,25.19536],[121.57919,25.19413],[121.57727,25.19528],[121.5761,25.19533],[121.57506,25.19547],[121.57319,25.19497],[121.57177,25.19539],[121.57095,25.19617],[121.57076,25.19758],[121.56994,25.19828],[121.56638,25.19954],[121.56489,25.20094],[121.56508,25.20215],[121.56442,25.20478],[121.56347,25.20582],[121.56275,25.2093],[121.55921,25.21014],[121.56013,25.21098],[121.56123,25.21289],[121.56243,25.2141],[121.56436,25.21387],[121.566,25.21502],[121.56726,25.21673],[121.5677,25.21802],[121.56998,25.21926],[121.57133,25.22038],[121.57367,25.22074],[121.57458,25.22041],[121.5778,25.22083],[121.57957,25.22186],[121.58109,25.22321],[121.58292,25.22352],[121.58434,25.22529],[121.58551,25.22576],[121.58907,25.22372],[121.59135,25.22458],[121.59441,25.22501],[121.59902,25.22442],[121.60031,25.22487],[121.60268,25.22655],[121.60306,25.22596],[121.60523,25.22512],[121.60845,25.22419],[121.61057,25.22088],[121.60735,25.21928],[121.60486,25.21844],[121.60697,25.21774],[121.60476,25.21513],[121.60451,25.21407],[121.6028,25.21258],[121.60242,25.21062],[121.60325,25.20596],[121.60435,25.20487],[121.60416,25.20313],[121.60457,25.20248],[121.60659,25.20175],[121.60874,25.19962],[121.61041,25.19685],[121.61148,25.19617],[121.61054,25.19463],[121.6124,25.19323],[121.61186,25.19152],[121.61085,25.19104],[121.61133,25.19014],[121.61095,25.18723],[121.61003,25.18641],[121.60965,25.18442],[121.60732,25.18148],[121.60725,25.17822],[121.60694,25.17746],[121.60542,25.1764],[121.6041,25.17629],[121.60397,25.17516],[121.60296,25.17362],[121.59977,25.16981],[121.59775,25.16765],[121.59668,25.1656],[121.59589,25.1656]]]}},{"type":"Feature","properties":{"VILLCODE":"65000270005","VILLNAME":"美田里","TOWNCODE":"65000270","TOWNNAME":"金山區","COUNTYNAME":"新北市"},"geometry":{"type":"Polygon","coordinates":[[[121.62866,25.22077],[121.62783,25.22167],[121.62837,25.22229],[121.62856,25.224],[121.62913,25.22565],[121.63077,25.22764],[121.63244,25.22868],[121.63544,25.22742],[121.63727,25.22742],[121.63797,25.22621],[121.63775,25.22273],[121.62866,25.22077]]]}},{"type":"Feature","properties":{"VILLCODE":"65000270003","VILLNAME":"豐漁里","TOWNCODE":"65000270","TOWNNAME":"金山區","COUNTYNAME":"新北市"},"geometry":{"type":"Polygon","coordinates":[[[121.64333,25.21822],[121.64261,25.21884],[121.64299,25.22018],[121.64226,25.22217],[121.64576,25.22416],[121.6487,25.22767],[121.65066,25.22874],[121.65249,25.22705],[121.65167,25.22593],[121.65031,25.22512],[121.65141,25.22512],[121.65018,25.22271],[121.64598,25.22161],[121.64368,25.22001],[121.64333,25.21822]]]}},{"type":"Feature","properties":{"VILLCODE":"65000270004","VILLNAME":"磺港里","TOWNCODE":"65000270","TOWNNAME":"金山區","COUNTYNAME":"新北市"},"geometry":{"type":"Polygon","coordinates":[[[121.64226,25.22217],[121.64163,25.22243],[121.63812,25.22237],[121.63775,25.22273],[121.63797,25.22621],[121.63727,25.22742],[121.63544,25.22742],[121.63244,25.22868],[121.63481,25.22949],[121.63598,25.23084],[121.63812,25.22994],[121.64059,25.22902],[121.64538,25.22789],[121.64712,25.22834],[121.6492,25.22991],[121.64908,25.23064],[121.64772,25.23112],[121.64851,25.23272],[121.65129,25.23334],[121.65264,25.2328],[121.65154,25.23148],[121.65135,25.2305],[121.65306,25.23],[121.65343,25.22893],[121.65249,25.22705],[121.65066,25.22874],[121.6487,25.22767],[121.64576,25.22416],[121.64226,25.22217]]]}},{"type":"Feature","properties":{"VILLCODE":"65000100001","VILLNAME":"中和里","TOWNCODE":"65000100","TOWNNAME":"淡水區","COUNTYNAME":"新北市"},"geometry":{"type":"Polygon","coordinates":[[[121.49848,25.21589],[121.49845,25.21583],[121.49453,25.21769],[121.49318,25.21794],[121.49094,25.22024],[121.48626,25.2231],[121.48437,25.22402],[121.48099,25.22444],[121.48099,25.22484],[121.48125,25.22638],[121.47881,25.22781],[121.47799,25.22876],[121.47541,25.23003],[121.47541,25.23303],[121.47768,25.23491],[121.47831,25.23617],[121.48396,25.23426],[121.48491,25.23362],[121.48999,25.23177],[121.4922,25.23196],[121.49636,25.23053],[121.49646,25.23047],[121.49766,25.2293],[121.49633,25.22711],[121.49687,25.22573],[121.49763,25.22531],[121.49965,25.22531],[121.50135,25.22408],[121.50154,25.22377],[121.50028,25.22156],[121.4982,25.22203],[121.49851,25.22069],[121.49627,25.22223],[121.49618,25.22038],[121.4969,25.21819],[121.49848,25.21589]]]}},{"type":"Feature","properties":{"VILLCODE":"65000100003","VILLNAME":"賢孝里","TOWNCODE":"65000100","TOWNNAME":"淡水區","COUNTYNAME":"新北市"},"geometry":{"type":"Polygon","coordinates":[[[121.48099,25.22444],[121.47885,25.22428],[121.47541,25.22568],[121.47433,25.22554],[121.47225,25.22444],[121.47032,25.22386],[121.46985,25.21973],[121.47013,25.21917],[121.46903,25.21912],[121.46685,25.22099],[121.46493,25.22178],[121.46262,25.22355],[121.45981,25.22285],[121.45804,25.22273],[121.45703,25.22338],[121.45404,25.22346],[121.45224,25.2229],[121.44832,25.22271],[121.44627,25.224],[121.44551,25.22377],[121.44412,25.22436],[121.4433,25.22531],[121.44245,25.22501],[121.43996,25.22576],[121.44087,25.22843],[121.44226,25.22972],[121.44352,25.23252],[121.44343,25.23423],[121.44438,25.23561],[121.44643,25.23606],[121.44927,25.236],[121.45192,25.23561],[121.45524,25.23625],[121.45631,25.2358],[121.45602,25.23443],[121.4594,25.23336],[121.46149,25.23454],[121.46366,25.23381],[121.46748,25.23303],[121.47351,25.22963],[121.47462,25.22857],[121.47743,25.22722],[121.48099,25.22484],[121.48099,25.22444]]]}},{"type":"Feature","properties":{"VILLCODE":"65000270009","VILLNAME":"六股里","TOWNCODE":"65000270","TOWNNAME":"金山區","COUNTYNAME":"新北市"},"geometry":{"type":"Polygon","coordinates":[[[121.62783,25.22167],[121.62449,25.2208],[121.62231,25.22077],[121.62039,25.2194],[121.61821,25.21872],[121.61515,25.21962],[121.6136,25.21968],[121.60918,25.21881],[121.60845,25.21813],[121.60697,25.21774],[121.60486,25.21844],[121.60735,25.21928],[121.61057,25.22088],[121.60845,25.22419],[121.60523,25.22512],[121.60504,25.22742],[121.60438,25.2286],[121.60451,25.22986],[121.60192,25.23224],[121.60145,25.23317],[121.60186,25.23507],[121.60331,25.23656],[121.60558,25.23479],[121.60953,25.2332],[121.61041,25.23123],[121.61117,25.23067],[121.61388,25.22989],[121.61565,25.22871],[121.61679,25.22618],[121.62032,25.22582],[121.62304,25.22621],[121.62405,25.22725],[121.62635,25.2247],[121.62856,25.224],[121.62837,25.22229],[121.62783,25.22167]]]}},{"type":"Feature","properties":{"VILLCODE":"65000270011","VILLNAME":"清泉里","TOWNCODE":"65000270","TOWNNAME":"金山區","COUNTYNAME":"新北市"},"geometry":{"type":"Polygon","coordinates":[[[121.63244,25.22868],[121.63077,25.22764],[121.62913,25.22565],[121.62856,25.224],[121.62635,25.2247],[121.62405,25.22725],[121.62253,25.22916],[121.62168,25.23193],[121.62092,25.23314],[121.6189,25.23415],[121.61928,25.2358],[121.62054,25.2383],[121.62136,25.23838],[121.62499,25.23729],[121.62692,25.23735],[121.62727,25.23634],[121.62938,25.23631],[121.63159,25.2351],[121.63266,25.23536],[121.63519,25.23423],[121.63658,25.23263],[121.63872,25.23129],[121.63895,25.23017],[121.63812,25.22994],[121.63598,25.23084],[121.63481,25.22949],[121.63244,25.22868]]]}},{"type":"Feature","properties":{"VILLCODE":"65000270008","VILLNAME":"兩湖里","TOWNCODE":"65000270","TOWNNAME":"金山區","COUNTYNAME":"新北市"},"geometry":{"type":"Polygon","coordinates":[[[121.60523,25.22512],[121.60306,25.22596],[121.60268,25.22655],[121.60031,25.22487],[121.59902,25.22442],[121.59441,25.22501],[121.59135,25.22458],[121.58907,25.22372],[121.58551,25.22576],[121.58434,25.22529],[121.58292,25.22352],[121.58109,25.22321],[121.58191,25.22509],[121.58159,25.22823],[121.58301,25.23185],[121.58399,25.23331],[121.58721,25.23541],[121.58841,25.2369],[121.59033,25.23816],[121.59078,25.23909],[121.59406,25.24192],[121.59422,25.24245],[121.597,25.24298],[121.59772,25.24318],[121.60081,25.23962],[121.60167,25.23813],[121.60331,25.23656],[121.60186,25.23507],[121.60145,25.23317],[121.60192,25.23224],[121.60451,25.22986],[121.60438,25.2286],[121.60504,25.22742],[121.60523,25.22512]]]}},{"type":"Feature","properties":{"VILLCODE":"65000100002","VILLNAME":"屯山里","TOWNCODE":"65000100","TOWNNAME":"淡水區","COUNTYNAME":"新北市"},"geometry":{"type":"Polygon","coordinates":[[[121.47831,25.23617],[121.47768,25.23491],[121.47541,25.23303],[121.47541,25.23003],[121.47799,25.22876],[121.47881,25.22781],[121.48125,25.22638],[121.48099,25.22484],[121.47743,25.22722],[121.47462,25.22857],[121.47351,25.22963],[121.46748,25.23303],[121.46366,25.23381],[121.46149,25.23454],[121.4594,25.23336],[121.45602,25.23443],[121.45631,25.2358],[121.45524,25.23625],[121.45192,25.23561],[121.44927,25.236],[121.44643,25.23606],[121.44438,25.23561],[121.44428,25.23608],[121.44539,25.23796],[121.44611,25.24035],[121.44589,25.24183],[121.44709,25.24273],[121.45031,25.24439],[121.45489,25.24394],[121.45565,25.24315],[121.45694,25.24315],[121.45754,25.24237],[121.45744,25.24125],[121.45877,25.24029],[121.46054,25.2399],[121.46155,25.24015],[121.46354,25.23917],[121.46774,25.23914],[121.46824,25.23861],[121.46922,25.23987],[121.47089,25.23886],[121.47335,25.23799],[121.47351,25.23746],[121.475,25.23774],[121.47831,25.23617]]]}},{"type":"Feature","properties":{"VILLCODE":"65000270010","VILLNAME":"三界里","TOWNCODE":"65000270","TOWNNAME":"金山區","COUNTYNAME":"新北市"},"geometry":{"type":"Polygon","coordinates":[[[121.62405,25.22725],[121.62304,25.22621],[121.62032,25.22582],[121.61679,25.22618],[121.61565,25.22871],[121.61388,25.22989],[121.61117,25.23067],[121.61041,25.23123],[121.60953,25.2332],[121.60558,25.23479],[121.60331,25.23656],[121.60167,25.23813],[121.60081,25.23962],[121.59772,25.24318],[121.59886,25.24441],[121.59999,25.24669],[121.60018,25.24823],[121.60287,25.24784],[121.60438,25.24671],[121.60545,25.24688],[121.60965,25.24422],[121.61136,25.24377],[121.61407,25.24178],[121.61439,25.24054],[121.61571,25.23847],[121.61783,25.23729],[121.61928,25.2358],[121.6189,25.23415],[121.62092,25.23314],[121.62168,25.23193],[121.62253,25.22916],[121.62405,25.22725]]]}},{"type":"Feature","properties":{"VILLCODE":"65000210001","VILLNAME":"八賢里","TOWNCODE":"65000210","TOWNNAME":"三芝區","COUNTYNAME":"新北市"},"geometry":{"type":"Polygon","coordinates":[[[121.53393,25.23],[121.53434,25.22966],[121.53257,25.22818],[121.53064,25.22815],[121.53304,25.22759],[121.53087,25.22677],[121.53102,25.22621],[121.52875,25.22576],[121.52989,25.22537],[121.52904,25.22458],[121.52799,25.22458],[121.52667,25.2263],[121.52525,25.22686],[121.52367,25.22697],[121.52108,25.22837],[121.51953,25.22843],[121.51546,25.23084],[121.5147,25.23177],[121.51439,25.23314],[121.51344,25.23505],[121.51148,25.23608],[121.51051,25.23782],[121.51101,25.23881],[121.5101,25.24094],[121.50877,25.24254],[121.50896,25.24383],[121.50688,25.24643],[121.50694,25.24744],[121.50782,25.24826],[121.50893,25.24677],[121.51044,25.24604],[121.5113,25.24512],[121.51246,25.24105],[121.513,25.24032],[121.51581,25.23959],[121.51732,25.23836],[121.51865,25.23659],[121.52023,25.23314],[121.52367,25.23039],[121.52481,25.23056],[121.52515,25.22975],[121.52891,25.22952],[121.52888,25.23011],[121.53106,25.23008],[121.53282,25.22947],[121.53393,25.23]]]}},{"type":"Feature","properties":{"VILLCODE":"65000210010","VILLNAME":"福德里","TOWNCODE":"65000210","TOWNNAME":"三芝區","COUNTYNAME":"新北市"},"geometry":{"type":"Polygon","coordinates":[[[121.5101,25.21735],[121.50965,25.21906],[121.50804,25.22066],[121.50615,25.22105],[121.50372,25.222],[121.50135,25.22408],[121.49965,25.22531],[121.49763,25.22531],[121.49687,25.22573],[121.49633,25.22711],[121.49766,25.2293],[121.49646,25.23047],[121.49779,25.22944],[121.5017,25.22742],[121.50394,25.22565],[121.50486,25.22425],[121.50536,25.22461],[121.5082,25.22209],[121.5094,25.22231],[121.51013,25.22315],[121.51306,25.22374],[121.51423,25.2245],[121.51515,25.22582],[121.5136,25.22688],[121.51259,25.22812],[121.51287,25.22977],[121.50965,25.23404],[121.50748,25.23594],[121.50561,25.23665],[121.50293,25.2399],[121.50179,25.24057],[121.50012,25.24245],[121.49687,25.24478],[121.49816,25.2457],[121.49734,25.24747],[121.49962,25.24809],[121.50116,25.24938],[121.50151,25.25143],[121.50385,25.24955],[121.50514,25.24806],[121.50694,25.24744],[121.50688,25.24643],[121.50896,25.24383],[121.50877,25.24254],[121.5101,25.24094],[121.51101,25.23881],[121.51051,25.23782],[121.51148,25.23608],[121.51344,25.23505],[121.51439,25.23314],[121.5147,25.23177],[121.51546,25.23084],[121.51953,25.22843],[121.52108,25.22837],[121.52367,25.22697],[121.52525,25.22686],[121.52515,25.22582],[121.52288,25.22287],[121.52007,25.22349],[121.51963,25.22313],[121.51988,25.22144],[121.51887,25.22229],[121.51739,25.22099],[121.51786,25.21923],[121.5172,25.21912],[121.51609,25.22043],[121.51414,25.22004],[121.5124,25.2201],[121.51208,25.21802],[121.51054,25.21797],[121.5101,25.21735]]]}},{"type":"Feature","properties":{"VILLCODE":"65000210011","VILLNAME":"圓山里","TOWNCODE":"65000210","TOWNNAME":"三芝區","COUNTYNAME":"新北市"},"geometry":{"type":"Polygon","coordinates":[[[121.54283,25.1893],[121.53999,25.19124],[121.53705,25.19438],[121.53368,25.19718],[121.52967,25.19965],[121.52973,25.20077],[121.52761,25.20257],[121.52588,25.20254],[121.52509,25.20058],[121.52424,25.20052],[121.5231,25.20136],[121.52301,25.20313],[121.52159,25.20375],[121.51856,25.20663],[121.51736,25.20669],[121.51442,25.20821],[121.51231,25.20863],[121.51054,25.20972],[121.51158,25.21087],[121.51085,25.2118],[121.50751,25.21353],[121.50767,25.21435],[121.50905,25.21581],[121.51047,25.21592],[121.50972,25.21668],[121.5101,25.21735],[121.51054,25.21797],[121.51208,25.21802],[121.5124,25.2201],[121.51414,25.22004],[121.51609,25.22043],[121.5172,25.21912],[121.51786,25.21923],[121.51739,25.22099],[121.51887,25.22229],[121.51988,25.22144],[121.51963,25.22313],[121.52007,25.22349],[121.52288,25.22287],[121.52515,25.22582],[121.52525,25.22686],[121.52667,25.2263],[121.52799,25.22458],[121.52904,25.22458],[121.52989,25.22537],[121.52875,25.22576],[121.53102,25.22621],[121.53087,25.22677],[121.53304,25.22759],[121.53064,25.22815],[121.53257,25.22818],[121.53434,25.22966],[121.53516,25.22975],[121.53674,25.22879],[121.5374,25.22635],[121.53996,25.22773],[121.54011,25.22955],[121.54125,25.2312],[121.53986,25.23294],[121.53772,25.23679],[121.53746,25.23931],[121.53772,25.24096],[121.53895,25.24298],[121.53898,25.24399],[121.53683,25.24604],[121.53671,25.24756],[121.53724,25.24893],[121.53939,25.25022],[121.53892,25.25218],[121.54112,25.25092],[121.54109,25.25179],[121.54289,25.25176],[121.54368,25.2498],[121.54362,25.24859],[121.54431,25.24702],[121.54627,25.24627],[121.54472,25.24531],[121.54586,25.24349],[121.54457,25.24144],[121.54548,25.24096],[121.54643,25.24189],[121.54816,25.24282],[121.54876,25.24413],[121.55056,25.24545],[121.55186,25.24523],[121.55255,25.24391],[121.55078,25.24265],[121.55252,25.24105],[121.55403,25.23979],[121.55495,25.23824],[121.55546,25.23586],[121.55647,25.23384],[121.55568,25.23118],[121.55609,25.22918],[121.55564,25.22756],[121.55751,25.22666],[121.55801,25.22565],[121.56032,25.22321],[121.56265,25.22203],[121.56319,25.2197],[121.56433,25.2183],[121.56515,25.21589],[121.566,25.21502],[121.56436,25.21387],[121.56243,25.2141],[121.56123,25.21289],[121.56013,25.21098],[121.55921,25.21014],[121.55681,25.20868],[121.55501,25.20843],[121.55432,25.20619],[121.55312,25.20419],[121.55179,25.20358],[121.55151,25.20209],[121.55258,25.20088],[121.55258,25.19881],[121.55179,25.19766],[121.55069,25.19713],[121.54905,25.19811],[121.54813,25.198],[121.54756,25.19715],[121.54633,25.19696],[121.54457,25.19539],[121.54324,25.19365],[121.54277,25.1911],[121.54283,25.18936],[121.54283,25.1893]]]}},{"type":"Feature","properties":{"VILLCODE":"65000270012","VILLNAME":"萬壽里","TOWNCODE":"65000270","TOWNNAME":"金山區","COUNTYNAME":"新北市"},"geometry":{"type":"Polygon","coordinates":[[[121.64772,25.23112],[121.64908,25.23064],[121.6492,25.22991],[121.64712,25.22834],[121.64538,25.22789],[121.64059,25.22902],[121.63812,25.22994],[121.63895,25.23017],[121.63872,25.23129],[121.63658,25.23263],[121.63519,25.23423],[121.63266,25.23536],[121.63159,25.2351],[121.62938,25.23631],[121.62727,25.23634],[121.62692,25.23735],[121.62771,25.23774],[121.62285,25.24186],[121.62417,25.24408],[121.62461,25.24618],[121.62439,25.2475],[121.62534,25.24938],[121.6273,25.24938],[121.63146,25.25098],[121.63235,25.25213],[121.63557,25.25274],[121.63588,25.25011],[121.63516,25.24517],[121.6339,25.24063],[121.63415,25.23956],[121.63642,25.23639],[121.63816,25.23594],[121.63765,25.23538],[121.63882,25.23395],[121.64273,25.23092],[121.64576,25.23033],[121.64627,25.23146],[121.64728,25.23123],[121.64595,25.23011],[121.6487,25.23008],[121.64772,25.23112]]]}},{"type":"Feature","properties":{"VILLCODE":"65000270013","VILLNAME":"西湖里","TOWNCODE":"65000270","TOWNNAME":"金山區","COUNTYNAME":"新北市"},"geometry":{"type":"Polygon","coordinates":[[[121.62692,25.23735],[121.62499,25.23729],[121.62136,25.23838],[121.62054,25.2383],[121.61928,25.2358],[121.61783,25.23729],[121.61571,25.23847],[121.61439,25.24054],[121.61407,25.24178],[121.61136,25.24377],[121.60965,25.24422],[121.60545,25.24688],[121.60438,25.24671],[121.60287,25.24784],[121.60018,25.24823],[121.60047,25.24915],[121.60167,25.25019],[121.60334,25.25224],[121.60416,25.25308],[121.60662,25.25319],[121.61038,25.25398],[121.61363,25.25398],[121.61581,25.25342],[121.61641,25.25468],[121.61811,25.2565],[121.61792,25.25549],[121.61941,25.25591],[121.61944,25.25488],[121.61871,25.25319],[121.61729,25.25244],[121.61953,25.25092],[121.62168,25.25171],[121.62373,25.25137],[121.62534,25.24938],[121.62439,25.2475],[121.62461,25.24618],[121.62417,25.24408],[121.62285,25.24186],[121.62771,25.23774],[121.62692,25.23735]]]}},{"type":"Feature","properties":{"VILLCODE":"65000210009","VILLNAME":"後厝里","TOWNCODE":"65000210","TOWNNAME":"三芝區","COUNTYNAME":"新北市"},"geometry":{"type":"Polygon","coordinates":[[[121.49636,25.23053],[121.4922,25.23196],[121.48999,25.23177],[121.48491,25.23362],[121.48396,25.23426],[121.47831,25.23617],[121.475,25.23774],[121.47351,25.23746],[121.47335,25.23799],[121.47089,25.23886],[121.46922,25.23987],[121.46824,25.23861],[121.46774,25.23914],[121.46354,25.23917],[121.46155,25.24015],[121.46054,25.2399],[121.45877,25.24029],[121.45744,25.24125],[121.45754,25.24237],[121.45694,25.24315],[121.45565,25.24315],[121.45489,25.24394],[121.45031,25.24439],[121.44709,25.24273],[121.44589,25.24183],[121.44583,25.24256],[121.44725,25.24523],[121.44766,25.24666],[121.45075,25.25078],[121.45271,25.2528],[121.45618,25.25317],[121.45751,25.25303],[121.46092,25.25207],[121.4625,25.25204],[121.46736,25.25331],[121.46969,25.25499],[121.47155,25.256],[121.47345,25.25819],[121.4755,25.2572],[121.47844,25.25432],[121.48327,25.25266],[121.48633,25.24991],[121.4868,25.24901],[121.48781,25.24896],[121.48825,25.24638],[121.49043,25.24472],[121.48923,25.24349],[121.49037,25.23998],[121.48977,25.23858],[121.49144,25.23754],[121.49652,25.23154],[121.49636,25.23053]]]}},{"type":"Feature","properties":{"VILLCODE":"65000210008","VILLNAME":"錫板里","TOWNCODE":"65000210","TOWNNAME":"三芝區","COUNTYNAME":"新北市"},"geometry":{"type":"Polygon","coordinates":[[[121.49646,25.23047],[121.49636,25.23053],[121.49652,25.23154],[121.49144,25.23754],[121.48977,25.23858],[121.49037,25.23998],[121.48923,25.24349],[121.49043,25.24472],[121.48825,25.24638],[121.48781,25.24896],[121.4868,25.24901],[121.48633,25.24991],[121.48327,25.25266],[121.47844,25.25432],[121.4755,25.2572],[121.47345,25.25819],[121.47487,25.26063],[121.47534,25.26281],[121.47645,25.26478],[121.47897,25.2638],[121.48061,25.26366],[121.48197,25.2629],[121.48566,25.25757],[121.48825,25.2551],[121.48879,25.25936],[121.49131,25.25631],[121.4927,25.25331],[121.49362,25.25235],[121.49397,25.25123],[121.49712,25.24834],[121.49734,25.24747],[121.49816,25.2457],[121.49687,25.24478],[121.50012,25.24245],[121.50179,25.24057],[121.50293,25.2399],[121.50561,25.23665],[121.50748,25.23594],[121.50965,25.23404],[121.51287,25.22977],[121.51259,25.22812],[121.5136,25.22688],[121.51515,25.22582],[121.51423,25.2245],[121.51306,25.22374],[121.51013,25.22315],[121.5094,25.22231],[121.5082,25.22209],[121.50536,25.22461],[121.50486,25.22425],[121.50394,25.22565],[121.5017,25.22742],[121.49779,25.22944],[121.49646,25.23047]]]}},{"type":"Feature","properties":{"VILLCODE":"65000210002","VILLNAME":"埔頭里","TOWNCODE":"65000210","TOWNNAME":"三芝區","COUNTYNAME":"新北市"},"geometry":{"type":"Polygon","coordinates":[[[121.50782,25.24826],[121.50694,25.24744],[121.50514,25.24806],[121.50385,25.24955],[121.50151,25.25143],[121.49958,25.2528],[121.49905,25.25398],[121.49703,25.25687],[121.49482,25.25785],[121.49466,25.25863],[121.49214,25.26068],[121.49176,25.2615],[121.49321,25.26251],[121.49428,25.26399],[121.4958,25.26489],[121.49766,25.26239],[121.49924,25.26077],[121.50164,25.26189],[121.50186,25.26023],[121.50362,25.25793],[121.50375,25.25586],[121.50287,25.25533],[121.50303,25.25437],[121.50782,25.24826]]]}},{"type":"Feature","properties":{"VILLCODE":"65000210005","VILLNAME":"埔坪里","TOWNCODE":"65000210","TOWNNAME":"三芝區","COUNTYNAME":"新北市"},"geometry":{"type":"Polygon","coordinates":[[[121.53393,25.23],[121.53282,25.22947],[121.53106,25.23008],[121.52888,25.23011],[121.52891,25.22952],[121.52515,25.22975],[121.52481,25.23056],[121.52367,25.23039],[121.52023,25.23314],[121.51865,25.23659],[121.51732,25.23836],[121.51581,25.23959],[121.513,25.24032],[121.51246,25.24105],[121.5113,25.24512],[121.51044,25.24604],[121.50893,25.24677],[121.50782,25.24826],[121.50303,25.25437],[121.50287,25.25533],[121.50375,25.25586],[121.50362,25.25793],[121.50186,25.26023],[121.50164,25.26189],[121.50385,25.2634],[121.50647,25.26374],[121.50789,25.26635],[121.50886,25.26495],[121.50912,25.26371],[121.51016,25.26402],[121.50969,25.26108],[121.50896,25.26021],[121.51104,25.25664],[121.51237,25.2549],[121.51025,25.25418],[121.51111,25.25193],[121.51278,25.25036],[121.51546,25.24997],[121.52001,25.24753],[121.52168,25.24601],[121.52408,25.24158],[121.52701,25.23903],[121.52727,25.23822],[121.52888,25.23637],[121.52919,25.23662],[121.53229,25.23451],[121.53304,25.23213],[121.53289,25.23104],[121.53393,25.23]]]}},{"type":"Feature","properties":{"VILLCODE":"65000210007","VILLNAME":"橫山里","TOWNCODE":"65000210","TOWNNAME":"三芝區","COUNTYNAME":"新北市"},"geometry":{"type":"Polygon","coordinates":[[[121.53434,25.22966],[121.53393,25.23],[121.53289,25.23104],[121.53304,25.23213],[121.53229,25.23451],[121.52919,25.23662],[121.52888,25.23637],[121.52727,25.23822],[121.5285,25.23718],[121.52862,25.23813],[121.52967,25.23967],[121.53093,25.23984],[121.53207,25.24125],[121.53184,25.2434],[121.52948,25.24714],[121.52986,25.24826],[121.52926,25.24851],[121.52701,25.25204],[121.52566,25.25308],[121.52594,25.25401],[121.52537,25.25476],[121.52556,25.256],[121.52307,25.25793],[121.52237,25.25788],[121.51707,25.26189],[121.51609,25.26388],[121.51505,25.26455],[121.51568,25.26615],[121.51474,25.26733],[121.51622,25.26739],[121.51641,25.26576],[121.51887,25.26295],[121.52168,25.26335],[121.52209,25.26399],[121.52212,25.26587],[121.52256,25.26629],[121.52367,25.26607],[121.52408,25.26368],[121.52616,25.26237],[121.52683,25.26096],[121.52802,25.2615],[121.52866,25.26051],[121.52967,25.26012],[121.5308,25.26091],[121.53178,25.26079],[121.5309,25.26382],[121.53229,25.26492],[121.53203,25.2657],[121.53336,25.2664],[121.53421,25.26596],[121.53885,25.26621],[121.54034,25.26565],[121.54141,25.26649],[121.54163,25.26775],[121.54311,25.26809],[121.54583,25.26691],[121.5475,25.26539],[121.54797,25.26621],[121.55003,25.26315],[121.5504,25.2618],[121.54968,25.25948],[121.54886,25.2592],[121.54782,25.25701],[121.54794,25.25485],[121.54643,25.25353],[121.54687,25.25143],[121.54772,25.24983],[121.54734,25.2482],[121.54627,25.24627],[121.54431,25.24702],[121.54362,25.24859],[121.54368,25.2498],[121.54289,25.25176],[121.54109,25.25179],[121.54112,25.25092],[121.53892,25.25218],[121.53939,25.25022],[121.53724,25.24893],[121.53671,25.24756],[121.53683,25.24604],[121.53898,25.24399],[121.53895,25.24298],[121.53772,25.24096],[121.53746,25.23931],[121.53772,25.23679],[121.53986,25.23294],[121.54125,25.2312],[121.54011,25.22955],[121.53996,25.22773],[121.5374,25.22635],[121.53674,25.22879],[121.53516,25.22975],[121.53434,25.22966]]]}},{"type":"Feature","properties":{"VILLCODE":"65000210006","VILLNAME":"茂長里","TOWNCODE":"65000210","TOWNNAME":"三芝區","COUNTYNAME":"新北市"},"geometry":{"type":"Polygon","coordinates":[[[121.52727,25.23822],[121.52701,25.23903],[121.52408,25.24158],[121.52168,25.24601],[121.52001,25.24753],[121.51546,25.24997],[121.51278,25.25036],[121.51111,25.25193],[121.51025,25.25418],[121.51237,25.2549],[121.51104,25.25664],[121.50896,25.26021],[121.50969,25.26108],[121.51016,25.26402],[121.50912,25.26371],[121.50886,25.26495],[121.50789,25.26635],[121.50827,25.26705],[121.51092,25.26879],[121.51066,25.27013],[121.51237,25.26963],[121.51398,25.26767],[121.51474,25.26733],[121.51568,25.26615],[121.51505,25.26455],[121.51609,25.26388],[121.51707,25.26189],[121.52237,25.25788],[121.52307,25.25793],[121.52556,25.256],[121.52537,25.25476],[121.52594,25.25401],[121.52566,25.25308],[121.52701,25.25204],[121.52926,25.24851],[121.52986,25.24826],[121.52948,25.24714],[121.53184,25.2434],[121.53207,25.24125],[121.53093,25.23984],[121.52967,25.23967],[121.52862,25.23813],[121.5285,25.23718],[121.52727,25.23822]]]}},{"type":"Feature","properties":{"VILLCODE":"65000270014","VILLNAME":"永興里","TOWNCODE":"65000270","TOWNNAME":"金山區","COUNTYNAME":"新北市"},"geometry":{"type":"Polygon","coordinates":[[[121.63557,25.25274],[121.63235,25.25213],[121.63146,25.25098],[121.6273,25.24938],[121.62534,25.24938],[121.62373,25.25137],[121.62168,25.25171],[121.61953,25.25092],[121.61729,25.25244],[121.61871,25.25319],[121.61944,25.25488],[121.61941,25.25591],[121.61792,25.25549],[121.61811,25.2565],[121.61862,25.25805],[121.61691,25.26279],[121.61729,25.265],[121.61603,25.26694],[121.61717,25.26842],[121.61701,25.26966],[121.61795,25.27333],[121.61988,25.27445],[121.62076,25.27574],[121.62313,25.27392],[121.62976,25.26677],[121.63412,25.26004],[121.63509,25.25664],[121.63557,25.25274]]]}},{"type":"Feature","properties":{"VILLCODE":"65000210003","VILLNAME":"古庄里","TOWNCODE":"65000210","TOWNNAME":"三芝區","COUNTYNAME":"新北市"},"geometry":{"type":"Polygon","coordinates":[[[121.50151,25.25143],[121.50116,25.24938],[121.49962,25.24809],[121.49734,25.24747],[121.49712,25.24834],[121.49397,25.25123],[121.49362,25.25235],[121.4927,25.25331],[121.49131,25.25631],[121.48879,25.25936],[121.48825,25.2551],[121.48566,25.25757],[121.48197,25.2629],[121.48061,25.26366],[121.47897,25.2638],[121.47645,25.26478],[121.47796,25.26767],[121.48093,25.27089],[121.48554,25.27271],[121.48664,25.27271],[121.48892,25.27395],[121.49097,25.27471],[121.49229,25.27594],[121.49434,25.27207],[121.49371,25.27086],[121.49422,25.26994],[121.49422,25.268],[121.4958,25.26489],[121.49428,25.26399],[121.49321,25.26251],[121.49176,25.2615],[121.49214,25.26068],[121.49466,25.25863],[121.49482,25.25785],[121.49703,25.25687],[121.49905,25.25398],[121.49958,25.2528],[121.50151,25.25143]]]}},{"type":"Feature","properties":{"VILLCODE":"65000210004","VILLNAME":"新庄里","TOWNCODE":"65000210","TOWNNAME":"三芝區","COUNTYNAME":"新北市"},"geometry":{"type":"Polygon","coordinates":[[[121.50164,25.26189],[121.49924,25.26077],[121.49766,25.26239],[121.4958,25.26489],[121.49422,25.268],[121.49422,25.26994],[121.49371,25.27086],[121.49434,25.27207],[121.49229,25.27594],[121.49378,25.27639],[121.49548,25.27793],[121.49734,25.27886],[121.50119,25.2799],[121.50271,25.27978],[121.50375,25.28133],[121.50643,25.28144],[121.50599,25.28222],[121.50767,25.28276],[121.50804,25.27998],[121.50864,25.27939],[121.50836,25.2781],[121.51044,25.27757],[121.51177,25.27656],[121.51373,25.27608],[121.51511,25.27616],[121.51537,25.27476],[121.51644,25.27286],[121.51736,25.27227],[121.51969,25.26904],[121.52118,25.26876],[121.52256,25.26629],[121.52212,25.26587],[121.52209,25.26399],[121.52168,25.26335],[121.51887,25.26295],[121.51641,25.26576],[121.51622,25.26739],[121.51474,25.26733],[121.51398,25.26767],[121.51237,25.26963],[121.51066,25.27013],[121.51092,25.26879],[121.50827,25.26705],[121.50789,25.26635],[121.50647,25.26374],[121.50385,25.2634],[121.50164,25.26189]]]}},{"type":"Feature","properties":{"VILLCODE":"65000220009","VILLNAME":"草里里","TOWNCODE":"65000220","TOWNNAME":"石門區","COUNTYNAME":"新北市"},"geometry":{"type":"Polygon","coordinates":[[[121.61811,25.2565],[121.61641,25.25468],[121.61581,25.25342],[121.61363,25.25398],[121.61038,25.25398],[121.60662,25.25319],[121.60416,25.25308],[121.60334,25.25224],[121.60328,25.25541],[121.60129,25.25788],[121.5999,25.26332],[121.59914,25.26416],[121.5998,25.26562],[121.59785,25.26862],[121.59807,25.27053],[121.597,25.27342],[121.59671,25.27586],[121.597,25.27675],[121.597,25.27911],[121.59611,25.28043],[121.59605,25.28135],[121.59797,25.28166],[121.59977,25.28071],[121.60072,25.28065],[121.60299,25.28253],[121.6029,25.28458],[121.60473,25.28562],[121.60634,25.28385],[121.60795,25.28144],[121.61568,25.27925],[121.61786,25.27816],[121.62076,25.27574],[121.61988,25.27445],[121.61795,25.27333],[121.61701,25.26966],[121.61717,25.26842],[121.61603,25.26694],[121.61729,25.265],[121.61691,25.26279],[121.61862,25.25805],[121.61811,25.2565]]]}},{"type":"Feature","properties":{"VILLCODE":"65000220001","VILLNAME":"德茂里","TOWNCODE":"65000220","TOWNNAME":"石門區","COUNTYNAME":"新北市"},"geometry":{"type":"Polygon","coordinates":[[[121.53336,25.2664],[121.53203,25.2657],[121.53229,25.26492],[121.5309,25.26382],[121.53178,25.26079],[121.5308,25.26091],[121.52967,25.26012],[121.52866,25.26051],[121.52802,25.2615],[121.52683,25.26096],[121.52616,25.26237],[121.52408,25.26368],[121.52367,25.26607],[121.52256,25.26629],[121.52118,25.26876],[121.51969,25.26904],[121.51736,25.27227],[121.51644,25.27286],[121.51537,25.27476],[121.51511,25.27616],[121.51373,25.27608],[121.51177,25.27656],[121.51044,25.27757],[121.50836,25.2781],[121.50864,25.27939],[121.50804,25.27998],[121.50767,25.28276],[121.50899,25.28292],[121.51051,25.28433],[121.5095,25.28438],[121.50937,25.28548],[121.50845,25.28694],[121.50836,25.28873],[121.50931,25.29131],[121.51073,25.29198],[121.51186,25.29179],[121.51278,25.29095],[121.51363,25.28935],[121.51404,25.28668],[121.51477,25.28593],[121.51691,25.28489],[121.51859,25.28478],[121.52083,25.28553],[121.52083,25.28651],[121.52297,25.28702],[121.52594,25.28601],[121.52679,25.28635],[121.52686,25.28466],[121.52743,25.28315],[121.52821,25.28284],[121.52856,25.28135],[121.52954,25.27947],[121.53118,25.27844],[121.53304,25.27659],[121.53405,25.27403],[121.53494,25.27302],[121.53478,25.27064],[121.53513,25.26873],[121.53487,25.26789],[121.53336,25.2664]]]}},{"type":"Feature","properties":{"VILLCODE":"65000220003","VILLNAME":"老梅里","TOWNCODE":"65000220","TOWNNAME":"石門區","COUNTYNAME":"新北市"},"geometry":{"type":"Polygon","coordinates":[[[121.55252,25.24105],[121.55078,25.24265],[121.55255,25.24391],[121.55186,25.24523],[121.55056,25.24545],[121.54876,25.24413],[121.54816,25.24282],[121.54643,25.24189],[121.54548,25.24096],[121.54457,25.24144],[121.54586,25.24349],[121.54472,25.24531],[121.54627,25.24627],[121.54734,25.2482],[121.54772,25.24983],[121.54687,25.25143],[121.54643,25.25353],[121.54794,25.25485],[121.54782,25.25701],[121.54886,25.2592],[121.54968,25.25948],[121.5504,25.2618],[121.55003,25.26315],[121.54797,25.26621],[121.54785,25.2682],[121.54722,25.26915],[121.54734,25.27131],[121.54659,25.27274],[121.54712,25.27375],[121.5463,25.27535],[121.54583,25.27751],[121.5452,25.27807],[121.54463,25.28037],[121.5451,25.28377],[121.5439,25.28581],[121.54378,25.28688],[121.54463,25.29027],[121.54586,25.29235],[121.54747,25.29173],[121.54662,25.29095],[121.54659,25.2898],[121.54731,25.28884],[121.54921,25.28789],[121.54933,25.28646],[121.55085,25.2841],[121.55059,25.28236],[121.55085,25.27849],[121.55025,25.27608],[121.55072,25.27437],[121.55044,25.27319],[121.55091,25.27218],[121.55179,25.26775],[121.55359,25.26329],[121.55684,25.2627],[121.55804,25.2595],[121.55943,25.25754],[121.56212,25.25586],[121.56332,25.25241],[121.5635,25.25087],[121.56208,25.24876],[121.55905,25.24871],[121.55707,25.25025],[121.55583,25.24966],[121.5558,25.24657],[121.5553,25.24531],[121.55375,25.24343],[121.55353,25.24167],[121.55252,25.24105]]]}},{"type":"Feature","properties":{"VILLCODE":"65000220004","VILLNAME":"山溪里","TOWNCODE":"65000220","TOWNNAME":"石門區","COUNTYNAME":"新北市"},"geometry":{"type":"Polygon","coordinates":[[[121.5677,25.21802],[121.56726,25.21673],[121.566,25.21502],[121.56515,25.21589],[121.56433,25.2183],[121.56319,25.2197],[121.56265,25.22203],[121.56032,25.22321],[121.55801,25.22565],[121.55751,25.22666],[121.55564,25.22756],[121.55609,25.22918],[121.55568,25.23118],[121.55647,25.23384],[121.55546,25.23586],[121.55495,25.23824],[121.55403,25.23979],[121.55252,25.24105],[121.55353,25.24167],[121.55375,25.24343],[121.5553,25.24531],[121.5558,25.24657],[121.55583,25.24966],[121.55707,25.25025],[121.55905,25.24871],[121.56208,25.24876],[121.5635,25.25087],[121.56332,25.25241],[121.56212,25.25586],[121.55943,25.25754],[121.55804,25.2595],[121.55684,25.2627],[121.55359,25.26329],[121.55179,25.26775],[121.55091,25.27218],[121.55044,25.27319],[121.55072,25.27437],[121.55025,25.27608],[121.55085,25.27849],[121.55059,25.28236],[121.55085,25.2841],[121.54933,25.28646],[121.54921,25.28789],[121.54731,25.28884],[121.54659,25.2898],[121.54662,25.29095],[121.54747,25.29173],[121.54772,25.29198],[121.5504,25.29162],[121.55183,25.29196],[121.55381,25.29302],[121.5577,25.29229],[121.5577,25.29008],[121.55924,25.28764],[121.56032,25.28466],[121.56133,25.2834],[121.56142,25.28141],[121.5636,25.27804],[121.56474,25.27415],[121.5654,25.27081],[121.56527,25.26879],[121.56559,25.26495],[121.56635,25.26276],[121.5659,25.26119],[121.56682,25.25841],[121.56849,25.25734],[121.57026,25.25569],[121.57212,25.2546],[121.57241,25.2535],[121.57392,25.25188],[121.57515,25.25129],[121.57462,25.25025],[121.57458,25.24873],[121.57364,25.24702],[121.57462,25.24486],[121.57383,25.24231],[121.57269,25.23996],[121.57187,25.23951],[121.57187,25.23667],[121.57045,25.23418],[121.57061,25.23261],[121.57016,25.23014],[121.57026,25.22893],[121.56881,25.22753],[121.56824,25.22512],[121.56732,25.22442],[121.56616,25.22156],[121.56682,25.21895],[121.5677,25.21802]]]}},{"type":"Feature","properties":{"VILLCODE":"65000220008","VILLNAME":"茂林里","TOWNCODE":"65000220","TOWNNAME":"石門區","COUNTYNAME":"新北市"},"geometry":{"type":"Polygon","coordinates":[[[121.59772,25.24318],[121.597,25.24298],[121.59643,25.24447],[121.59687,25.24638],[121.5958,25.24915],[121.59469,25.25053],[121.59507,25.25176],[121.59359,25.25608],[121.59169,25.25763],[121.59191,25.25931],[121.58926,25.26223],[121.58835,25.26391],[121.58746,25.26918],[121.58869,25.27016],[121.5885,25.27378],[121.58866,25.27661],[121.58787,25.27818],[121.58772,25.27967],[121.58891,25.28346],[121.58907,25.2855],[121.58866,25.28988],[121.58756,25.29305],[121.59065,25.29207],[121.59374,25.29207],[121.59539,25.29139],[121.59706,25.29156],[121.5976,25.28996],[121.60239,25.28772],[121.60473,25.28562],[121.6029,25.28458],[121.60299,25.28253],[121.60072,25.28065],[121.59977,25.28071],[121.59797,25.28166],[121.59605,25.28135],[121.59611,25.28043],[121.597,25.27911],[121.597,25.27675],[121.59671,25.27586],[121.597,25.27342],[121.59807,25.27053],[121.59785,25.26862],[121.5998,25.26562],[121.59914,25.26416],[121.5999,25.26332],[121.60129,25.25788],[121.60328,25.25541],[121.60334,25.25224],[121.60167,25.25019],[121.60047,25.24915],[121.60018,25.24823],[121.59999,25.24669],[121.59886,25.24441],[121.59772,25.24318]]]}},{"type":"Feature","properties":{"VILLCODE":"65000220005","VILLNAME":"石門里","TOWNCODE":"65000220","TOWNNAME":"石門區","COUNTYNAME":"新北市"},"geometry":{"type":"Polygon","coordinates":[[[121.57515,25.25129],[121.57392,25.25188],[121.57241,25.2535],[121.57212,25.2546],[121.57026,25.25569],[121.56849,25.25734],[121.56682,25.25841],[121.5659,25.26119],[121.56635,25.26276],[121.56559,25.26495],[121.56527,25.26879],[121.5654,25.27081],[121.56474,25.27415],[121.5636,25.27804],[121.56142,25.28141],[121.56133,25.2834],[121.56032,25.28466],[121.55924,25.28764],[121.5577,25.29008],[121.5577,25.29229],[121.56041,25.29198],[121.56215,25.29302],[121.56391,25.2935],[121.56559,25.29322],[121.56622,25.2912],[121.56698,25.29069],[121.56717,25.28952],[121.5666,25.28918],[121.56928,25.28607],[121.57045,25.28295],[121.57029,25.28194],[121.5714,25.2811],[121.57187,25.2799],[121.5731,25.27919],[121.57345,25.27771],[121.57282,25.27628],[121.57411,25.27429],[121.57424,25.27156],[121.57657,25.26806],[121.57828,25.26638],[121.58178,25.26408],[121.5827,25.26141],[121.58206,25.25875],[121.58251,25.25779],[121.5797,25.2572],[121.5767,25.25462],[121.5755,25.25159],[121.57515,25.25129]]]}},{"type":"Feature","properties":{"VILLCODE":"65000220007","VILLNAME":"乾華里","TOWNCODE":"65000220","TOWNNAME":"石門區","COUNTYNAME":"新北市"},"geometry":{"type":"Polygon","coordinates":[[[121.58109,25.22321],[121.57957,25.22186],[121.5778,25.22083],[121.57458,25.22041],[121.57367,25.22074],[121.57133,25.22038],[121.56998,25.21926],[121.5677,25.21802],[121.56682,25.21895],[121.56616,25.22156],[121.56732,25.22442],[121.56824,25.22512],[121.56881,25.22753],[121.57026,25.22893],[121.57016,25.23014],[121.57061,25.23261],[121.57045,25.23418],[121.57187,25.23667],[121.57187,25.23951],[121.57269,25.23996],[121.57383,25.24231],[121.57462,25.24486],[121.57364,25.24702],[121.57458,25.24873],[121.57462,25.25025],[121.57515,25.25129],[121.5755,25.25159],[121.57695,25.25235],[121.58058,25.25333],[121.5815,25.25325],[121.58285,25.25423],[121.58421,25.25712],[121.58345,25.26228],[121.5839,25.26497],[121.58257,25.26624],[121.58181,25.2684],[121.58285,25.27257],[121.58377,25.27403],[121.58219,25.27566],[121.58172,25.27771],[121.58219,25.28082],[121.58282,25.28177],[121.5832,25.28461],[121.58292,25.28654],[121.58371,25.28755],[121.58361,25.29019],[121.58535,25.29445],[121.58756,25.29305],[121.58866,25.28988],[121.58907,25.2855],[121.58891,25.28346],[121.58772,25.27967],[121.58787,25.27818],[121.58866,25.27661],[121.5885,25.27378],[121.58869,25.27016],[121.58746,25.26918],[121.58835,25.26391],[121.58926,25.26223],[121.59191,25.25931],[121.59169,25.25763],[121.59359,25.25608],[121.59507,25.25176],[121.59469,25.25053],[121.5958,25.24915],[121.59687,25.24638],[121.59643,25.24447],[121.597,25.24298],[121.59422,25.24245],[121.59406,25.24192],[121.59078,25.23909],[121.59033,25.23816],[121.58841,25.2369],[121.58721,25.23541],[121.58399,25.23331],[121.58301,25.23185],[121.58159,25.22823],[121.58191,25.22509],[121.58109,25.22321]]]}},{"type":"Feature","properties":{"VILLCODE":"65000220006","VILLNAME":"尖鹿里","TOWNCODE":"65000220","TOWNNAME":"石門區","COUNTYNAME":"新北市"},"geometry":{"type":"Polygon","coordinates":[[[121.5755,25.25159],[121.5767,25.25462],[121.5797,25.2572],[121.58251,25.25779],[121.58206,25.25875],[121.5827,25.26141],[121.58178,25.26408],[121.57828,25.26638],[121.57657,25.26806],[121.57424,25.27156],[121.57411,25.27429],[121.57282,25.27628],[121.57345,25.27771],[121.5731,25.27919],[121.57187,25.2799],[121.5714,25.2811],[121.57029,25.28194],[121.57045,25.28295],[121.56928,25.28607],[121.5666,25.28918],[121.56717,25.28952],[121.56698,25.29069],[121.56622,25.2912],[121.56559,25.29322],[121.56543,25.29403],[121.56669,25.2949],[121.56717,25.29678],[121.56931,25.29846],[121.57222,25.29841],[121.57446,25.29905],[121.57771,25.29891],[121.57957,25.29773],[121.58263,25.2963],[121.58535,25.29445],[121.58361,25.29019],[121.58371,25.28755],[121.58292,25.28654],[121.5832,25.28461],[121.58282,25.28177],[121.58219,25.28082],[121.58172,25.27771],[121.58219,25.27566],[121.58377,25.27403],[121.58285,25.27257],[121.58181,25.2684],[121.58257,25.26624],[121.5839,25.26497],[121.58345,25.26228],[121.58421,25.25712],[121.58285,25.25423],[121.5815,25.25325],[121.58058,25.25333],[121.57695,25.25235],[121.5755,25.25159]]]}},{"type":"Feature","properties":{"VILLCODE":"65000220002","VILLNAME":"富基里","TOWNCODE":"65000220","TOWNNAME":"石門區","COUNTYNAME":"新北市"},"geometry":{"type":"Polygon","coordinates":[[[121.54797,25.26621],[121.5475,25.26539],[121.54583,25.26691],[121.54311,25.26809],[121.54163,25.26775],[121.54141,25.26649],[121.54034,25.26565],[121.53885,25.26621],[121.53421,25.26596],[121.53336,25.2664],[121.53487,25.26789],[121.53513,25.26873],[121.53478,25.27064],[121.53494,25.27302],[121.53405,25.27403],[121.53304,25.27659],[121.53118,25.27844],[121.52954,25.27947],[121.52856,25.28135],[121.52821,25.28284],[121.52743,25.28315],[121.52686,25.28466],[121.52679,25.28635],[121.52853,25.28708],[121.53049,25.28834],[121.53169,25.28966],[121.53333,25.28988],[121.5345,25.29111],[121.53484,25.29249],[121.53361,25.29498],[121.53377,25.29706],[121.53715,25.30031],[121.53939,25.29919],[121.54071,25.29785],[121.54122,25.29456],[121.54586,25.29235],[121.54463,25.29027],[121.54378,25.28688],[121.5439,25.28581],[121.5451,25.28377],[121.54463,25.28037],[121.5452,25.27807],[121.54583,25.27751],[121.5463,25.27535],[121.54712,25.27375],[121.54659,25.27274],[121.54734,25.27131],[121.54722,25.26915],[121.54785,25.2682],[121.54797,25.26621]]]}},{"type":"Feature","properties":{"VILLCODE":"63000080031","VILLNAME":"樟新里","TOWNCODE":"63000080","TOWNNAME":"文山區","COUNTYNAME":"臺北市"},"geometry":{"type":"Polygon","coordinates":[[[121.5552,24.97647],[121.5552,24.9765],[121.55369,24.97743],[121.55312,24.97967],[121.55312,24.97973],[121.55946,24.98138],[121.5595,24.98021],[121.55782,24.97931],[121.55735,24.97746],[121.55624,24.97633],[121.5552,24.97647]]]}},{"type":"Feature","properties":{"VILLCODE":"63000080037","VILLNAME":"老泉里","TOWNCODE":"63000080","TOWNNAME":"文山區","COUNTYNAME":"臺北市"},"geometry":{"type":"Polygon","coordinates":[[[121.56486,24.96422],[121.56439,24.96464],[121.56123,24.96469],[121.55994,24.96657],[121.55991,24.9666],[121.55991,24.96663],[121.55849,24.96854],[121.55748,24.97227],[121.55609,24.97336],[121.55523,24.97642],[121.5552,24.97647],[121.5552,24.97647],[121.55624,24.97633],[121.55735,24.97746],[121.55782,24.97931],[121.5595,24.98021],[121.56126,24.97939],[121.56486,24.98147],[121.56682,24.98124],[121.56909,24.98206],[121.57042,24.98239],[121.57152,24.98203],[121.57604,24.98057],[121.57742,24.97948],[121.57828,24.97776],[121.57891,24.9737],[121.5797,24.97112],[121.57957,24.96972],[121.57866,24.96657],[121.57739,24.96649],[121.57455,24.96685],[121.57433,24.96528],[121.57297,24.96413],[121.57039,24.96444],[121.56843,24.96408],[121.56492,24.96416],[121.56486,24.96422],[121.56486,24.96419],[121.56486,24.96422]]]}},{"type":"Feature","properties":{"VILLCODE":"63000080032","VILLNAME":"樟腳里","TOWNCODE":"63000080","TOWNNAME":"文山區","COUNTYNAME":"臺北市"},"geometry":{"type":"Polygon","coordinates":[[[121.5595,24.98021],[121.55946,24.98138],[121.55994,24.9815],[121.56256,24.98208],[121.5678,24.9836],[121.56909,24.98206],[121.56682,24.98124],[121.56486,24.98147],[121.56126,24.97939],[121.5595,24.98021]]]}},{"type":"Feature","properties":{"VILLCODE":"63000080041","VILLNAME":"樟文里","TOWNCODE":"63000080","TOWNNAME":"文山區","COUNTYNAME":"臺北市"},"geometry":{"type":"Polygon","coordinates":[[[121.55312,24.97973],[121.55356,24.98312],[121.55359,24.98326],[121.55552,24.98318],[121.55915,24.98405],[121.55994,24.9815],[121.55946,24.98138],[121.55312,24.97973]]]}},{"type":"Feature","properties":{"VILLCODE":"63000080043","VILLNAME":"樟樹里","TOWNCODE":"63000080","TOWNNAME":"文山區","COUNTYNAME":"臺北市"},"geometry":{"type":"Polygon","coordinates":[[[121.56256,24.98208],[121.55994,24.9815],[121.55915,24.98405],[121.56167,24.9845],[121.56256,24.98208]]]}},{"type":"Feature","properties":{"VILLCODE":"63000080029","VILLNAME":"順興里","TOWNCODE":"63000080","TOWNNAME":"文山區","COUNTYNAME":"臺北市"},"geometry":{"type":"Polygon","coordinates":[[[121.5678,24.9836],[121.56256,24.98208],[121.56167,24.9845],[121.56499,24.985],[121.56669,24.98472],[121.56707,24.98514],[121.569,24.98469],[121.56922,24.98413],[121.5678,24.9836]]]}},{"type":"Feature","properties":{"VILLCODE":"63000080036","VILLNAME":"指南里","TOWNCODE":"63000080","TOWNNAME":"文山區","COUNTYNAME":"臺北市"},"geometry":{"type":"Polygon","coordinates":[[[121.60924,24.96402],[121.60845,24.96318],[121.60527,24.96298],[121.6034,24.96228],[121.60217,24.96122],[121.60107,24.96088],[121.59838,24.96124],[121.59684,24.9606],[121.59681,24.96063],[121.59677,24.96066],[121.59485,24.96158],[121.5934,24.96422],[121.59194,24.96394],[121.59119,24.96458],[121.58873,24.96338],[121.58809,24.96369],[121.58573,24.96321],[121.58443,24.96458],[121.58219,24.96475],[121.58052,24.9654],[121.57866,24.96657],[121.57957,24.96972],[121.5797,24.97112],[121.57891,24.9737],[121.57828,24.97776],[121.57742,24.97948],[121.57604,24.98057],[121.57152,24.98203],[121.57193,24.98259],[121.576,24.98525],[121.57774,24.98514],[121.57989,24.98548],[121.5814,24.9843],[121.5879,24.98208],[121.59065,24.97995],[121.59384,24.97833],[121.59507,24.97729],[121.59624,24.97712],[121.59971,24.97779],[121.59977,24.97771],[121.6005,24.9767],[121.60283,24.97591],[121.60511,24.97443],[121.60823,24.97451],[121.61006,24.97426],[121.61126,24.97462],[121.61344,24.97336],[121.61414,24.97359],[121.61549,24.97224],[121.61717,24.97115],[121.61723,24.97112],[121.61919,24.97058],[121.61997,24.96927],[121.61963,24.96716],[121.61786,24.96688],[121.61694,24.9675],[121.61496,24.96615],[121.61366,24.96643],[121.61205,24.9654],[121.61047,24.965],[121.60924,24.96402]]]}},{"type":"Feature","properties":{"VILLCODE":"63000080030","VILLNAME":"樟林里","TOWNCODE":"63000080","TOWNNAME":"文山區","COUNTYNAME":"臺北市"},"geometry":{"type":"Polygon","coordinates":[[[121.55359,24.98326],[121.55378,24.9852],[121.55284,24.98635],[121.55284,24.98638],[121.55473,24.98668],[121.55571,24.98626],[121.55849,24.98632],[121.56095,24.98657],[121.56167,24.9845],[121.55915,24.98405],[121.55552,24.98318],[121.55359,24.98326]]]}},{"type":"Feature","properties":{"VILLCODE":"63000080038","VILLNAME":"忠順里","TOWNCODE":"63000080","TOWNNAME":"文山區","COUNTYNAME":"臺北市"},"geometry":{"type":"Polygon","coordinates":[[[121.56707,24.98514],[121.56669,24.98472],[121.56499,24.985],[121.56167,24.9845],[121.56095,24.98657],[121.5647,24.98694],[121.56833,24.9868],[121.56707,24.98514]]]}},{"type":"Feature","properties":{"VILLCODE":"63000080023","VILLNAME":"試院里","TOWNCODE":"63000080","TOWNNAME":"文山區","COUNTYNAME":"臺北市"},"geometry":{"type":"Polygon","coordinates":[[[121.54482,24.98382],[121.54479,24.98382],[121.54479,24.98385],[121.54415,24.98503],[121.54482,24.98702],[121.54419,24.9882],[121.54242,24.98806],[121.54226,24.98803],[121.54226,24.98806],[121.54475,24.99064],[121.5457,24.99005],[121.54873,24.98977],[121.5499,24.98741],[121.55069,24.98694],[121.55066,24.98688],[121.55104,24.98587],[121.54996,24.98447],[121.5499,24.98441],[121.54987,24.98438],[121.54902,24.98374],[121.54709,24.98329],[121.54488,24.98377],[121.54482,24.98382]]]}},{"type":"Feature","properties":{"VILLCODE":"63000080028","VILLNAME":"木新里","TOWNCODE":"63000080","TOWNNAME":"文山區","COUNTYNAME":"臺北市"},"geometry":{"type":"Polygon","coordinates":[[[121.57152,24.98203],[121.57042,24.98239],[121.56909,24.98206],[121.5678,24.9836],[121.56922,24.98413],[121.569,24.98469],[121.56707,24.98514],[121.56833,24.9868],[121.56868,24.98896],[121.57089,24.99069],[121.57111,24.99165],[121.57203,24.99165],[121.57231,24.99072],[121.57099,24.98935],[121.5725,24.98725],[121.57177,24.98537],[121.57193,24.98259],[121.57152,24.98203]]]}},{"type":"Feature","properties":{"VILLCODE":"63000080025","VILLNAME":"明義里","TOWNCODE":"63000080","TOWNNAME":"文山區","COUNTYNAME":"臺北市"},"geometry":{"type":"Polygon","coordinates":[[[121.56095,24.98657],[121.55849,24.98632],[121.55766,24.98868],[121.55849,24.98955],[121.55688,24.98932],[121.55707,24.99126],[121.55871,24.99179],[121.5589,24.99109],[121.56016,24.98873],[121.56309,24.98904],[121.56357,24.98806],[121.56451,24.98792],[121.5647,24.98694],[121.56095,24.98657]]]}},{"type":"Feature","properties":{"VILLCODE":"63000080001","VILLNAME":"景行里","TOWNCODE":"63000080","TOWNNAME":"文山區","COUNTYNAME":"臺北市"},"geometry":{"type":"Polygon","coordinates":[[[121.5422,24.98803],[121.54213,24.98803],[121.53983,24.98775],[121.5398,24.98775],[121.53955,24.98918],[121.54052,24.99213],[121.54081,24.99288],[121.54412,24.99249],[121.54223,24.98915],[121.5422,24.98803]]]}},{"type":"Feature","properties":{"VILLCODE":"63000080024","VILLNAME":"華興里","TOWNCODE":"63000080","TOWNNAME":"文山區","COUNTYNAME":"臺北市"},"geometry":{"type":"Polygon","coordinates":[[[121.55284,24.98638],[121.55284,24.98638],[121.55151,24.98739],[121.55069,24.98696],[121.55069,24.98694],[121.5499,24.98741],[121.54873,24.98977],[121.5457,24.99005],[121.54475,24.99064],[121.54583,24.99162],[121.54943,24.99269],[121.55059,24.99367],[121.55164,24.99395],[121.55347,24.99285],[121.55359,24.99204],[121.55473,24.99103],[121.55707,24.99126],[121.55688,24.98932],[121.55849,24.98955],[121.55766,24.98868],[121.55849,24.98632],[121.55571,24.98626],[121.55473,24.98668],[121.55284,24.98638]]]}},{"type":"Feature","properties":{"VILLCODE":"63000080026","VILLNAME":"明興里","TOWNCODE":"63000080","TOWNNAME":"文山區","COUNTYNAME":"臺北市"},"geometry":{"type":"Polygon","coordinates":[[[121.56309,24.98904],[121.56016,24.98873],[121.5589,24.99109],[121.56082,24.99207],[121.56104,24.99277],[121.56265,24.994],[121.56379,24.99302],[121.56455,24.99131],[121.56426,24.98949],[121.56309,24.98904]]]}},{"type":"Feature","properties":{"VILLCODE":"63000080003","VILLNAME":"景美里","TOWNCODE":"63000080","TOWNNAME":"文山區","COUNTYNAME":"臺北市"},"geometry":{"type":"Polygon","coordinates":[[[121.5398,24.98775],[121.53977,24.98775],[121.53819,24.98797],[121.53686,24.98873],[121.53658,24.98971],[121.53699,24.991],[121.53699,24.99109],[121.53702,24.99114],[121.53708,24.99221],[121.53626,24.99409],[121.5351,24.99513],[121.53506,24.9951],[121.53522,24.99569],[121.54052,24.99213],[121.53955,24.98918],[121.5398,24.98775]]]}},{"type":"Feature","properties":{"VILLCODE":"63000080027","VILLNAME":"木柵里","TOWNCODE":"63000080","TOWNNAME":"文山區","COUNTYNAME":"臺北市"},"geometry":{"type":"Polygon","coordinates":[[[121.56833,24.9868],[121.5647,24.98694],[121.56451,24.98792],[121.56357,24.98806],[121.56309,24.98904],[121.56426,24.98949],[121.56455,24.99131],[121.56379,24.99302],[121.56265,24.994],[121.56357,24.996],[121.56597,24.99529],[121.56729,24.99558],[121.56865,24.99493],[121.5701,24.99358],[121.57061,24.99159],[121.57111,24.99165],[121.57089,24.99069],[121.56868,24.98896],[121.56833,24.9868]]]}},{"type":"Feature","properties":{"VILLCODE":"63000080002","VILLNAME":"景東里","TOWNCODE":"63000080","TOWNNAME":"文山區","COUNTYNAME":"臺北市"},"geometry":{"type":"Polygon","coordinates":[[[121.54223,24.98803],[121.5422,24.98803],[121.54223,24.98915],[121.54412,24.99249],[121.54469,24.9951],[121.54576,24.99521],[121.54753,24.99642],[121.54971,24.9951],[121.55059,24.99367],[121.54943,24.99269],[121.54583,24.99162],[121.54475,24.99064],[121.54226,24.98806],[121.54226,24.98803],[121.54223,24.98803]]]}},{"type":"Feature","properties":{"VILLCODE":"63000080015","VILLNAME":"興家里","TOWNCODE":"63000080","TOWNNAME":"文山區","COUNTYNAME":"臺北市"},"geometry":{"type":"Polygon","coordinates":[[[121.5589,24.99109],[121.55871,24.99179],[121.56,24.99619],[121.56224,24.99667],[121.56357,24.996],[121.56265,24.994],[121.56104,24.99277],[121.56082,24.99207],[121.5589,24.99109]]]}},{"type":"Feature","properties":{"VILLCODE":"63000080040","VILLNAME":"政大里","TOWNCODE":"63000080","TOWNNAME":"文山區","COUNTYNAME":"臺北市"},"geometry":{"type":"Polygon","coordinates":[[[121.59835,24.9951],[121.59832,24.9951],[121.59845,24.99367],[121.59927,24.99314],[121.59908,24.99176],[121.60189,24.99044],[121.60186,24.98795],[121.59987,24.98646],[121.60069,24.98032],[121.59933,24.97869],[121.59968,24.97782],[121.59971,24.97779],[121.59624,24.97712],[121.59507,24.97729],[121.59384,24.97833],[121.59065,24.97995],[121.5879,24.98208],[121.5814,24.9843],[121.57989,24.98548],[121.57847,24.98699],[121.57626,24.98755],[121.5761,24.98795],[121.57758,24.98943],[121.57957,24.99039],[121.58159,24.99025],[121.5826,24.99078],[121.58487,24.99089],[121.58708,24.99016],[121.58835,24.99151],[121.58904,24.99117],[121.5898,24.98896],[121.59033,24.98898],[121.59033,24.99078],[121.591,24.99215],[121.59264,24.99159],[121.59346,24.99501],[121.59444,24.9963],[121.59554,24.99659],[121.59731,24.99602],[121.59835,24.9951]]]}},{"type":"Feature","properties":{"VILLCODE":"63000080004","VILLNAME":"景慶里","TOWNCODE":"63000080","TOWNNAME":"文山區","COUNTYNAME":"臺北市"},"geometry":{"type":"Polygon","coordinates":[[[121.53336,24.9921],[121.53169,24.99053],[121.53137,24.99255],[121.53175,24.99322],[121.53137,24.99544],[121.53055,24.9979],[121.53446,24.99788],[121.54112,24.99417],[121.54081,24.99288],[121.54052,24.99213],[121.53522,24.99569],[121.53506,24.9951],[121.53503,24.99507],[121.53434,24.99333],[121.53345,24.99215],[121.53342,24.99213],[121.53336,24.9921]]]}},{"type":"Feature","properties":{"VILLCODE":"63000080006","VILLNAME":"景華里","TOWNCODE":"63000080","TOWNNAME":"文山區","COUNTYNAME":"臺北市"},"geometry":{"type":"Polygon","coordinates":[[[121.54412,24.99249],[121.54081,24.99288],[121.54112,24.99417],[121.54112,24.99591],[121.54255,24.99734],[121.54381,24.99765],[121.54453,24.99844],[121.54469,24.9951],[121.54412,24.99249]]]}},{"type":"Feature","properties":{"VILLCODE":"63000080019","VILLNAME":"興福里","TOWNCODE":"63000080","TOWNNAME":"文山區","COUNTYNAME":"臺北市"},"geometry":{"type":"Polygon","coordinates":[[[121.54753,24.99642],[121.54576,24.99521],[121.54469,24.9951],[121.54453,24.99844],[121.54453,24.99849],[121.54728,24.99933],[121.54788,24.99773],[121.54753,24.99642]]]}},{"type":"Feature","properties":{"VILLCODE":"63000080005","VILLNAME":"景仁里","TOWNCODE":"63000080","TOWNNAME":"文山區","COUNTYNAME":"臺北市"},"geometry":{"type":"Polygon","coordinates":[[[121.54112,24.99417],[121.53446,24.99788],[121.53055,24.9979],[121.5309,24.99933],[121.53418,24.99903],[121.53598,24.99849],[121.53686,24.99813],[121.5374,24.9988],[121.53986,24.99961],[121.54112,24.99591],[121.54112,24.99417]]]}},{"type":"Feature","properties":{"VILLCODE":"63000080016","VILLNAME":"興得里","TOWNCODE":"63000080","TOWNNAME":"文山區","COUNTYNAME":"臺北市"},"geometry":{"type":"Polygon","coordinates":[[[121.55871,24.99179],[121.55707,24.99126],[121.55473,24.99103],[121.55359,24.99204],[121.55347,24.99285],[121.55164,24.99395],[121.55186,24.99647],[121.55334,24.99849],[121.55457,25.00082],[121.55795,24.99894],[121.55972,24.99723],[121.56,24.99619],[121.55871,24.99179]]]}},{"type":"Feature","properties":{"VILLCODE":"63000080018","VILLNAME":"興安里","TOWNCODE":"63000080","TOWNNAME":"文山區","COUNTYNAME":"臺北市"},"geometry":{"type":"Polygon","coordinates":[[[121.55164,24.99395],[121.55059,24.99367],[121.54971,24.9951],[121.54753,24.99642],[121.54788,24.99773],[121.54728,24.99933],[121.54791,24.99978],[121.55097,25.00152],[121.55148,25.00093],[121.55034,25.00009],[121.55116,24.99947],[121.55145,24.99813],[121.55116,24.9965],[121.55186,24.99647],[121.55164,24.99395]]]}},{"type":"Feature","properties":{"VILLCODE":"63000080017","VILLNAME":"興業里","TOWNCODE":"63000080","TOWNNAME":"文山區","COUNTYNAME":"臺北市"},"geometry":{"type":"Polygon","coordinates":[[[121.55457,25.00082],[121.55334,24.99849],[121.55186,24.99647],[121.55116,24.9965],[121.55145,24.99813],[121.55116,24.99947],[121.55034,25.00009],[121.55148,25.00093],[121.55097,25.00152],[121.55173,25.0018],[121.55252,25.00155],[121.55457,25.00082]]]}},{"type":"Feature","properties":{"VILLCODE":"63000080007","VILLNAME":"萬有里","TOWNCODE":"63000080","TOWNNAME":"文山區","COUNTYNAME":"臺北市"},"geometry":{"type":"Polygon","coordinates":[[[121.54453,24.99844],[121.54381,24.99765],[121.54255,24.99734],[121.54112,24.99591],[121.53986,24.99961],[121.54198,25.00197],[121.54349,25.00023],[121.54453,24.99849],[121.54453,24.99844]]]}},{"type":"Feature","properties":{"VILLCODE":"63000080014","VILLNAME":"興光里","TOWNCODE":"63000080","TOWNNAME":"文山區","COUNTYNAME":"臺北市"},"geometry":{"type":"Polygon","coordinates":[[[121.56357,24.996],[121.56224,24.99667],[121.56,24.99619],[121.55972,24.99723],[121.55795,24.99894],[121.55457,25.00082],[121.55558,25.00239],[121.55804,25.00158],[121.55918,25.00236],[121.56082,25.00276],[121.56155,25.00191],[121.56142,25.00133],[121.56265,25.00074],[121.56243,24.99964],[121.56338,24.99869],[121.56417,24.99695],[121.56357,24.996]]]}},{"type":"Feature","properties":{"VILLCODE":"63000080009","VILLNAME":"萬隆里","TOWNCODE":"63000080","TOWNNAME":"文山區","COUNTYNAME":"臺北市"},"geometry":{"type":"Polygon","coordinates":[[[121.53986,24.99961],[121.5374,24.9988],[121.53686,24.99813],[121.53598,24.99849],[121.53683,25.00189],[121.53674,25.00298],[121.53869,25.00276],[121.53986,24.99961]]]}},{"type":"Feature","properties":{"VILLCODE":"63000080033","VILLNAME":"萬芳里","TOWNCODE":"63000080","TOWNNAME":"文山區","COUNTYNAME":"臺北市"},"geometry":{"type":"Polygon","coordinates":[[[121.57203,24.99165],[121.57111,24.99165],[121.57061,24.99159],[121.5701,24.99358],[121.56865,24.99493],[121.56862,24.99616],[121.57032,24.99785],[121.56906,24.99897],[121.56878,25.00032],[121.56698,25.0018],[121.56723,25.00281],[121.57048,25.00273],[121.5719,25.00304],[121.57193,25.00189],[121.57364,24.99922],[121.57319,24.99933],[121.57234,24.99712],[121.57083,24.99673],[121.57073,24.99566],[121.57215,24.99454],[121.57177,24.99196],[121.57203,24.99165]]]}},{"type":"Feature","properties":{"VILLCODE":"63000080013","VILLNAME":"興豐里","TOWNCODE":"63000080","TOWNNAME":"文山區","COUNTYNAME":"臺北市"},"geometry":{"type":"Polygon","coordinates":[[[121.54728,24.99933],[121.54453,24.99849],[121.54349,25.00023],[121.54198,25.00197],[121.54453,25.00407],[121.54516,25.00309],[121.54668,25.00236],[121.54687,25.0013],[121.54791,24.99978],[121.54728,24.99933]]]}},{"type":"Feature","properties":{"VILLCODE":"63000080008","VILLNAME":"萬祥里","TOWNCODE":"63000080","TOWNNAME":"文山區","COUNTYNAME":"臺北市"},"geometry":{"type":"Polygon","coordinates":[[[121.54198,25.00197],[121.53986,24.99961],[121.53869,25.00276],[121.53879,25.00433],[121.54087,25.00371],[121.54198,25.00197]]]}},{"type":"Feature","properties":{"VILLCODE":"63000080035","VILLNAME":"萬興里","TOWNCODE":"63000080","TOWNNAME":"文山區","COUNTYNAME":"臺北市"},"geometry":{"type":"Polygon","coordinates":[[[121.59943,25.00281],[121.59946,25.00278],[121.60056,25.00071],[121.60053,24.99849],[121.59971,24.99762],[121.59958,24.99642],[121.59835,24.9951],[121.59731,24.99602],[121.59554,24.99659],[121.59444,24.9963],[121.59346,24.99501],[121.59264,24.99159],[121.591,24.99215],[121.59033,24.99078],[121.59033,24.98898],[121.5898,24.98896],[121.58904,24.99117],[121.58835,24.99151],[121.58708,24.99016],[121.58487,24.99089],[121.5826,24.99078],[121.58159,24.99025],[121.57957,24.99039],[121.57758,24.98943],[121.5761,24.98795],[121.57626,24.98755],[121.57847,24.98699],[121.57989,24.98548],[121.57774,24.98514],[121.576,24.98525],[121.57193,24.98259],[121.57177,24.98537],[121.5725,24.98725],[121.57099,24.98935],[121.57231,24.99072],[121.57203,24.99165],[121.57177,24.99196],[121.57215,24.99454],[121.57389,24.99619],[121.57525,24.99701],[121.57515,24.99821],[121.57821,25.00012],[121.58017,24.99978],[121.58124,25.00003],[121.58601,25.00284],[121.58702,25.00267],[121.58841,25.0002],[121.59229,24.99692],[121.5934,24.99656],[121.59447,24.99745],[121.59539,24.99931],[121.59526,25.00127],[121.59605,25.0043],[121.59614,25.00427],[121.59709,25.00455],[121.59936,25.00284],[121.59943,25.00281]]]}},{"type":"Feature","properties":{"VILLCODE":"63000080042","VILLNAME":"興邦里","TOWNCODE":"63000080","TOWNNAME":"文山區","COUNTYNAME":"臺北市"},"geometry":{"type":"Polygon","coordinates":[[[121.55097,25.00152],[121.54791,24.99978],[121.54687,25.0013],[121.54668,25.00236],[121.54516,25.00309],[121.54453,25.00407],[121.54564,25.00503],[121.54741,25.00514],[121.54848,25.00396],[121.55113,25.00256],[121.55173,25.0018],[121.55097,25.00152]]]}},{"type":"Feature","properties":{"VILLCODE":"63000080011","VILLNAME":"萬和里","TOWNCODE":"63000080","TOWNNAME":"文山區","COUNTYNAME":"臺北市"},"geometry":{"type":"Polygon","coordinates":[[[121.53598,24.99849],[121.53418,24.99903],[121.5309,24.99933],[121.53162,25.00118],[121.53339,25.00253],[121.53386,25.0036],[121.53254,25.00629],[121.53409,25.00668],[121.53642,25.00674],[121.53573,25.00477],[121.53645,25.00472],[121.53674,25.00298],[121.53683,25.00189],[121.53598,24.99849]]]}},{"type":"Feature","properties":{"VILLCODE":"63000080039","VILLNAME":"萬美里","TOWNCODE":"63000080","TOWNNAME":"文山區","COUNTYNAME":"臺北市"},"geometry":{"type":"Polygon","coordinates":[[[121.56865,24.99493],[121.56729,24.99558],[121.56597,24.99529],[121.56357,24.996],[121.56417,24.99695],[121.56338,24.99869],[121.56243,24.99964],[121.56265,25.00074],[121.56142,25.00133],[121.56155,25.00191],[121.56199,25.00337],[121.56474,25.00461],[121.5641,25.00629],[121.56502,25.00738],[121.56628,25.00713],[121.56679,25.00573],[121.56814,25.00489],[121.56988,25.00483],[121.57143,25.00435],[121.5719,25.00304],[121.57048,25.00273],[121.56723,25.00281],[121.56698,25.0018],[121.56878,25.00032],[121.56906,24.99897],[121.57032,24.99785],[121.56862,24.99616],[121.56865,24.99493]]]}},{"type":"Feature","properties":{"VILLCODE":"63000080012","VILLNAME":"萬盛里","TOWNCODE":"63000080","TOWNNAME":"文山區","COUNTYNAME":"臺北市"},"geometry":{"type":"Polygon","coordinates":[[[121.54453,25.00407],[121.54198,25.00197],[121.54087,25.00371],[121.53879,25.00433],[121.53885,25.00682],[121.5379,25.00845],[121.53907,25.00862],[121.541,25.00814],[121.54362,25.00856],[121.54516,25.00808],[121.54564,25.00503],[121.54453,25.00407]]]}},{"type":"Feature","properties":{"VILLCODE":"63000080020","VILLNAME":"興旺里","TOWNCODE":"63000080","TOWNNAME":"文山區","COUNTYNAME":"臺北市"},"geometry":{"type":"Polygon","coordinates":[[[121.55252,25.00155],[121.55173,25.0018],[121.55113,25.00256],[121.54848,25.00396],[121.54741,25.00514],[121.54564,25.00503],[121.54516,25.00808],[121.54668,25.00848],[121.54927,25.00985],[121.55126,25.0098],[121.55255,25.00887],[121.55277,25.00794],[121.55274,25.00486],[121.55328,25.0029],[121.55252,25.00155]]]}},{"type":"Feature","properties":{"VILLCODE":"63000080010","VILLNAME":"萬年里","TOWNCODE":"63000080","TOWNNAME":"文山區","COUNTYNAME":"臺北市"},"geometry":{"type":"Polygon","coordinates":[[[121.53869,25.00276],[121.53674,25.00298],[121.53645,25.00472],[121.53573,25.00477],[121.53642,25.00674],[121.53409,25.00668],[121.53254,25.00629],[121.53184,25.00867],[121.53573,25.01097],[121.53705,25.01128],[121.5379,25.00845],[121.53885,25.00682],[121.53879,25.00433],[121.53869,25.00276]]]}},{"type":"Feature","properties":{"VILLCODE":"63000080021","VILLNAME":"興泰里","TOWNCODE":"63000080","TOWNNAME":"文山區","COUNTYNAME":"臺北市"},"geometry":{"type":"Polygon","coordinates":[[[121.55457,25.00082],[121.55252,25.00155],[121.55328,25.0029],[121.55274,25.00486],[121.55277,25.00794],[121.55255,25.00887],[121.55448,25.01013],[121.55583,25.01162],[121.55858,25.00817],[121.55845,25.00643],[121.55729,25.00536],[121.55558,25.00239],[121.55457,25.00082]]]}},{"type":"Feature","properties":{"VILLCODE":"63000080022","VILLNAME":"興昌里","TOWNCODE":"63000080","TOWNNAME":"文山區","COUNTYNAME":"臺北市"},"geometry":{"type":"Polygon","coordinates":[[[121.56155,25.00191],[121.56082,25.00276],[121.55918,25.00236],[121.55804,25.00158],[121.55558,25.00239],[121.55729,25.00536],[121.55845,25.00643],[121.55858,25.00817],[121.55583,25.01162],[121.55703,25.01201],[121.5582,25.01224],[121.56041,25.01027],[121.56111,25.01008],[121.56306,25.00803],[121.56429,25.00778],[121.56502,25.00738],[121.5641,25.00629],[121.56474,25.00461],[121.56199,25.00337],[121.56155,25.00191]]]}},{"type":"Feature","properties":{"VILLCODE":"63000050001","VILLNAME":"水源里","TOWNCODE":"63000050","TOWNNAME":"中正區","COUNTYNAME":"臺北市"},"geometry":{"type":"Polygon","coordinates":[[[121.53705,25.01128],[121.53573,25.01097],[121.53184,25.00867],[121.53087,25.00966],[121.5273,25.01081],[121.52989,25.01327],[121.53222,25.01507],[121.53339,25.01569],[121.53611,25.01296],[121.53705,25.01128]]]}},{"type":"Feature","properties":{"VILLCODE":"63000080034","VILLNAME":"博嘉里","TOWNCODE":"63000080","TOWNNAME":"文山區","COUNTYNAME":"臺北市"},"geometry":{"type":"Polygon","coordinates":[[[121.59602,25.00433],[121.59605,25.0043],[121.59526,25.00127],[121.59539,24.99931],[121.59447,24.99745],[121.5934,24.99656],[121.59229,24.99692],[121.58841,25.0002],[121.58702,25.00267],[121.58601,25.00284],[121.58124,25.00003],[121.58017,24.99978],[121.57821,25.00012],[121.57515,24.99821],[121.57525,24.99701],[121.57389,24.99619],[121.57215,24.99454],[121.57073,24.99566],[121.57083,24.99673],[121.57234,24.99712],[121.57319,24.99933],[121.57364,24.99922],[121.57193,25.00189],[121.5719,25.00304],[121.57143,25.00435],[121.56988,25.00483],[121.56814,25.00489],[121.56679,25.00573],[121.56628,25.00713],[121.56502,25.00738],[121.56429,25.00778],[121.56597,25.00814],[121.56934,25.00977],[121.56994,25.01061],[121.5719,25.01193],[121.57218,25.01333],[121.57515,25.01319],[121.57629,25.01426],[121.57802,25.01386],[121.58046,25.01224],[121.58266,25.01257],[121.58355,25.01308],[121.58794,25.01341],[121.59128,25.01426],[121.59172,25.01487],[121.59349,25.01456],[121.59545,25.01549],[121.59728,25.01437],[121.59747,25.01305],[121.59652,25.01193],[121.59564,25.00716],[121.59599,25.00435],[121.59602,25.00433]]]}},{"type":"Feature","properties":{"VILLCODE":"63000050002","VILLNAME":"富水里","TOWNCODE":"63000050","TOWNNAME":"中正區","COUNTYNAME":"臺北市"},"geometry":{"type":"Polygon","coordinates":[[[121.53222,25.01507],[121.52989,25.01327],[121.5273,25.01081],[121.52607,25.01153],[121.52443,25.01361],[121.52749,25.01675],[121.52862,25.01756],[121.53222,25.01507]]]}},{"type":"Feature","properties":{"VILLCODE":"63000050003","VILLNAME":"文盛里","TOWNCODE":"63000050","TOWNNAME":"中正區","COUNTYNAME":"臺北市"},"geometry":{"type":"Polygon","coordinates":[[[121.53339,25.01569],[121.53222,25.01507],[121.52862,25.01756],[121.52761,25.01829],[121.52922,25.01967],[121.53263,25.01639],[121.53339,25.01569]]]}},{"type":"Feature","properties":{"VILLCODE":"63000020041","VILLNAME":"黎安里","TOWNCODE":"63000020","TOWNNAME":"信義區","COUNTYNAME":"臺北市"},"geometry":{"type":"Polygon","coordinates":[[[121.57218,25.01333],[121.5719,25.01193],[121.56994,25.01061],[121.56934,25.00977],[121.56597,25.00814],[121.56527,25.00999],[121.5636,25.01131],[121.56332,25.01339],[121.56066,25.01611],[121.56013,25.01726],[121.55896,25.01846],[121.55975,25.0179],[121.56148,25.01916],[121.56136,25.02003],[121.56253,25.01964],[121.56559,25.01773],[121.56653,25.01678],[121.56739,25.01507],[121.56972,25.01392],[121.57218,25.01333]]]}},{"type":"Feature","properties":{"VILLCODE":"63000030046","VILLNAME":"黎元里","TOWNCODE":"63000030","TOWNNAME":"大安區","COUNTYNAME":"臺北市"},"geometry":{"type":"Polygon","coordinates":[[[121.55703,25.01201],[121.55583,25.01162],[121.5504,25.01605],[121.54895,25.01695],[121.54984,25.01796],[121.55082,25.01818],[121.55265,25.02031],[121.55451,25.01871],[121.5535,25.01815],[121.55703,25.01201]]]}},{"type":"Feature","properties":{"VILLCODE":"63000030048","VILLNAME":"黎和里","TOWNCODE":"63000030","TOWNNAME":"大安區","COUNTYNAME":"臺北市"},"geometry":{"type":"Polygon","coordinates":[[[121.56429,25.00778],[121.56306,25.00803],[121.56111,25.01008],[121.56041,25.01027],[121.5582,25.01224],[121.55754,25.01445],[121.55785,25.0151],[121.55713,25.01641],[121.55659,25.02065],[121.55896,25.01846],[121.56013,25.01726],[121.56066,25.01611],[121.56332,25.01339],[121.5636,25.01131],[121.56527,25.00999],[121.56597,25.00814],[121.56429,25.00778]]]}},{"type":"Feature","properties":{"VILLCODE":"63000050004","VILLNAME":"林興里","TOWNCODE":"63000050","TOWNNAME":"中正區","COUNTYNAME":"臺北市"},"geometry":{"type":"Polygon","coordinates":[[[121.52862,25.01756],[121.52749,25.01675],[121.52443,25.01361],[121.52181,25.01728],[121.52054,25.01863],[121.52247,25.02034],[121.52547,25.02096],[121.52771,25.0211],[121.52922,25.01967],[121.52761,25.01829],[121.52862,25.01756]]]}},{"type":"Feature","properties":{"VILLCODE":"63000070029","VILLNAME":"榮德里","TOWNCODE":"63000070","TOWNNAME":"萬華區","COUNTYNAME":"臺北市"},"geometry":{"type":"Polygon","coordinates":[[[121.4886,25.01667],[121.48854,25.01925],[121.49273,25.02029],[121.49611,25.02135],[121.49482,25.01883],[121.4886,25.01667]]]}},{"type":"Feature","properties":{"VILLCODE":"63000070032","VILLNAME":"華中里","TOWNCODE":"63000070","TOWNNAME":"萬華區","COUNTYNAME":"臺北市"},"geometry":{"type":"Polygon","coordinates":[[[121.49403,25.00918],[121.49267,25.00954],[121.49027,25.01282],[121.48955,25.01316],[121.48869,25.01569],[121.48869,25.01574],[121.4886,25.01661],[121.4886,25.01667],[121.49482,25.01883],[121.49611,25.02135],[121.49826,25.02093],[121.49567,25.01672],[121.49551,25.01605],[121.49539,25.00932],[121.49403,25.00918]]]}},{"type":"Feature","properties":{"VILLCODE":"63000070031","VILLNAME":"興德里","TOWNCODE":"63000070","TOWNNAME":"萬華區","COUNTYNAME":"臺北市"},"geometry":{"type":"Polygon","coordinates":[[[121.49539,25.00932],[121.49551,25.01605],[121.49567,25.01672],[121.49826,25.02093],[121.49867,25.02155],[121.49993,25.02115],[121.50009,25.02043],[121.50369,25.01599],[121.50154,25.01322],[121.50028,25.01196],[121.49728,25.01002],[121.49539,25.00932]]]}},{"type":"Feature","properties":{"VILLCODE":"63000070033","VILLNAME":"日祥里","TOWNCODE":"63000070","TOWNNAME":"萬華區","COUNTYNAME":"臺北市"},"geometry":{"type":"Polygon","coordinates":[[[121.50369,25.01599],[121.50009,25.02043],[121.49993,25.02115],[121.50164,25.02197],[121.50261,25.022],[121.50249,25.02118],[121.5059,25.01857],[121.50369,25.01599]]]}},{"type":"Feature","properties":{"VILLCODE":"63000030043","VILLNAME":"大學里","TOWNCODE":"63000030","TOWNNAME":"大安區","COUNTYNAME":"臺北市"},"geometry":{"type":"Polygon","coordinates":[[[121.53263,25.01639],[121.52922,25.01967],[121.53169,25.02174],[121.53317,25.02236],[121.5344,25.02236],[121.5333,25.017],[121.53263,25.01639]]]}},{"type":"Feature","properties":{"VILLCODE":"63000030057","VILLNAME":"學府里","TOWNCODE":"63000030","TOWNNAME":"大安區","COUNTYNAME":"臺北市"},"geometry":{"type":"Polygon","coordinates":[[[121.54516,25.00808],[121.54362,25.00856],[121.541,25.00814],[121.53907,25.00862],[121.5379,25.00845],[121.53705,25.01128],[121.53611,25.01296],[121.53339,25.01569],[121.53263,25.01639],[121.5333,25.017],[121.5344,25.02236],[121.53759,25.02245],[121.53835,25.0218],[121.53958,25.0213],[121.54333,25.02124],[121.54516,25.02051],[121.54659,25.01911],[121.54895,25.01695],[121.5504,25.01605],[121.55583,25.01162],[121.55448,25.01013],[121.55255,25.00887],[121.55126,25.0098],[121.54927,25.00985],[121.54668,25.00848],[121.54516,25.00808]]]}},{"type":"Feature","properties":{"VILLCODE":"63000030047","VILLNAME":"黎孝里","TOWNCODE":"63000030","TOWNNAME":"大安區","COUNTYNAME":"臺北市"},"geometry":{"type":"Polygon","coordinates":[[[121.5582,25.01224],[121.55703,25.01201],[121.5535,25.01815],[121.55451,25.01871],[121.55265,25.02031],[121.55473,25.02242],[121.55659,25.02065],[121.55713,25.01641],[121.55785,25.0151],[121.55754,25.01445],[121.5582,25.01224]]]}},{"type":"Feature","properties":{"VILLCODE":"63000070028","VILLNAME":"銘德里","TOWNCODE":"63000070","TOWNNAME":"萬華區","COUNTYNAME":"臺北市"},"geometry":{"type":"Polygon","coordinates":[[[121.48854,25.01925],[121.48854,25.01928],[121.48841,25.02076],[121.48841,25.02079],[121.49311,25.02239],[121.4957,25.02275],[121.49611,25.02135],[121.49273,25.02029],[121.48854,25.01925]]]}},{"type":"Feature","properties":{"VILLCODE":"63000020040","VILLNAME":"黎忠里","TOWNCODE":"63000020","TOWNNAME":"信義區","COUNTYNAME":"臺北市"},"geometry":{"type":"Polygon","coordinates":[[[121.56136,25.02003],[121.56148,25.01916],[121.55975,25.0179],[121.55896,25.01846],[121.55659,25.02065],[121.5588,25.02191],[121.5589,25.02295],[121.56095,25.02135],[121.56114,25.02026],[121.56136,25.02003]]]}},{"type":"Feature","properties":{"VILLCODE":"63000030013","VILLNAME":"古風里","TOWNCODE":"63000030","TOWNNAME":"大安區","COUNTYNAME":"臺北市"},"geometry":{"type":"Polygon","coordinates":[[[121.52922,25.01967],[121.52771,25.0211],[121.5285,25.02359],[121.53124,25.02326],[121.53169,25.02174],[121.52922,25.01967]]]}},{"type":"Feature","properties":{"VILLCODE":"63000050007","VILLNAME":"網溪里","TOWNCODE":"63000050","TOWNNAME":"中正區","COUNTYNAME":"臺北市"},"geometry":{"type":"Polygon","coordinates":[[[121.5214,25.02365],[121.52042,25.02216],[121.51963,25.01933],[121.51625,25.02073],[121.51682,25.02393],[121.5214,25.02365]]]}},{"type":"Feature","properties":{"VILLCODE":"63000020033","VILLNAME":"泰和里","TOWNCODE":"63000020","TOWNNAME":"信義區","COUNTYNAME":"臺北市"},"geometry":{"type":"Polygon","coordinates":[[[121.57629,25.01426],[121.57515,25.01319],[121.57218,25.01333],[121.56972,25.01392],[121.56739,25.01507],[121.56653,25.01678],[121.56559,25.01773],[121.56789,25.02023],[121.57007,25.02368],[121.57045,25.02388],[121.57367,25.02087],[121.57342,25.01894],[121.57515,25.01549],[121.57629,25.01426]]]}},{"type":"Feature","properties":{"VILLCODE":"63000050005","VILLNAME":"河堤里","TOWNCODE":"63000050","TOWNNAME":"中正區","COUNTYNAME":"臺北市"},"geometry":{"type":"Polygon","coordinates":[[[121.52547,25.02096],[121.52247,25.02034],[121.52054,25.01863],[121.51963,25.01933],[121.52042,25.02216],[121.5214,25.02365],[121.52168,25.02407],[121.52547,25.02096]]]}},{"type":"Feature","properties":{"VILLCODE":"63000070027","VILLNAME":"保德里","TOWNCODE":"63000070","TOWNNAME":"萬華區","COUNTYNAME":"臺北市"},"geometry":{"type":"Polygon","coordinates":[[[121.49826,25.02093],[121.49611,25.02135],[121.4957,25.02275],[121.49542,25.02365],[121.49719,25.02438],[121.49867,25.02155],[121.49826,25.02093]]]}},{"type":"Feature","properties":{"VILLCODE":"63000030044","VILLNAME":"芳和里","TOWNCODE":"63000030","TOWNNAME":"大安區","COUNTYNAME":"臺北市"},"geometry":{"type":"Polygon","coordinates":[[[121.55265,25.02031],[121.55082,25.01818],[121.54984,25.01796],[121.54895,25.01695],[121.54659,25.01911],[121.54838,25.02062],[121.55255,25.02435],[121.55268,25.02435],[121.55473,25.02242],[121.55265,25.02031]]]}},{"type":"Feature","properties":{"VILLCODE":"63000020039","VILLNAME":"黎平里","TOWNCODE":"63000020","TOWNNAME":"信義區","COUNTYNAME":"臺北市"},"geometry":{"type":"Polygon","coordinates":[[[121.55659,25.02065],[121.55473,25.02242],[121.55268,25.02435],[121.5552,25.02421],[121.5589,25.02295],[121.5588,25.02191],[121.55659,25.02065]]]}},{"type":"Feature","properties":{"VILLCODE":"63000070023","VILLNAME":"孝德里","TOWNCODE":"63000070","TOWNNAME":"萬華區","COUNTYNAME":"臺北市"},"geometry":{"type":"Polygon","coordinates":[[[121.48841,25.02079],[121.48841,25.02082],[121.48857,25.02169],[121.48857,25.02186],[121.49157,25.02275],[121.49491,25.02474],[121.49542,25.02365],[121.4957,25.02275],[121.49311,25.02239],[121.48841,25.02079]]]}},{"type":"Feature","properties":{"VILLCODE":"63000030038","VILLNAME":"虎嘯里","TOWNCODE":"63000030","TOWNNAME":"大安區","COUNTYNAME":"臺北市"},"geometry":{"type":"Polygon","coordinates":[[[121.55255,25.02435],[121.54838,25.02062],[121.54719,25.02211],[121.54665,25.02348],[121.54671,25.02463],[121.5487,25.02452],[121.55255,25.02435]]]}},{"type":"Feature","properties":{"VILLCODE":"63000030039","VILLNAME":"臥龍里","TOWNCODE":"63000030","TOWNNAME":"大安區","COUNTYNAME":"臺北市"},"geometry":{"type":"Polygon","coordinates":[[[121.54659,25.01911],[121.54516,25.02051],[121.54333,25.02124],[121.54337,25.02483],[121.54671,25.02463],[121.54665,25.02348],[121.54719,25.02211],[121.54838,25.02062],[121.54659,25.01911]]]}},{"type":"Feature","properties":{"VILLCODE":"63000070030","VILLNAME":"壽德里","TOWNCODE":"63000070","TOWNNAME":"萬華區","COUNTYNAME":"臺北市"},"geometry":{"type":"Polygon","coordinates":[[[121.49993,25.02115],[121.49867,25.02155],[121.49999,25.02368],[121.50041,25.02533],[121.50176,25.02542],[121.50164,25.02197],[121.49993,25.02115]]]}},{"type":"Feature","properties":{"VILLCODE":"63000030040","VILLNAME":"龍淵里","TOWNCODE":"63000030","TOWNNAME":"大安區","COUNTYNAME":"臺北市"},"geometry":{"type":"Polygon","coordinates":[[[121.54333,25.02124],[121.53958,25.0213],[121.53835,25.0218],[121.53964,25.0234],[121.53974,25.02533],[121.54337,25.02483],[121.54333,25.02124]]]}},{"type":"Feature","properties":{"VILLCODE":"63000070034","VILLNAME":"忠貞里","TOWNCODE":"63000070","TOWNNAME":"萬華區","COUNTYNAME":"臺北市"},"geometry":{"type":"Polygon","coordinates":[[[121.50261,25.022],[121.50164,25.02197],[121.50176,25.02542],[121.50356,25.02567],[121.50372,25.02517],[121.50284,25.02416],[121.50261,25.022]]]}},{"type":"Feature","properties":{"VILLCODE":"63000050006","VILLNAME":"頂東里","TOWNCODE":"63000050","TOWNNAME":"中正區","COUNTYNAME":"臺北市"},"geometry":{"type":"Polygon","coordinates":[[[121.52771,25.0211],[121.52547,25.02096],[121.52168,25.02407],[121.52335,25.02584],[121.52528,25.0232],[121.52771,25.0211]]]}},{"type":"Feature","properties":{"VILLCODE":"63000070036","VILLNAME":"騰雲里","TOWNCODE":"63000070","TOWNNAME":"萬華區","COUNTYNAME":"臺北市"},"geometry":{"type":"Polygon","coordinates":[[[121.5059,25.01857],[121.50249,25.02118],[121.50261,25.022],[121.50284,25.02416],[121.50372,25.02517],[121.50647,25.02604],[121.5083,25.02413],[121.50912,25.02494],[121.5101,25.02463],[121.51221,25.02404],[121.5124,25.02174],[121.51003,25.02166],[121.50845,25.0209],[121.5059,25.01857]]]}},{"type":"Feature","properties":{"VILLCODE":"63000070026","VILLNAME":"全德里","TOWNCODE":"63000070","TOWNNAME":"萬華區","COUNTYNAME":"臺北市"},"geometry":{"type":"Polygon","coordinates":[[[121.49867,25.02155],[121.49719,25.02438],[121.49684,25.02511],[121.50044,25.02629],[121.50041,25.02533],[121.49999,25.02368],[121.49867,25.02155]]]}},{"type":"Feature","properties":{"VILLCODE":"63000030011","VILLNAME":"龍坡里","TOWNCODE":"63000030","TOWNNAME":"大安區","COUNTYNAME":"臺北市"},"geometry":{"type":"Polygon","coordinates":[[[121.5344,25.02236],[121.53317,25.02236],[121.53169,25.02174],[121.53124,25.02326],[121.53156,25.02626],[121.53487,25.02598],[121.5344,25.02236]]]}},{"type":"Feature","properties":{"VILLCODE":"63000030012","VILLNAME":"龍泉里","TOWNCODE":"63000030","TOWNNAME":"大安區","COUNTYNAME":"臺北市"},"geometry":{"type":"Polygon","coordinates":[[[121.53124,25.02326],[121.5285,25.02359],[121.5285,25.02654],[121.53039,25.02637],[121.53156,25.02626],[121.53124,25.02326]]]}},{"type":"Feature","properties":{"VILLCODE":"63000070035","VILLNAME":"凌霄里","TOWNCODE":"63000070","TOWNNAME":"萬華區","COUNTYNAME":"臺北市"},"geometry":{"type":"Polygon","coordinates":[[[121.50912,25.02494],[121.5083,25.02413],[121.50647,25.02604],[121.50713,25.02676],[121.50912,25.02494]]]}},{"type":"Feature","properties":{"VILLCODE":"63000070025","VILLNAME":"錦德里","TOWNCODE":"63000070","TOWNNAME":"萬華區","COUNTYNAME":"臺北市"},"geometry":{"type":"Polygon","coordinates":[[[121.48857,25.02186],[121.48857,25.02188],[121.48873,25.02354],[121.48869,25.02357],[121.48866,25.02365],[121.49081,25.02441],[121.49371,25.02685],[121.49491,25.02474],[121.49157,25.02275],[121.48857,25.02186]]]}},{"type":"Feature","properties":{"VILLCODE":"63000020029","VILLNAME":"惠安里","TOWNCODE":"63000020","TOWNNAME":"信義區","COUNTYNAME":"臺北市"},"geometry":{"type":"Polygon","coordinates":[[[121.56559,25.01773],[121.56253,25.01964],[121.56136,25.02003],[121.56114,25.02026],[121.56272,25.02071],[121.56464,25.02172],[121.56518,25.0239],[121.5641,25.02463],[121.56451,25.02604],[121.5671,25.02606],[121.56745,25.02474],[121.57007,25.02368],[121.56789,25.02023],[121.56559,25.01773]]]}},{"type":"Feature","properties":{"VILLCODE":"63000030014","VILLNAME":"古莊里","TOWNCODE":"63000030","TOWNNAME":"大安區","COUNTYNAME":"臺北市"},"geometry":{"type":"Polygon","coordinates":[[[121.5285,25.02359],[121.52771,25.0211],[121.52528,25.0232],[121.52335,25.02584],[121.52253,25.02702],[121.52588,25.02676],[121.5285,25.02654],[121.5285,25.02359]]]}},{"type":"Feature","properties":{"VILLCODE":"63000020032","VILLNAME":"六合里","TOWNCODE":"63000020","TOWNNAME":"信義區","COUNTYNAME":"臺北市"},"geometry":{"type":"Polygon","coordinates":[[[121.57802,25.01386],[121.57629,25.01426],[121.57515,25.01549],[121.57342,25.01894],[121.57367,25.02087],[121.57045,25.02388],[121.57007,25.02368],[121.56745,25.02474],[121.56903,25.02547],[121.57032,25.02598],[121.57076,25.02556],[121.57168,25.02646],[121.57288,25.02682],[121.57563,25.02665],[121.57683,25.02626],[121.58289,25.02452],[121.58554,25.0248],[121.58497,25.02261],[121.58364,25.01883],[121.58191,25.01818],[121.57862,25.01518],[121.57802,25.01386]]]}},{"type":"Feature","properties":{"VILLCODE":"63000050008","VILLNAME":"板溪里","TOWNCODE":"63000050","TOWNNAME":"中正區","COUNTYNAME":"臺北市"},"geometry":{"type":"Polygon","coordinates":[[[121.52335,25.02584],[121.52168,25.02407],[121.51903,25.02503],[121.51897,25.0264],[121.52253,25.02702],[121.52335,25.02584]]]}},{"type":"Feature","properties":{"VILLCODE":"63000050009","VILLNAME":"螢圃里","TOWNCODE":"63000050","TOWNNAME":"中正區","COUNTYNAME":"臺北市"},"geometry":{"type":"Polygon","coordinates":[[[121.5214,25.02365],[121.51682,25.02393],[121.51594,25.0273],[121.51897,25.0264],[121.51903,25.02503],[121.52168,25.02407],[121.5214,25.02365]]]}},{"type":"Feature","properties":{"VILLCODE":"63000050010","VILLNAME":"螢雪里","TOWNCODE":"63000050","TOWNNAME":"中正區","COUNTYNAME":"臺北市"},"geometry":{"type":"Polygon","coordinates":[[[121.51682,25.02393],[121.51625,25.02073],[121.5124,25.02174],[121.51221,25.02404],[121.51395,25.02623],[121.51467,25.02758],[121.51594,25.0273],[121.51682,25.02393]]]}},{"type":"Feature","properties":{"VILLCODE":"63000020038","VILLNAME":"黎順里","TOWNCODE":"63000020","TOWNNAME":"信義區","COUNTYNAME":"臺北市"},"geometry":{"type":"Polygon","coordinates":[[[121.56114,25.02026],[121.56095,25.02135],[121.5589,25.02295],[121.5552,25.02421],[121.55268,25.02435],[121.55599,25.02747],[121.55681,25.02561],[121.55902,25.02486],[121.55994,25.02511],[121.56066,25.02284],[121.56155,25.02169],[121.56114,25.02026]]]}},{"type":"Feature","properties":{"VILLCODE":"63000020036","VILLNAME":"雙和里","TOWNCODE":"63000020","TOWNNAME":"信義區","COUNTYNAME":"臺北市"},"geometry":{"type":"Polygon","coordinates":[[[121.56451,25.02604],[121.5641,25.02463],[121.56518,25.0239],[121.56464,25.02172],[121.56272,25.02071],[121.56114,25.02026],[121.56155,25.02169],[121.56066,25.02284],[121.55994,25.02511],[121.56313,25.02766],[121.56451,25.02604]]]}},{"type":"Feature","properties":{"VILLCODE":"63000070022","VILLNAME":"忠德里","TOWNCODE":"63000070","TOWNNAME":"萬華區","COUNTYNAME":"臺北市"},"geometry":{"type":"Polygon","coordinates":[[[121.49719,25.02438],[121.49542,25.02365],[121.49491,25.02474],[121.49371,25.02685],[121.49532,25.02825],[121.49684,25.02511],[121.49719,25.02438]]]}},{"type":"Feature","properties":{"VILLCODE":"63000030037","VILLNAME":"群英里","TOWNCODE":"63000030","TOWNNAME":"大安區","COUNTYNAME":"臺北市"},"geometry":{"type":"Polygon","coordinates":[[[121.5469,25.02819],[121.54674,25.02556],[121.54425,25.02587],[121.54431,25.02766],[121.54532,25.02828],[121.5469,25.02819]]]}},{"type":"Feature","properties":{"VILLCODE":"63000030036","VILLNAME":"群賢里","TOWNCODE":"63000030","TOWNNAME":"大安區","COUNTYNAME":"臺北市"},"geometry":{"type":"Polygon","coordinates":[[[121.5487,25.02452],[121.54671,25.02463],[121.54337,25.02483],[121.5434,25.02648],[121.54346,25.02839],[121.54532,25.02828],[121.54431,25.02766],[121.54425,25.02587],[121.54674,25.02556],[121.5469,25.02819],[121.54879,25.02805],[121.5487,25.02452]]]}},{"type":"Feature","properties":{"VILLCODE":"63000030034","VILLNAME":"法治里","TOWNCODE":"63000030","TOWNNAME":"大安區","COUNTYNAME":"臺北市"},"geometry":{"type":"Polygon","coordinates":[[[121.55268,25.02435],[121.55255,25.02435],[121.5511,25.02814],[121.55201,25.02842],[121.55359,25.02803],[121.55599,25.02747],[121.55268,25.02435]]]}},{"type":"Feature","properties":{"VILLCODE":"63000030028","VILLNAME":"龍生里","TOWNCODE":"63000030","TOWNNAME":"大安區","COUNTYNAME":"臺北市"},"geometry":{"type":"Polygon","coordinates":[[[121.54337,25.02483],[121.53974,25.02533],[121.53768,25.02561],[121.53775,25.02825],[121.53847,25.0285],[121.54018,25.02744],[121.5397,25.02688],[121.5434,25.02648],[121.54337,25.02483]]]}},{"type":"Feature","properties":{"VILLCODE":"63000070024","VILLNAME":"和德里","TOWNCODE":"63000070","TOWNNAME":"萬華區","COUNTYNAME":"臺北市"},"geometry":{"type":"Polygon","coordinates":[[[121.48866,25.02365],[121.48866,25.02368],[121.48759,25.02604],[121.48756,25.02702],[121.48753,25.02707],[121.48939,25.02747],[121.49166,25.02887],[121.49232,25.02845],[121.49558,25.02862],[121.49532,25.02825],[121.49371,25.02685],[121.49081,25.02441],[121.48866,25.02365]]]}},{"type":"Feature","properties":{"VILLCODE":"63000050012","VILLNAME":"永昌里","TOWNCODE":"63000050","TOWNNAME":"中正區","COUNTYNAME":"臺北市"},"geometry":{"type":"Polygon","coordinates":[[[121.5101,25.02463],[121.50912,25.02494],[121.50713,25.02676],[121.50858,25.02895],[121.51088,25.02702],[121.5101,25.02463]]]}},{"type":"Feature","properties":{"VILLCODE":"63000050011","VILLNAME":"永功里","TOWNCODE":"63000050","TOWNNAME":"中正區","COUNTYNAME":"臺北市"},"geometry":{"type":"Polygon","coordinates":[[[121.51221,25.02404],[121.5101,25.02463],[121.51088,25.02702],[121.51202,25.02901],[121.51467,25.02758],[121.51395,25.02623],[121.51221,25.02404]]]}},{"type":"Feature","properties":{"VILLCODE":"63000030035","VILLNAME":"全安里","TOWNCODE":"63000030","TOWNNAME":"大安區","COUNTYNAME":"臺北市"},"geometry":{"type":"Polygon","coordinates":[[[121.55255,25.02435],[121.5487,25.02452],[121.54879,25.02805],[121.54984,25.028],[121.55075,25.02898],[121.5511,25.02814],[121.55255,25.02435]]]}},{"type":"Feature","properties":{"VILLCODE":"63000070014","VILLNAME":"新和里","TOWNCODE":"63000070","TOWNNAME":"萬華區","COUNTYNAME":"臺北市"},"geometry":{"type":"Polygon","coordinates":[[[121.50372,25.02517],[121.50356,25.02567],[121.50271,25.02783],[121.50482,25.0292],[121.50713,25.02676],[121.50647,25.02604],[121.50372,25.02517]]]}},{"type":"Feature","properties":{"VILLCODE":"63000070020","VILLNAME":"日善里","TOWNCODE":"63000070","TOWNNAME":"萬華區","COUNTYNAME":"臺北市"},"geometry":{"type":"Polygon","coordinates":[[[121.50044,25.02629],[121.49684,25.02511],[121.49532,25.02825],[121.49558,25.02862],[121.49731,25.02923],[121.5005,25.02937],[121.50044,25.02629]]]}},{"type":"Feature","properties":{"VILLCODE":"63000070021","VILLNAME":"新安里","TOWNCODE":"63000070","TOWNNAME":"萬華區","COUNTYNAME":"臺北市"},"geometry":{"type":"Polygon","coordinates":[[[121.50176,25.02542],[121.50041,25.02533],[121.50044,25.02629],[121.5005,25.02937],[121.50179,25.02954],[121.50217,25.02786],[121.50271,25.02783],[121.50356,25.02567],[121.50176,25.02542]]]}},{"type":"Feature","properties":{"VILLCODE":"63000030021","VILLNAME":"錦華里","TOWNCODE":"63000030","TOWNNAME":"大安區","COUNTYNAME":"臺北市"},"geometry":{"type":"Polygon","coordinates":[[[121.52588,25.02676],[121.52253,25.02702],[121.52174,25.02803],[121.52196,25.02951],[121.52632,25.02887],[121.52588,25.02676]]]}},{"type":"Feature","properties":{"VILLCODE":"63000020035","VILLNAME":"景勤里","TOWNCODE":"63000020","TOWNNAME":"信義區","COUNTYNAME":"臺北市"},"geometry":{"type":"Polygon","coordinates":[[[121.55994,25.02511],[121.55902,25.02486],[121.55681,25.02561],[121.55823,25.02704],[121.55814,25.02873],[121.55905,25.02828],[121.56145,25.02968],[121.56313,25.02766],[121.55994,25.02511]]]}},{"type":"Feature","properties":{"VILLCODE":"63000070013","VILLNAME":"新忠里","TOWNCODE":"63000070","TOWNNAME":"萬華區","COUNTYNAME":"臺北市"},"geometry":{"type":"Polygon","coordinates":[[[121.50482,25.0292],[121.50271,25.02783],[121.50217,25.02786],[121.50179,25.02954],[121.50413,25.02999],[121.50482,25.0292]]]}},{"type":"Feature","properties":{"VILLCODE":"63000020037","VILLNAME":"嘉興里","TOWNCODE":"63000020","TOWNNAME":"信義區","COUNTYNAME":"臺北市"},"geometry":{"type":"Polygon","coordinates":[[[121.55681,25.02561],[121.55599,25.02747],[121.55738,25.02937],[121.55766,25.02982],[121.55814,25.02873],[121.55823,25.02704],[121.55681,25.02561]]]}},{"type":"Feature","properties":{"VILLCODE":"63000030016","VILLNAME":"錦安里","TOWNCODE":"63000030","TOWNNAME":"大安區","COUNTYNAME":"臺北市"},"geometry":{"type":"Polygon","coordinates":[[[121.53039,25.02637],[121.5285,25.02654],[121.52588,25.02676],[121.52632,25.02887],[121.52657,25.03019],[121.52954,25.02974],[121.53061,25.02971],[121.53039,25.02637]]]}},{"type":"Feature","properties":{"VILLCODE":"63000030033","VILLNAME":"臨江里","TOWNCODE":"63000030","TOWNNAME":"大安區","COUNTYNAME":"臺北市"},"geometry":{"type":"Polygon","coordinates":[[[121.55599,25.02747],[121.55359,25.02803],[121.55419,25.03019],[121.55738,25.02937],[121.55599,25.02747]]]}},{"type":"Feature","properties":{"VILLCODE":"63000030026","VILLNAME":"龍陣里","TOWNCODE":"63000030","TOWNNAME":"大安區","COUNTYNAME":"臺北市"},"geometry":{"type":"Polygon","coordinates":[[[121.54346,25.02839],[121.5434,25.02648],[121.5397,25.02688],[121.54018,25.02744],[121.54052,25.02783],[121.54349,25.03024],[121.54346,25.02839]]]}},{"type":"Feature","properties":{"VILLCODE":"63000050014","VILLNAME":"忠勤里","TOWNCODE":"63000050","TOWNNAME":"中正區","COUNTYNAME":"臺北市"},"geometry":{"type":"Polygon","coordinates":[[[121.50858,25.02895],[121.50713,25.02676],[121.50482,25.0292],[121.50413,25.02999],[121.50716,25.03063],[121.50858,25.02895]]]}},{"type":"Feature","properties":{"VILLCODE":"63000030015","VILLNAME":"龍安里","TOWNCODE":"63000030","TOWNNAME":"大安區","COUNTYNAME":"臺北市"},"geometry":{"type":"Polygon","coordinates":[[[121.53487,25.02598],[121.53156,25.02626],[121.53039,25.02637],[121.53061,25.02971],[121.53371,25.03061],[121.53491,25.02702],[121.53487,25.02598]]]}},{"type":"Feature","properties":{"VILLCODE":"63000050013","VILLNAME":"龍興里","TOWNCODE":"63000050","TOWNNAME":"中正區","COUNTYNAME":"臺北市"},"geometry":{"type":"Polygon","coordinates":[[[121.51088,25.02702],[121.50858,25.02895],[121.50716,25.03063],[121.50836,25.031],[121.50924,25.03055],[121.51202,25.02901],[121.51088,25.02702]]]}},{"type":"Feature","properties":{"VILLCODE":"63000030027","VILLNAME":"龍雲里","TOWNCODE":"63000030","TOWNNAME":"大安區","COUNTYNAME":"臺北市"},"geometry":{"type":"Polygon","coordinates":[[[121.5469,25.02819],[121.54532,25.02828],[121.54346,25.02839],[121.54349,25.03024],[121.54352,25.03041],[121.54397,25.03103],[121.54876,25.03094],[121.54879,25.02805],[121.5469,25.02819]]]}},{"type":"Feature","properties":{"VILLCODE":"63000030023","VILLNAME":"新龍里","TOWNCODE":"63000030","TOWNNAME":"大安區","COUNTYNAME":"臺北市"},"geometry":{"type":"Polygon","coordinates":[[[121.54018,25.02744],[121.53847,25.0285],[121.53775,25.02825],[121.53781,25.03086],[121.54059,25.03111],[121.54052,25.02783],[121.54018,25.02744]]]}},{"type":"Feature","properties":{"VILLCODE":"63000050019","VILLNAME":"南福里","TOWNCODE":"63000050","TOWNNAME":"中正區","COUNTYNAME":"臺北市"},"geometry":{"type":"Polygon","coordinates":[[[121.52253,25.02702],[121.51897,25.0264],[121.51594,25.0273],[121.5153,25.02977],[121.51641,25.03005],[121.51906,25.03159],[121.52174,25.02803],[121.52253,25.02702]]]}},{"type":"Feature","properties":{"VILLCODE":"63000050018","VILLNAME":"龍光里","TOWNCODE":"63000050","TOWNNAME":"中正區","COUNTYNAME":"臺北市"},"geometry":{"type":"Polygon","coordinates":[[[121.51594,25.0273],[121.51467,25.02758],[121.51202,25.02901],[121.50924,25.03055],[121.51439,25.03187],[121.5153,25.02977],[121.51594,25.0273]]]}},{"type":"Feature","properties":{"VILLCODE":"63000030020","VILLNAME":"錦泰里","TOWNCODE":"63000030","TOWNNAME":"大安區","COUNTYNAME":"臺北市"},"geometry":{"type":"Polygon","coordinates":[[[121.52632,25.02887],[121.52196,25.02951],[121.52256,25.03232],[121.52683,25.0317],[121.52657,25.03019],[121.52632,25.02887]]]}},{"type":"Feature","properties":{"VILLCODE":"63000070016","VILLNAME":"和平里","TOWNCODE":"63000070","TOWNNAME":"萬華區","COUNTYNAME":"臺北市"},"geometry":{"type":"Polygon","coordinates":[[[121.49558,25.02862],[121.49232,25.02845],[121.49166,25.02887],[121.49482,25.03176],[121.49681,25.03299],[121.49794,25.03313],[121.49558,25.02862]]]}},{"type":"Feature","properties":{"VILLCODE":"63000070012","VILLNAME":"雙園里","TOWNCODE":"63000070","TOWNNAME":"萬華區","COUNTYNAME":"臺北市"},"geometry":{"type":"Polygon","coordinates":[[[121.5005,25.02937],[121.49731,25.02923],[121.49558,25.02862],[121.49794,25.03313],[121.5005,25.03291],[121.5005,25.02937]]]}},{"type":"Feature","properties":{"VILLCODE":"63000020030","VILLNAME":"三張里","TOWNCODE":"63000020","TOWNNAME":"信義區","COUNTYNAME":"臺北市"},"geometry":{"type":"Polygon","coordinates":[[[121.56745,25.02474],[121.5671,25.02606],[121.56451,25.02604],[121.56313,25.02766],[121.56489,25.02906],[121.56534,25.03005],[121.5654,25.03288],[121.5683,25.03282],[121.5684,25.02665],[121.56903,25.02547],[121.56745,25.02474]]]}},{"type":"Feature","properties":{"VILLCODE":"63000020028","VILLNAME":"景新里","TOWNCODE":"63000020","TOWNNAME":"信義區","COUNTYNAME":"臺北市"},"geometry":{"type":"Polygon","coordinates":[[[121.56313,25.02766],[121.56145,25.02968],[121.56126,25.03106],[121.56019,25.03122],[121.56044,25.03299],[121.5654,25.03288],[121.56534,25.03005],[121.56489,25.02906],[121.56313,25.02766]]]}},{"type":"Feature","properties":{"VILLCODE":"63000020034","VILLNAME":"景聯里","TOWNCODE":"63000020","TOWNNAME":"信義區","COUNTYNAME":"臺北市"},"geometry":{"type":"Polygon","coordinates":[[[121.56145,25.02968],[121.55905,25.02828],[121.55814,25.02873],[121.55766,25.02982],[121.55956,25.03299],[121.56044,25.03299],[121.56019,25.03122],[121.56126,25.03106],[121.56145,25.02968]]]}},{"type":"Feature","properties":{"VILLCODE":"63000030031","VILLNAME":"通化里","TOWNCODE":"63000030","TOWNNAME":"大安區","COUNTYNAME":"臺北市"},"geometry":{"type":"Polygon","coordinates":[[[121.55738,25.02937],[121.55419,25.03019],[121.55426,25.0331],[121.55628,25.03308],[121.55744,25.03305],[121.55738,25.02937]]]}},{"type":"Feature","properties":{"VILLCODE":"63000030032","VILLNAME":"通安里","TOWNCODE":"63000030","TOWNNAME":"大安區","COUNTYNAME":"臺北市"},"geometry":{"type":"Polygon","coordinates":[[[121.55359,25.02803],[121.55201,25.02842],[121.5511,25.02814],[121.55075,25.02898],[121.55239,25.03044],[121.55246,25.03316],[121.55426,25.0331],[121.55419,25.03019],[121.55359,25.02803]]]}},{"type":"Feature","properties":{"VILLCODE":"63000030030","VILLNAME":"義安里","TOWNCODE":"63000030","TOWNNAME":"大安區","COUNTYNAME":"臺北市"},"geometry":{"type":"Polygon","coordinates":[[[121.55075,25.02898],[121.54984,25.028],[121.54879,25.02805],[121.54876,25.03094],[121.54879,25.03322],[121.55246,25.03316],[121.55239,25.03044],[121.55075,25.02898]]]}},{"type":"Feature","properties":{"VILLCODE":"63000050015","VILLNAME":"廈安里","TOWNCODE":"63000050","TOWNNAME":"中正區","COUNTYNAME":"臺北市"},"geometry":{"type":"Polygon","coordinates":[[[121.50716,25.03063],[121.50413,25.02999],[121.50416,25.03134],[121.5053,25.03338],[121.507,25.03195],[121.50836,25.031],[121.50716,25.03063]]]}},{"type":"Feature","properties":{"VILLCODE":"63000030029","VILLNAME":"住安里","TOWNCODE":"63000030","TOWNNAME":"大安區","COUNTYNAME":"臺北市"},"geometry":{"type":"Polygon","coordinates":[[[121.54876,25.03094],[121.54397,25.03103],[121.54352,25.03041],[121.54359,25.03333],[121.54595,25.0333],[121.54879,25.03322],[121.54876,25.03094]]]}},{"type":"Feature","properties":{"VILLCODE":"63000030022","VILLNAME":"龍圖里","TOWNCODE":"63000030","TOWNNAME":"大安區","COUNTYNAME":"臺北市"},"geometry":{"type":"Polygon","coordinates":[[[121.54349,25.03024],[121.54052,25.02783],[121.54059,25.03111],[121.53781,25.03086],[121.53778,25.03347],[121.54359,25.03333],[121.54352,25.03041],[121.54349,25.03024]]]}},{"type":"Feature","properties":{"VILLCODE":"63000030041","VILLNAME":"龍門里","TOWNCODE":"63000030","TOWNNAME":"大安區","COUNTYNAME":"臺北市"},"geometry":{"type":"Polygon","coordinates":[[[121.53835,25.0218],[121.53759,25.02245],[121.5344,25.02236],[121.53487,25.02598],[121.53491,25.02702],[121.53371,25.03061],[121.53267,25.03355],[121.53778,25.03347],[121.53781,25.03086],[121.53775,25.02825],[121.53768,25.02561],[121.53974,25.02533],[121.53964,25.0234],[121.53835,25.0218]]]}},{"type":"Feature","properties":{"VILLCODE":"63000020031","VILLNAME":"三犁里","TOWNCODE":"63000020","TOWNNAME":"信義區","COUNTYNAME":"臺北市"},"geometry":{"type":"Polygon","coordinates":[[[121.57683,25.02626],[121.57563,25.02665],[121.57288,25.02682],[121.57168,25.02646],[121.57076,25.02556],[121.57032,25.02598],[121.56903,25.02547],[121.5684,25.02665],[121.5683,25.03282],[121.57171,25.03271],[121.57329,25.03291],[121.57455,25.03355],[121.57452,25.03063],[121.57547,25.03063],[121.57799,25.02738],[121.57683,25.02626]]]}},{"type":"Feature","properties":{"VILLCODE":"63000070017","VILLNAME":"綠堤里","TOWNCODE":"63000070","TOWNNAME":"萬華區","COUNTYNAME":"臺北市"},"geometry":{"type":"Polygon","coordinates":[[[121.49166,25.02887],[121.48939,25.02747],[121.48901,25.02895],[121.48929,25.02971],[121.49302,25.03386],[121.49403,25.03324],[121.49374,25.03195],[121.49482,25.03176],[121.49166,25.02887]]]}},{"type":"Feature","properties":{"VILLCODE":"63000030017","VILLNAME":"福住里","TOWNCODE":"63000030","TOWNNAME":"大安區","COUNTYNAME":"臺北市"},"geometry":{"type":"Polygon","coordinates":[[[121.53061,25.02971],[121.52954,25.02974],[121.52948,25.03122],[121.52998,25.03378],[121.53267,25.03364],[121.53267,25.03355],[121.53371,25.03061],[121.53061,25.02971]]]}},{"type":"Feature","properties":{"VILLCODE":"63000070011","VILLNAME":"頂碩里","TOWNCODE":"63000070","TOWNNAME":"萬華區","COUNTYNAME":"臺北市"},"geometry":{"type":"Polygon","coordinates":[[[121.50179,25.02954],[121.5005,25.02937],[121.5005,25.03291],[121.50473,25.03389],[121.5053,25.03338],[121.50416,25.03134],[121.50413,25.02999],[121.50179,25.02954]]]}},{"type":"Feature","properties":{"VILLCODE":"63000030018","VILLNAME":"永康里","TOWNCODE":"63000030","TOWNNAME":"大安區","COUNTYNAME":"臺北市"},"geometry":{"type":"Polygon","coordinates":[[[121.52954,25.02974],[121.52657,25.03019],[121.52683,25.0317],[121.52727,25.03414],[121.52774,25.03408],[121.52998,25.03378],[121.52948,25.03122],[121.52954,25.02974]]]}},{"type":"Feature","properties":{"VILLCODE":"63000020004","VILLNAME":"中興里","TOWNCODE":"63000020","TOWNNAME":"信義區","COUNTYNAME":"臺北市"},"geometry":{"type":"Polygon","coordinates":[[[121.55766,25.02982],[121.55738,25.02937],[121.55744,25.03305],[121.55748,25.0342],[121.56057,25.03465],[121.55956,25.03299],[121.55766,25.02982]]]}},{"type":"Feature","properties":{"VILLCODE":"63000050021","VILLNAME":"新營里","TOWNCODE":"63000050","TOWNNAME":"中正區","COUNTYNAME":"臺北市"},"geometry":{"type":"Polygon","coordinates":[[[121.52196,25.02951],[121.52174,25.02803],[121.51906,25.03159],[121.5166,25.03495],[121.52256,25.03232],[121.52196,25.02951]]]}},{"type":"Feature","properties":{"VILLCODE":"63000050020","VILLNAME":"龍福里","TOWNCODE":"63000050","TOWNNAME":"中正區","COUNTYNAME":"臺北市"},"geometry":{"type":"Polygon","coordinates":[[[121.51906,25.03159],[121.51641,25.03005],[121.5153,25.02977],[121.51439,25.03187],[121.51246,25.03521],[121.5166,25.03495],[121.51906,25.03159]]]}},{"type":"Feature","properties":{"VILLCODE":"63000070018","VILLNAME":"華江里","TOWNCODE":"63000070","TOWNNAME":"萬華區","COUNTYNAME":"臺北市"},"geometry":{"type":"Polygon","coordinates":[[[121.48753,25.02707],[121.48753,25.0271],[121.48734,25.02741],[121.48727,25.02747],[121.48661,25.02828],[121.48652,25.02845],[121.48648,25.02853],[121.48535,25.03075],[121.48529,25.03083],[121.48525,25.03092],[121.48424,25.03338],[121.48421,25.03341],[121.48415,25.03358],[121.48371,25.03507],[121.48364,25.03529],[121.49441,25.03538],[121.49302,25.03386],[121.48929,25.02971],[121.48901,25.02895],[121.48939,25.02747],[121.48753,25.02707]]]}},{"type":"Feature","properties":{"VILLCODE":"63000070015","VILLNAME":"糖廍里","TOWNCODE":"63000070","TOWNNAME":"萬華區","COUNTYNAME":"臺北市"},"geometry":{"type":"Polygon","coordinates":[[[121.49794,25.03313],[121.49681,25.03299],[121.49482,25.03176],[121.49374,25.03195],[121.49403,25.03324],[121.49302,25.03386],[121.49441,25.03538],[121.4993,25.03523],[121.49794,25.03313]]]}},{"type":"Feature","properties":{"VILLCODE":"63000030019","VILLNAME":"光明里","TOWNCODE":"63000030","TOWNNAME":"大安區","COUNTYNAME":"臺北市"},"geometry":{"type":"Polygon","coordinates":[[[121.52683,25.0317],[121.52256,25.03232],[121.5243,25.0354],[121.52727,25.03414],[121.52683,25.0317]]]}},{"type":"Feature","properties":{"VILLCODE":"63000020022","VILLNAME":"松友里","TOWNCODE":"63000020","TOWNNAME":"信義區","COUNTYNAME":"臺北市"},"geometry":{"type":"Polygon","coordinates":[[[121.57799,25.02738],[121.57547,25.03063],[121.57452,25.03063],[121.57455,25.03355],[121.57683,25.03523],[121.57843,25.03624],[121.57929,25.0349],[121.57761,25.03394],[121.57752,25.03268],[121.57676,25.03078],[121.57768,25.03055],[121.57853,25.02951],[121.57853,25.02811],[121.57799,25.02738]]]}},{"type":"Feature","properties":{"VILLCODE":"63000070010","VILLNAME":"富福里","TOWNCODE":"63000070","TOWNNAME":"萬華區","COUNTYNAME":"臺北市"},"geometry":{"type":"Polygon","coordinates":[[[121.5005,25.03291],[121.49794,25.03313],[121.4993,25.03523],[121.50123,25.03521],[121.50325,25.03515],[121.50353,25.03652],[121.5065,25.03602],[121.5053,25.03338],[121.50473,25.03389],[121.5005,25.03291]]]}},{"type":"Feature","properties":{"VILLCODE":"63000050017","VILLNAME":"南門里","TOWNCODE":"63000050","TOWNNAME":"中正區","COUNTYNAME":"臺北市"},"geometry":{"type":"Polygon","coordinates":[[[121.50924,25.03055],[121.50836,25.031],[121.507,25.03195],[121.50725,25.03226],[121.50808,25.03678],[121.51246,25.03521],[121.51439,25.03187],[121.50924,25.03055]]]}},{"type":"Feature","properties":{"VILLCODE":"63000050016","VILLNAME":"愛國里","TOWNCODE":"63000050","TOWNNAME":"中正區","COUNTYNAME":"臺北市"},"geometry":{"type":"Polygon","coordinates":[[[121.507,25.03195],[121.5053,25.03338],[121.5065,25.03602],[121.50688,25.03728],[121.50808,25.03678],[121.50725,25.03226],[121.507,25.03195]]]}},{"type":"Feature","properties":{"VILLCODE":"63000020021","VILLNAME":"松隆里","TOWNCODE":"63000020","TOWNNAME":"信義區","COUNTYNAME":"臺北市"},"geometry":{"type":"Polygon","coordinates":[[[121.58289,25.02452],[121.57683,25.02626],[121.57799,25.02738],[121.57853,25.02811],[121.57853,25.02951],[121.57768,25.03055],[121.57676,25.03078],[121.57752,25.03268],[121.57761,25.03394],[121.57929,25.0349],[121.57843,25.03624],[121.57913,25.03633],[121.58147,25.03709],[121.5826,25.03664],[121.58355,25.03501],[121.58377,25.03338],[121.58314,25.03181],[121.5833,25.0303],[121.58415,25.02985],[121.58506,25.02811],[121.58371,25.02646],[121.58289,25.02452]]]}},{"type":"Feature","properties":{"VILLCODE":"63000020002","VILLNAME":"正和里","TOWNCODE":"63000020","TOWNNAME":"信義區","COUNTYNAME":"臺北市"},"geometry":{"type":"Polygon","coordinates":[[[121.5607,25.03608],[121.55921,25.03613],[121.55886,25.03521],[121.55751,25.03501],[121.55757,25.0377],[121.56129,25.03753],[121.5607,25.03608]]]}},{"type":"Feature","properties":{"VILLCODE":"63000030056","VILLNAME":"光信里","TOWNCODE":"63000030","TOWNNAME":"大安區","COUNTYNAME":"臺北市"},"geometry":{"type":"Polygon","coordinates":[[[121.55744,25.03305],[121.55628,25.03308],[121.55467,25.03439],[121.55445,25.0377],[121.55546,25.0377],[121.55757,25.0377],[121.55751,25.03501],[121.55748,25.0342],[121.55744,25.03305]]]}},{"type":"Feature","properties":{"VILLCODE":"63000030053","VILLNAME":"敦煌里","TOWNCODE":"63000030","TOWNNAME":"大安區","COUNTYNAME":"臺北市"},"geometry":{"type":"Polygon","coordinates":[[[121.55628,25.03308],[121.55426,25.0331],[121.55246,25.03316],[121.55252,25.03622],[121.55126,25.03773],[121.5529,25.03773],[121.55445,25.0377],[121.55467,25.03439],[121.55628,25.03308]]]}},{"type":"Feature","properties":{"VILLCODE":"63000050030","VILLNAME":"文祥里","TOWNCODE":"63000050","TOWNNAME":"中正區","COUNTYNAME":"臺北市"},"geometry":{"type":"Polygon","coordinates":[[[121.52774,25.03408],[121.52727,25.03414],[121.5243,25.0354],[121.52509,25.03784],[121.52891,25.03695],[121.52828,25.03602],[121.52774,25.03408]]]}},{"type":"Feature","properties":{"VILLCODE":"63000030051","VILLNAME":"敦安里","TOWNCODE":"63000030","TOWNNAME":"大安區","COUNTYNAME":"臺北市"},"geometry":{"type":"Polygon","coordinates":[[[121.55246,25.03316],[121.54879,25.03322],[121.54883,25.03782],[121.55126,25.03773],[121.55252,25.03622],[121.55246,25.03316]]]}},{"type":"Feature","properties":{"VILLCODE":"63000030001","VILLNAME":"德安里","TOWNCODE":"63000030","TOWNNAME":"大安區","COUNTYNAME":"臺北市"},"geometry":{"type":"Polygon","coordinates":[[[121.54879,25.03322],[121.54595,25.0333],[121.54605,25.03787],[121.54883,25.03782],[121.54879,25.03322]]]}},{"type":"Feature","properties":{"VILLCODE":"63000030002","VILLNAME":"仁慈里","TOWNCODE":"63000030","TOWNNAME":"大安區","COUNTYNAME":"臺北市"},"geometry":{"type":"Polygon","coordinates":[[[121.54595,25.0333],[121.54359,25.03333],[121.54365,25.03793],[121.54605,25.03787],[121.54595,25.0333]]]}},{"type":"Feature","properties":{"VILLCODE":"63000030003","VILLNAME":"和安里","TOWNCODE":"63000030","TOWNNAME":"大安區","COUNTYNAME":"臺北市"},"geometry":{"type":"Polygon","coordinates":[[[121.54359,25.03333],[121.53778,25.03347],[121.53787,25.03804],[121.54365,25.03793],[121.54359,25.03333]]]}},{"type":"Feature","properties":{"VILLCODE":"63000030004","VILLNAME":"民炤里","TOWNCODE":"63000030","TOWNNAME":"大安區","COUNTYNAME":"臺北市"},"geometry":{"type":"Polygon","coordinates":[[[121.53778,25.03347],[121.53267,25.03355],[121.53267,25.03364],[121.53279,25.03812],[121.53787,25.03804],[121.53778,25.03347]]]}},{"type":"Feature","properties":{"VILLCODE":"63000050031","VILLNAME":"三愛里","TOWNCODE":"63000050","TOWNNAME":"中正區","COUNTYNAME":"臺北市"},"geometry":{"type":"Polygon","coordinates":[[[121.53267,25.03364],[121.52998,25.03378],[121.52774,25.03408],[121.52828,25.03602],[121.52891,25.03695],[121.52938,25.03818],[121.53279,25.03812],[121.53267,25.03364]]]}},{"type":"Feature","properties":{"VILLCODE":"63000090018","VILLNAME":"九如里","TOWNCODE":"63000090","TOWNNAME":"南港區","COUNTYNAME":"臺北市"},"geometry":{"type":"Polygon","coordinates":[[[121.61587,25.01967],[121.6135,25.01914],[121.60981,25.0202],[121.60937,25.0209],[121.6082,25.01944],[121.60413,25.01908],[121.60306,25.01681],[121.60271,25.01515],[121.5975,25.01479],[121.59728,25.01437],[121.59545,25.01549],[121.59349,25.01456],[121.59172,25.01487],[121.59128,25.01426],[121.58794,25.01341],[121.58355,25.01308],[121.58266,25.01257],[121.58046,25.01224],[121.57802,25.01386],[121.57862,25.01518],[121.58191,25.01818],[121.58364,25.01883],[121.58497,25.02261],[121.58554,25.0248],[121.58667,25.02679],[121.58803,25.02805],[121.59125,25.02999],[121.59198,25.03111],[121.59314,25.03226],[121.59539,25.03302],[121.59744,25.03428],[121.59958,25.03512],[121.60246,25.03667],[121.60501,25.03731],[121.60807,25.03835],[121.60858,25.03829],[121.61117,25.03824],[121.61619,25.03868],[121.61795,25.03812],[121.61833,25.03487],[121.61912,25.0338],[121.61934,25.03066],[121.62035,25.02825],[121.62061,25.02601],[121.61587,25.01967]]]}},{"type":"Feature","properties":{"VILLCODE":"63000020001","VILLNAME":"西村里","TOWNCODE":"63000020","TOWNNAME":"信義區","COUNTYNAME":"臺北市"},"geometry":{"type":"Polygon","coordinates":[[[121.5683,25.03282],[121.5654,25.03288],[121.56044,25.03299],[121.55956,25.03299],[121.56057,25.03465],[121.55748,25.0342],[121.55751,25.03501],[121.55886,25.03521],[121.55921,25.03613],[121.5607,25.03608],[121.56098,25.03529],[121.56332,25.03913],[121.56843,25.03905],[121.5683,25.03282]]]}},{"type":"Feature","properties":{"VILLCODE":"63000020009","VILLNAME":"安康里","TOWNCODE":"63000020","TOWNNAME":"信義區","COUNTYNAME":"臺北市"},"geometry":{"type":"Polygon","coordinates":[[[121.57455,25.03355],[121.57329,25.03291],[121.57171,25.03271],[121.5683,25.03282],[121.56843,25.03905],[121.56985,25.03902],[121.57395,25.03888],[121.57651,25.03922],[121.57683,25.03885],[121.5749,25.03745],[121.57683,25.03523],[121.57455,25.03355]]]}},{"type":"Feature","properties":{"VILLCODE":"63000070009","VILLNAME":"仁德里","TOWNCODE":"63000070","TOWNNAME":"萬華區","COUNTYNAME":"臺北市"},"geometry":{"type":"Polygon","coordinates":[[[121.5065,25.03602],[121.50353,25.03652],[121.50419,25.03972],[121.50729,25.03922],[121.50688,25.03728],[121.5065,25.03602]]]}},{"type":"Feature","properties":{"VILLCODE":"63000020020","VILLNAME":"國業里","TOWNCODE":"63000020","TOWNNAME":"信義區","COUNTYNAME":"臺北市"},"geometry":{"type":"Polygon","coordinates":[[[121.57843,25.03624],[121.57683,25.03523],[121.5749,25.03745],[121.57683,25.03885],[121.5778,25.03955],[121.57843,25.03624]]]}},{"type":"Feature","properties":{"VILLCODE":"63000070008","VILLNAME":"福音里","TOWNCODE":"63000070","TOWNNAME":"萬華區","COUNTYNAME":"臺北市"},"geometry":{"type":"Polygon","coordinates":[[[121.50353,25.03652],[121.50325,25.03515],[121.50123,25.03521],[121.50198,25.04006],[121.50419,25.03972],[121.50353,25.03652]]]}},{"type":"Feature","properties":{"VILLCODE":"63000070007","VILLNAME":"富民里","TOWNCODE":"63000070","TOWNNAME":"萬華區","COUNTYNAME":"臺北市"},"geometry":{"type":"Polygon","coordinates":[[[121.50123,25.03521],[121.4993,25.03523],[121.49987,25.04009],[121.50198,25.04006],[121.50123,25.03521]]]}},{"type":"Feature","properties":{"VILLCODE":"63000020027","VILLNAME":"大仁里","TOWNCODE":"63000020","TOWNNAME":"信義區","COUNTYNAME":"臺北市"},"geometry":{"type":"Polygon","coordinates":[[[121.58147,25.03709],[121.57913,25.03633],[121.57916,25.0393],[121.58017,25.03995],[121.58039,25.03953],[121.58266,25.04042],[121.58377,25.03796],[121.58147,25.03709]]]}},{"type":"Feature","properties":{"VILLCODE":"63000020024","VILLNAME":"中坡里","TOWNCODE":"63000020","TOWNNAME":"信義區","COUNTYNAME":"臺北市"},"geometry":{"type":"Polygon","coordinates":[[[121.58554,25.0248],[121.58289,25.02452],[121.58371,25.02646],[121.58506,25.02811],[121.58415,25.02985],[121.5833,25.0303],[121.58314,25.03181],[121.58377,25.03338],[121.58355,25.03501],[121.5826,25.03664],[121.58147,25.03709],[121.58377,25.03796],[121.58266,25.04042],[121.58342,25.0407],[121.58506,25.03807],[121.58519,25.03507],[121.58592,25.03293],[121.58652,25.02946],[121.58803,25.02805],[121.58667,25.02679],[121.58554,25.0248]]]}},{"type":"Feature","properties":{"VILLCODE":"63000020008","VILLNAME":"廣居里","TOWNCODE":"63000020","TOWNNAME":"信義區","COUNTYNAME":"臺北市"},"geometry":{"type":"Polygon","coordinates":[[[121.57683,25.03885],[121.57651,25.03922],[121.57395,25.03888],[121.56985,25.03902],[121.57029,25.04098],[121.5778,25.04076],[121.5778,25.03955],[121.57683,25.03885]]]}},{"type":"Feature","properties":{"VILLCODE":"63000020003","VILLNAME":"興隆里","TOWNCODE":"63000020","TOWNNAME":"信義區","COUNTYNAME":"臺北市"},"geometry":{"type":"Polygon","coordinates":[[[121.5607,25.03608],[121.56129,25.03753],[121.55757,25.0377],[121.55763,25.04129],[121.56445,25.0411],[121.56332,25.03913],[121.56098,25.03529],[121.5607,25.03608]]]}},{"type":"Feature","properties":{"VILLCODE":"63000030052","VILLNAME":"正聲里","TOWNCODE":"63000030","TOWNNAME":"大安區","COUNTYNAME":"臺北市"},"geometry":{"type":"Polygon","coordinates":[[[121.55757,25.0377],[121.55546,25.0377],[121.55448,25.04138],[121.55763,25.04129],[121.55757,25.0377]]]}},{"type":"Feature","properties":{"VILLCODE":"63000090019","VILLNAME":"仁福里","TOWNCODE":"63000090","TOWNNAME":"南港區","COUNTYNAME":"臺北市"},"geometry":{"type":"Polygon","coordinates":[[[121.59744,25.03428],[121.59539,25.03302],[121.59236,25.03501],[121.5915,25.03602],[121.59125,25.03751],[121.59163,25.03866],[121.59062,25.04037],[121.5915,25.04127],[121.59239,25.03997],[121.59292,25.04042],[121.59494,25.03989],[121.5963,25.03751],[121.59744,25.03428]]]}},{"type":"Feature","properties":{"VILLCODE":"63000050029","VILLNAME":"文北里","TOWNCODE":"63000050","TOWNNAME":"中正區","COUNTYNAME":"臺北市"},"geometry":{"type":"Polygon","coordinates":[[[121.52891,25.03695],[121.52509,25.03784],[121.52613,25.04155],[121.52919,25.04082],[121.53008,25.04062],[121.52938,25.03818],[121.52891,25.03695]]]}},{"type":"Feature","properties":{"VILLCODE":"63000030050","VILLNAME":"建倫里","TOWNCODE":"63000030","TOWNNAME":"大安區","COUNTYNAME":"臺北市"},"geometry":{"type":"Polygon","coordinates":[[[121.5529,25.03773],[121.55126,25.03773],[121.54883,25.03782],[121.54886,25.04149],[121.55293,25.04138],[121.5529,25.03773]]]}},{"type":"Feature","properties":{"VILLCODE":"63000030005","VILLNAME":"仁愛里","TOWNCODE":"63000030","TOWNNAME":"大安區","COUNTYNAME":"臺北市"},"geometry":{"type":"Polygon","coordinates":[[[121.54883,25.03782],[121.54605,25.03787],[121.54365,25.03793],[121.54374,25.0416],[121.54886,25.04149],[121.54883,25.03782]]]}},{"type":"Feature","properties":{"VILLCODE":"63000030006","VILLNAME":"義村里","TOWNCODE":"63000030","TOWNNAME":"大安區","COUNTYNAME":"臺北市"},"geometry":{"type":"Polygon","coordinates":[[[121.54365,25.03793],[121.53787,25.03804],[121.53762,25.04048],[121.53708,25.04169],[121.54068,25.04166],[121.54374,25.0416],[121.54365,25.03793]]]}},{"type":"Feature","properties":{"VILLCODE":"63000090014","VILLNAME":"百福里","TOWNCODE":"63000090","TOWNNAME":"南港區","COUNTYNAME":"臺北市"},"geometry":{"type":"Polygon","coordinates":[[[121.59539,25.03302],[121.59314,25.03226],[121.59198,25.03111],[121.59191,25.03173],[121.58961,25.03451],[121.58936,25.03711],[121.58715,25.03967],[121.5867,25.04155],[121.58756,25.04174],[121.59125,25.03751],[121.5915,25.03602],[121.59236,25.03501],[121.59539,25.03302]]]}},{"type":"Feature","properties":{"VILLCODE":"63000020025","VILLNAME":"中行里","TOWNCODE":"63000020","TOWNNAME":"信義區","COUNTYNAME":"臺北市"},"geometry":{"type":"Polygon","coordinates":[[[121.59198,25.03111],[121.59125,25.02999],[121.58803,25.02805],[121.58652,25.02946],[121.58592,25.03293],[121.58519,25.03507],[121.58506,25.03807],[121.58342,25.0407],[121.585,25.04177],[121.5867,25.04155],[121.58715,25.03967],[121.58936,25.03711],[121.58961,25.03451],[121.59191,25.03173],[121.59198,25.03111]]]}},{"type":"Feature","properties":{"VILLCODE":"63000070004","VILLNAME":"新起里","TOWNCODE":"63000070","TOWNNAME":"萬華區","COUNTYNAME":"臺北市"},"geometry":{"type":"Polygon","coordinates":[[[121.50729,25.03922],[121.50419,25.03972],[121.50198,25.04006],[121.50227,25.04169],[121.50697,25.04143],[121.50814,25.04211],[121.50729,25.03922]]]}},{"type":"Feature","properties":{"VILLCODE":"63000050022","VILLNAME":"建國里","TOWNCODE":"63000050","TOWNNAME":"中正區","COUNTYNAME":"臺北市"},"geometry":{"type":"Polygon","coordinates":[[[121.5166,25.03495],[121.51246,25.03521],[121.50808,25.03678],[121.50688,25.03728],[121.50729,25.03922],[121.50814,25.04211],[121.51319,25.04227],[121.51294,25.03989],[121.51571,25.0395],[121.51773,25.03899],[121.5166,25.03495]]]}},{"type":"Feature","properties":{"VILLCODE":"63000070019","VILLNAME":"柳鄉里","TOWNCODE":"63000070","TOWNNAME":"萬華區","COUNTYNAME":"臺北市"},"geometry":{"type":"Polygon","coordinates":[[[121.48364,25.03529],[121.48412,25.03765],[121.48525,25.03922],[121.4891,25.0427],[121.49614,25.0388],[121.49706,25.0384],[121.49441,25.03538],[121.48364,25.03529]]]}},{"type":"Feature","properties":{"VILLCODE":"63000070006","VILLNAME":"青山里","TOWNCODE":"63000070","TOWNNAME":"萬華區","COUNTYNAME":"臺北市"},"geometry":{"type":"Polygon","coordinates":[[[121.4993,25.03523],[121.49441,25.03538],[121.49706,25.0384],[121.49614,25.0388],[121.4891,25.0427],[121.49352,25.04286],[121.49797,25.04003],[121.49987,25.04009],[121.4993,25.03523]]]}},{"type":"Feature","properties":{"VILLCODE":"63000020019","VILLNAME":"富台里","TOWNCODE":"63000020","TOWNNAME":"信義區","COUNTYNAME":"臺北市"},"geometry":{"type":"Polygon","coordinates":[[[121.5778,25.04076],[121.57029,25.04098],[121.57016,25.04185],[121.5702,25.04225],[121.572,25.04284],[121.57285,25.04211],[121.57537,25.04188],[121.57777,25.04208],[121.5778,25.04076]]]}},{"type":"Feature","properties":{"VILLCODE":"63000050027","VILLNAME":"幸市里","TOWNCODE":"63000050","TOWNNAME":"中正區","COUNTYNAME":"臺北市"},"geometry":{"type":"Polygon","coordinates":[[[121.53279,25.03812],[121.52938,25.03818],[121.53008,25.04062],[121.52919,25.04082],[121.52989,25.04314],[121.53285,25.04227],[121.53279,25.03812]]]}},{"type":"Feature","properties":{"VILLCODE":"63000020023","VILLNAME":"松光里","TOWNCODE":"63000020","TOWNNAME":"信義區","COUNTYNAME":"臺北市"},"geometry":{"type":"Polygon","coordinates":[[[121.57913,25.03633],[121.57843,25.03624],[121.5778,25.03955],[121.5778,25.04076],[121.57919,25.04149],[121.58109,25.04306],[121.58074,25.04068],[121.58017,25.03995],[121.57916,25.0393],[121.57913,25.03633]]]}},{"type":"Feature","properties":{"VILLCODE":"63000050028","VILLNAME":"東門里","TOWNCODE":"63000050","TOWNNAME":"中正區","COUNTYNAME":"臺北市"},"geometry":{"type":"Polygon","coordinates":[[[121.52256,25.03232],[121.5166,25.03495],[121.51773,25.03899],[121.51893,25.04331],[121.52613,25.04155],[121.52509,25.03784],[121.5243,25.0354],[121.52256,25.03232]]]}},{"type":"Feature","properties":{"VILLCODE":"63000020015","VILLNAME":"長春里","TOWNCODE":"63000020","TOWNNAME":"信義區","COUNTYNAME":"臺北市"},"geometry":{"type":"Polygon","coordinates":[[[121.57777,25.04208],[121.57537,25.04188],[121.57285,25.04211],[121.572,25.04284],[121.57203,25.04342],[121.5754,25.04331],[121.5778,25.04323],[121.57777,25.04208]]]}},{"type":"Feature","properties":{"VILLCODE":"63000090016","VILLNAME":"舊莊里","TOWNCODE":"63000090","TOWNNAME":"南港區","COUNTYNAME":"臺北市"},"geometry":{"type":"Polygon","coordinates":[[[121.62806,25.01953],[121.6279,25.0195],[121.62705,25.01958],[121.62616,25.01863],[121.6225,25.01737],[121.62155,25.01787],[121.62149,25.0179],[121.62143,25.01793],[121.62064,25.01835],[121.61922,25.01813],[121.61739,25.01846],[121.61597,25.0197],[121.61587,25.01967],[121.62061,25.02601],[121.62035,25.02825],[121.61934,25.03066],[121.61912,25.0338],[121.61833,25.03487],[121.61795,25.03812],[121.61827,25.04006],[121.61748,25.04191],[121.61928,25.04326],[121.61934,25.0432],[121.62035,25.04211],[121.62039,25.04202],[121.62196,25.04006],[121.62335,25.03947],[121.62351,25.03933],[121.62357,25.03927],[121.62493,25.03773],[121.62616,25.0379],[121.62948,25.03672],[121.63014,25.03515],[121.63178,25.03557],[121.63345,25.03574],[121.63809,25.03358],[121.63992,25.03201],[121.64223,25.03122],[121.64406,25.02991],[121.64586,25.02943],[121.64693,25.02797],[121.64797,25.02864],[121.64886,25.02791],[121.65025,25.02761],[121.65195,25.02811],[121.65324,25.02747],[121.6541,25.02791],[121.65536,25.02761],[121.65681,25.02794],[121.65804,25.02906],[121.66079,25.03044],[121.66401,25.02996],[121.66483,25.02954],[121.66584,25.02996],[121.66486,25.0273],[121.6654,25.02601],[121.66404,25.02317],[121.66347,25.02295],[121.66284,25.02275],[121.66069,25.0234],[121.66063,25.0234],[121.66057,25.0234],[121.65823,25.02357],[121.65773,25.02323],[121.65549,25.02371],[121.65381,25.02444],[121.65211,25.02399],[121.6499,25.02396],[121.64706,25.02186],[121.64611,25.02174],[121.64466,25.02374],[121.64299,25.02455],[121.64027,25.02354],[121.64024,25.02354],[121.64011,25.02357],[121.63749,25.02407],[121.63569,25.0232],[121.6356,25.02402],[121.63456,25.02432],[121.63244,25.02564],[121.63093,25.02472],[121.63027,25.02222],[121.629,25.02],[121.62806,25.01953]]]}},{"type":"Feature","properties":{"VILLCODE":"63000020006","VILLNAME":"興雅里","TOWNCODE":"63000020","TOWNNAME":"信義區","COUNTYNAME":"臺北市"},"geometry":{"type":"Polygon","coordinates":[[[121.56843,25.03905],[121.56332,25.03913],[121.56445,25.0411],[121.56581,25.0434],[121.56764,25.04368],[121.57016,25.04185],[121.57029,25.04098],[121.56985,25.03902],[121.56843,25.03905]]]}},{"type":"Feature","properties":{"VILLCODE":"63000070003","VILLNAME":"西門里","TOWNCODE":"63000070","TOWNNAME":"萬華區","COUNTYNAME":"臺北市"},"geometry":{"type":"Polygon","coordinates":[[[121.50814,25.04211],[121.50697,25.04143],[121.50227,25.04169],[121.50284,25.04446],[121.50849,25.0432],[121.50814,25.04211]]]}},{"type":"Feature","properties":{"VILLCODE":"63000020026","VILLNAME":"大道里","TOWNCODE":"63000020","TOWNNAME":"信義區","COUNTYNAME":"臺北市"},"geometry":{"type":"Polygon","coordinates":[[[121.58266,25.04042],[121.58039,25.03953],[121.58017,25.03995],[121.58074,25.04068],[121.58109,25.04306],[121.58197,25.04418],[121.58285,25.04342],[121.585,25.04177],[121.58342,25.0407],[121.58266,25.04042]]]}},{"type":"Feature","properties":{"VILLCODE":"63000030055","VILLNAME":"車層里","TOWNCODE":"63000030","TOWNNAME":"大安區","COUNTYNAME":"臺北市"},"geometry":{"type":"Polygon","coordinates":[[[121.55546,25.0377],[121.55445,25.0377],[121.5529,25.03773],[121.55293,25.04138],[121.55299,25.04446],[121.55369,25.04443],[121.55448,25.04138],[121.55546,25.0377]]]}},{"type":"Feature","properties":{"VILLCODE":"63000030008","VILLNAME":"昌隆里","TOWNCODE":"63000030","TOWNNAME":"大安區","COUNTYNAME":"臺北市"},"geometry":{"type":"Polygon","coordinates":[[[121.54068,25.04166],[121.53708,25.04169],[121.53661,25.04477],[121.54071,25.04466],[121.54068,25.04166]]]}},{"type":"Feature","properties":{"VILLCODE":"63000030009","VILLNAME":"誠安里","TOWNCODE":"63000030","TOWNNAME":"大安區","COUNTYNAME":"臺北市"},"geometry":{"type":"Polygon","coordinates":[[[121.54374,25.0416],[121.54068,25.04166],[121.54071,25.04466],[121.54384,25.04491],[121.54374,25.0416]]]}},{"type":"Feature","properties":{"VILLCODE":"63000070005","VILLNAME":"菜園里","TOWNCODE":"63000070","TOWNNAME":"萬華區","COUNTYNAME":"臺北市"},"geometry":{"type":"Polygon","coordinates":[[[121.50198,25.04006],[121.49987,25.04009],[121.49797,25.04003],[121.49352,25.04286],[121.49567,25.04295],[121.50018,25.04508],[121.50284,25.04446],[121.50227,25.04169],[121.50198,25.04006]]]}},{"type":"Feature","properties":{"VILLCODE":"63000030049","VILLNAME":"建安里","TOWNCODE":"63000030","TOWNNAME":"大安區","COUNTYNAME":"臺北市"},"geometry":{"type":"Polygon","coordinates":[[[121.55293,25.04138],[121.54886,25.04149],[121.54889,25.04497],[121.55242,25.04455],[121.55299,25.04446],[121.55293,25.04138]]]}},{"type":"Feature","properties":{"VILLCODE":"63000030010","VILLNAME":"光武里","TOWNCODE":"63000030","TOWNNAME":"大安區","COUNTYNAME":"臺北市"},"geometry":{"type":"Polygon","coordinates":[[[121.54886,25.04149],[121.54374,25.0416],[121.54384,25.04491],[121.54674,25.04522],[121.54889,25.04497],[121.54886,25.04149]]]}},{"type":"Feature","properties":{"VILLCODE":"63000030054","VILLNAME":"華聲里","TOWNCODE":"63000030","TOWNNAME":"大安區","COUNTYNAME":"臺北市"},"geometry":{"type":"Polygon","coordinates":[[[121.55763,25.04129],[121.55448,25.04138],[121.55369,25.04443],[121.55403,25.04443],[121.55552,25.04474],[121.55766,25.04519],[121.55763,25.04129]]]}},{"type":"Feature","properties":{"VILLCODE":"63000030007","VILLNAME":"民輝里","TOWNCODE":"63000030","TOWNNAME":"大安區","COUNTYNAME":"臺北市"},"geometry":{"type":"Polygon","coordinates":[[[121.53787,25.03804],[121.53279,25.03812],[121.53285,25.04227],[121.53292,25.04544],[121.53487,25.045],[121.53661,25.04477],[121.53708,25.04169],[121.53762,25.04048],[121.53787,25.03804]]]}},{"type":"Feature","properties":{"VILLCODE":"63000020018","VILLNAME":"永春里","TOWNCODE":"63000020","TOWNNAME":"信義區","COUNTYNAME":"臺北市"},"geometry":{"type":"Polygon","coordinates":[[[121.5778,25.04076],[121.57777,25.04208],[121.5778,25.04323],[121.57777,25.04539],[121.58074,25.04533],[121.58197,25.04418],[121.58109,25.04306],[121.57919,25.04149],[121.5778,25.04076]]]}},{"type":"Feature","properties":{"VILLCODE":"63000050026","VILLNAME":"幸福里","TOWNCODE":"63000050","TOWNNAME":"中正區","COUNTYNAME":"臺北市"},"geometry":{"type":"Polygon","coordinates":[[[121.52919,25.04082],[121.52613,25.04155],[121.51893,25.04331],[121.51969,25.04564],[121.52989,25.04314],[121.52919,25.04082]]]}},{"type":"Feature","properties":{"VILLCODE":"63000090013","VILLNAME":"鴻福里","TOWNCODE":"63000090","TOWNNAME":"南港區","COUNTYNAME":"臺北市"},"geometry":{"type":"Polygon","coordinates":[[[121.58756,25.04174],[121.5867,25.04155],[121.585,25.04177],[121.58285,25.04342],[121.58364,25.04443],[121.5862,25.04539],[121.58683,25.04441],[121.58693,25.0427],[121.58756,25.04174]]]}},{"type":"Feature","properties":{"VILLCODE":"63000020017","VILLNAME":"四維里","TOWNCODE":"63000020","TOWNNAME":"信義區","COUNTYNAME":"臺北市"},"geometry":{"type":"Polygon","coordinates":[[[121.5778,25.04323],[121.5754,25.04331],[121.57547,25.04547],[121.57777,25.04539],[121.5778,25.04323]]]}},{"type":"Feature","properties":{"VILLCODE":"63000020013","VILLNAME":"五全里","TOWNCODE":"63000020","TOWNNAME":"信義區","COUNTYNAME":"臺北市"},"geometry":{"type":"Polygon","coordinates":[[[121.5754,25.04331],[121.57203,25.04342],[121.57209,25.04553],[121.57547,25.04547],[121.5754,25.04331]]]}},{"type":"Feature","properties":{"VILLCODE":"63000020010","VILLNAME":"六藝里","TOWNCODE":"63000020","TOWNNAME":"信義區","COUNTYNAME":"臺北市"},"geometry":{"type":"Polygon","coordinates":[[[121.572,25.04284],[121.5702,25.04225],[121.57029,25.04556],[121.57209,25.04553],[121.57203,25.04342],[121.572,25.04284]]]}},{"type":"Feature","properties":{"VILLCODE":"63000020007","VILLNAME":"敦厚里","TOWNCODE":"63000020","TOWNNAME":"信義區","COUNTYNAME":"臺北市"},"geometry":{"type":"Polygon","coordinates":[[[121.5702,25.04225],[121.57016,25.04185],[121.56764,25.04368],[121.56581,25.0434],[121.56717,25.04567],[121.57029,25.04556],[121.5702,25.04225]]]}},{"type":"Feature","properties":{"VILLCODE":"63000070002","VILLNAME":"萬壽里","TOWNCODE":"63000070","TOWNNAME":"萬華區","COUNTYNAME":"臺北市"},"geometry":{"type":"Polygon","coordinates":[[[121.50849,25.0432],[121.50284,25.04446],[121.50018,25.04508],[121.50202,25.04679],[121.50896,25.04511],[121.50849,25.0432]]]}},{"type":"Feature","properties":{"VILLCODE":"63000090011","VILLNAME":"成福里","TOWNCODE":"63000090","TOWNNAME":"南港區","COUNTYNAME":"臺北市"},"geometry":{"type":"Polygon","coordinates":[[[121.59494,25.03989],[121.59292,25.04042],[121.59239,25.03997],[121.5915,25.04127],[121.59062,25.04037],[121.59163,25.03866],[121.59125,25.03751],[121.58756,25.04174],[121.58693,25.0427],[121.58683,25.04441],[121.5862,25.04539],[121.58582,25.04601],[121.58696,25.04637],[121.59015,25.04645],[121.59204,25.04598],[121.59321,25.04634],[121.59349,25.04452],[121.59453,25.04258],[121.59494,25.03989]]]}},{"type":"Feature","properties":{"VILLCODE":"63000040037","VILLNAME":"埤頭里","TOWNCODE":"63000040","TOWNNAME":"中山區","COUNTYNAME":"臺北市"},"geometry":{"type":"Polygon","coordinates":[[[121.54071,25.04466],[121.53661,25.04477],[121.53487,25.045],[121.53664,25.04606],[121.53974,25.04654],[121.54393,25.04755],[121.54384,25.04491],[121.54071,25.04466]]]}},{"type":"Feature","properties":{"VILLCODE":"63000050025","VILLNAME":"梅花里","TOWNCODE":"63000050","TOWNNAME":"中正區","COUNTYNAME":"臺北市"},"geometry":{"type":"Polygon","coordinates":[[[121.53285,25.04227],[121.52989,25.04314],[121.51969,25.04564],[121.52073,25.04802],[121.52421,25.04786],[121.52642,25.04738],[121.53285,25.04547],[121.53292,25.04544],[121.53285,25.04227]]]}},{"type":"Feature","properties":{"VILLCODE":"63000090012","VILLNAME":"萬福里","TOWNCODE":"63000090","TOWNNAME":"南港區","COUNTYNAME":"臺北市"},"geometry":{"type":"Polygon","coordinates":[[[121.58285,25.04342],[121.58197,25.04418],[121.58393,25.04693],[121.58506,25.04794],[121.58696,25.04637],[121.58582,25.04601],[121.5862,25.04539],[121.58364,25.04443],[121.58285,25.04342]]]}},{"type":"Feature","properties":{"VILLCODE":"63000010027","VILLNAME":"中崙里","TOWNCODE":"63000010","TOWNNAME":"松山區","COUNTYNAME":"臺北市"},"geometry":{"type":"Polygon","coordinates":[[[121.54674,25.04522],[121.54384,25.04491],[121.54393,25.04755],[121.54684,25.04814],[121.54674,25.04522]]]}},{"type":"Feature","properties":{"VILLCODE":"63000010034","VILLNAME":"福成里","TOWNCODE":"63000010","TOWNNAME":"松山區","COUNTYNAME":"臺北市"},"geometry":{"type":"Polygon","coordinates":[[[121.54889,25.04497],[121.54674,25.04522],[121.54684,25.04814],[121.54889,25.04814],[121.54889,25.04497]]]}},{"type":"Feature","properties":{"VILLCODE":"63000010030","VILLNAME":"敦化里","TOWNCODE":"63000010","TOWNNAME":"松山區","COUNTYNAME":"臺北市"},"geometry":{"type":"Polygon","coordinates":[[[121.55242,25.04455],[121.54889,25.04497],[121.54889,25.04814],[121.55252,25.04814],[121.55242,25.04455]]]}},{"type":"Feature","properties":{"VILLCODE":"63000010029","VILLNAME":"吉仁里","TOWNCODE":"63000010","TOWNNAME":"松山區","COUNTYNAME":"臺北市"},"geometry":{"type":"Polygon","coordinates":[[[121.55369,25.04443],[121.55299,25.04446],[121.55242,25.04455],[121.55252,25.04814],[121.55413,25.04811],[121.55385,25.04581],[121.55403,25.04443],[121.55369,25.04443]]]}},{"type":"Feature","properties":{"VILLCODE":"63000010031","VILLNAME":"復源里","TOWNCODE":"63000010","TOWNNAME":"松山區","COUNTYNAME":"臺北市"},"geometry":{"type":"Polygon","coordinates":[[[121.55552,25.04474],[121.55403,25.04443],[121.55385,25.04581],[121.55413,25.04811],[121.55508,25.04802],[121.55552,25.04474]]]}},{"type":"Feature","properties":{"VILLCODE":"63000010032","VILLNAME":"復建里","TOWNCODE":"63000010","TOWNNAME":"松山區","COUNTYNAME":"臺北市"},"geometry":{"type":"Polygon","coordinates":[[[121.55766,25.04519],[121.55552,25.04474],[121.55508,25.04802],[121.55779,25.04814],[121.55773,25.04522],[121.55766,25.04519]]]}},{"type":"Feature","properties":{"VILLCODE":"63000040038","VILLNAME":"朱崙里","TOWNCODE":"63000040","TOWNNAME":"中山區","COUNTYNAME":"臺北市"},"geometry":{"type":"Polygon","coordinates":[[[121.54393,25.04755],[121.53974,25.04654],[121.53664,25.04606],[121.53671,25.04836],[121.54397,25.04822],[121.54393,25.04755]]]}},{"type":"Feature","properties":{"VILLCODE":"63000020012","VILLNAME":"五常里","TOWNCODE":"63000020","TOWNNAME":"信義區","COUNTYNAME":"臺北市"},"geometry":{"type":"Polygon","coordinates":[[[121.57547,25.04547],[121.57209,25.04553],[121.57029,25.04556],[121.57269,25.04718],[121.57487,25.04842],[121.57487,25.04662],[121.57547,25.04547]]]}},{"type":"Feature","properties":{"VILLCODE":"63000010025","VILLNAME":"復盛里","TOWNCODE":"63000010","TOWNNAME":"松山區","COUNTYNAME":"臺北市"},"geometry":{"type":"Polygon","coordinates":[[[121.55773,25.04522],[121.55779,25.04814],[121.56489,25.04889],[121.56575,25.04831],[121.56243,25.04716],[121.55773,25.04522]]]}},{"type":"Feature","properties":{"VILLCODE":"63000040001","VILLNAME":"正守里","TOWNCODE":"63000040","TOWNNAME":"中山區","COUNTYNAME":"臺北市"},"geometry":{"type":"Polygon","coordinates":[[[121.53285,25.04547],[121.52642,25.04738],[121.52421,25.04786],[121.52455,25.04915],[121.52989,25.04788],[121.53285,25.04547]]]}},{"type":"Feature","properties":{"VILLCODE":"63000050024","VILLNAME":"黎明里","TOWNCODE":"63000050","TOWNNAME":"中正區","COUNTYNAME":"臺北市"},"geometry":{"type":"Polygon","coordinates":[[[121.51773,25.03899],[121.51571,25.0395],[121.51294,25.03989],[121.51319,25.04227],[121.51335,25.04943],[121.51739,25.04842],[121.51865,25.04836],[121.52073,25.04802],[121.51969,25.04564],[121.51893,25.04331],[121.51773,25.03899]]]}},{"type":"Feature","properties":{"VILLCODE":"63000090017","VILLNAME":"中研里","TOWNCODE":"63000090","TOWNNAME":"南港區","COUNTYNAME":"臺北市"},"geometry":{"type":"Polygon","coordinates":[[[121.61644,25.0487],[121.61647,25.04867],[121.61647,25.04814],[121.61928,25.04326],[121.61748,25.04191],[121.61827,25.04006],[121.61795,25.03812],[121.61619,25.03868],[121.61117,25.03824],[121.60858,25.03829],[121.60842,25.03983],[121.60867,25.04314],[121.60915,25.0441],[121.61129,25.04497],[121.61123,25.04696],[121.61224,25.04744],[121.6129,25.04901],[121.61578,25.04892],[121.61631,25.04906],[121.61634,25.04898],[121.61644,25.04873],[121.61644,25.0487]]]}},{"type":"Feature","properties":{"VILLCODE":"63000020005","VILLNAME":"新仁里","TOWNCODE":"63000020","TOWNNAME":"信義區","COUNTYNAME":"臺北市"},"geometry":{"type":"Polygon","coordinates":[[[121.56445,25.0411],[121.55763,25.04129],[121.55766,25.04519],[121.55773,25.04522],[121.56243,25.04716],[121.56575,25.04831],[121.56934,25.04926],[121.56717,25.04567],[121.56581,25.0434],[121.56445,25.0411]]]}},{"type":"Feature","properties":{"VILLCODE":"63000020011","VILLNAME":"雅祥里","TOWNCODE":"63000020","TOWNNAME":"信義區","COUNTYNAME":"臺北市"},"geometry":{"type":"Polygon","coordinates":[[[121.57029,25.04556],[121.56717,25.04567],[121.56934,25.04926],[121.57272,25.04945],[121.57269,25.04718],[121.57029,25.04556]]]}},{"type":"Feature","properties":{"VILLCODE":"63000070001","VILLNAME":"福星里","TOWNCODE":"63000070","TOWNNAME":"萬華區","COUNTYNAME":"臺北市"},"geometry":{"type":"Polygon","coordinates":[[[121.50896,25.04511],[121.50202,25.04679],[121.50464,25.04974],[121.50634,25.04895],[121.50899,25.04828],[121.5107,25.04833],[121.50965,25.04732],[121.50896,25.04511]]]}},{"type":"Feature","properties":{"VILLCODE":"63000020016","VILLNAME":"四育里","TOWNCODE":"63000020","TOWNNAME":"信義區","COUNTYNAME":"臺北市"},"geometry":{"type":"Polygon","coordinates":[[[121.57777,25.04539],[121.57547,25.04547],[121.57487,25.04662],[121.57487,25.04842],[121.57269,25.04718],[121.57272,25.04945],[121.57777,25.04948],[121.57777,25.04539]]]}},{"type":"Feature","properties":{"VILLCODE":"63000020014","VILLNAME":"永吉里","TOWNCODE":"63000020","TOWNNAME":"信義區","COUNTYNAME":"臺北市"},"geometry":{"type":"Polygon","coordinates":[[[121.58074,25.04533],[121.57777,25.04539],[121.57777,25.04948],[121.58008,25.04945],[121.58004,25.04884],[121.58058,25.04755],[121.58074,25.04533]]]}},{"type":"Feature","properties":{"VILLCODE":"63000050023","VILLNAME":"光復里","TOWNCODE":"63000050","TOWNNAME":"中正區","COUNTYNAME":"臺北市"},"geometry":{"type":"Polygon","coordinates":[[[121.51319,25.04227],[121.50814,25.04211],[121.50849,25.0432],[121.50896,25.04511],[121.50965,25.04732],[121.5107,25.04833],[121.51152,25.04867],[121.51205,25.04985],[121.51335,25.04943],[121.51319,25.04227]]]}},{"type":"Feature","properties":{"VILLCODE":"63000090015","VILLNAME":"聯成里","TOWNCODE":"63000090","TOWNNAME":"南港區","COUNTYNAME":"臺北市"},"geometry":{"type":"Polygon","coordinates":[[[121.59015,25.04645],[121.58696,25.04637],[121.58506,25.04794],[121.58626,25.04853],[121.59087,25.04965],[121.59106,25.04878],[121.58961,25.04769],[121.59015,25.04645]]]}},{"type":"Feature","properties":{"VILLCODE":"63000090010","VILLNAME":"合成里","TOWNCODE":"63000090","TOWNNAME":"南港區","COUNTYNAME":"臺北市"},"geometry":{"type":"Polygon","coordinates":[[[121.58197,25.04418],[121.58074,25.04533],[121.58058,25.04755],[121.58004,25.04884],[121.58895,25.05038],[121.59371,25.05111],[121.59396,25.05041],[121.59087,25.04965],[121.58626,25.04853],[121.58506,25.04794],[121.58393,25.04693],[121.58197,25.04418]]]}},{"type":"Feature","properties":{"VILLCODE":"63000010024","VILLNAME":"新聚里","TOWNCODE":"63000010","TOWNNAME":"松山區","COUNTYNAME":"臺北市"},"geometry":{"type":"Polygon","coordinates":[[[121.56575,25.04831],[121.56489,25.04889],[121.56395,25.05136],[121.57045,25.05122],[121.56934,25.04926],[121.56575,25.04831]]]}},{"type":"Feature","properties":{"VILLCODE":"63000060002","VILLNAME":"建明里","TOWNCODE":"63000060","TOWNNAME":"大同區","COUNTYNAME":"臺北市"},"geometry":{"type":"Polygon","coordinates":[[[121.51865,25.04836],[121.51739,25.04842],[121.51335,25.04943],[121.51395,25.05159],[121.51546,25.05122],[121.51998,25.05018],[121.51865,25.04836]]]}},{"type":"Feature","properties":{"VILLCODE":"63000010022","VILLNAME":"吉祥里","TOWNCODE":"63000010","TOWNNAME":"松山區","COUNTYNAME":"臺北市"},"geometry":{"type":"Polygon","coordinates":[[[121.56489,25.04889],[121.55779,25.04814],[121.55789,25.0515],[121.56379,25.05136],[121.56395,25.05136],[121.56489,25.04889]]]}},{"type":"Feature","properties":{"VILLCODE":"63000010033","VILLNAME":"復勢里","TOWNCODE":"63000010","TOWNNAME":"松山區","COUNTYNAME":"臺北市"},"geometry":{"type":"Polygon","coordinates":[[[121.55508,25.04802],[121.55413,25.04811],[121.55504,25.05159],[121.55738,25.05153],[121.55789,25.0515],[121.55779,25.04814],[121.55508,25.04802]]]}},{"type":"Feature","properties":{"VILLCODE":"63000010028","VILLNAME":"美仁里","TOWNCODE":"63000010","TOWNNAME":"松山區","COUNTYNAME":"臺北市"},"geometry":{"type":"Polygon","coordinates":[[[121.55252,25.04814],[121.54889,25.04814],[121.54889,25.0517],[121.55255,25.05161],[121.55504,25.05159],[121.55413,25.04811],[121.55252,25.04814]]]}},{"type":"Feature","properties":{"VILLCODE":"63000040039","VILLNAME":"力行里","TOWNCODE":"63000040","TOWNNAME":"中山區","COUNTYNAME":"臺北市"},"geometry":{"type":"Polygon","coordinates":[[[121.54397,25.04822],[121.53671,25.04836],[121.5368,25.05198],[121.54406,25.05181],[121.54397,25.04822]]]}},{"type":"Feature","properties":{"VILLCODE":"63000040036","VILLNAME":"朱園里","TOWNCODE":"63000040","TOWNNAME":"中山區","COUNTYNAME":"臺北市"},"geometry":{"type":"Polygon","coordinates":[[[121.53487,25.045],[121.53292,25.04544],[121.53285,25.04547],[121.53298,25.05204],[121.5368,25.05198],[121.53671,25.04836],[121.53664,25.04606],[121.53487,25.045]]]}},{"type":"Feature","properties":{"VILLCODE":"63000040032","VILLNAME":"興亞里","TOWNCODE":"63000040","TOWNNAME":"中山區","COUNTYNAME":"臺北市"},"geometry":{"type":"Polygon","coordinates":[[[121.53285,25.04547],[121.52989,25.04788],[121.52809,25.05052],[121.52768,25.05206],[121.53008,25.05204],[121.53298,25.05204],[121.53285,25.04547]]]}},{"type":"Feature","properties":{"VILLCODE":"63000040002","VILLNAME":"正義里","TOWNCODE":"63000040","TOWNNAME":"中山區","COUNTYNAME":"臺北市"},"geometry":{"type":"Polygon","coordinates":[[[121.52989,25.04788],[121.52455,25.04915],[121.52534,25.05209],[121.52768,25.05206],[121.52809,25.05052],[121.52989,25.04788]]]}},{"type":"Feature","properties":{"VILLCODE":"63000040003","VILLNAME":"正得里","TOWNCODE":"63000040","TOWNNAME":"中山區","COUNTYNAME":"臺北市"},"geometry":{"type":"Polygon","coordinates":[[[121.52421,25.04786],[121.52073,25.04802],[121.52256,25.0522],[121.52534,25.05209],[121.52455,25.04915],[121.52421,25.04786]]]}},{"type":"Feature","properties":{"VILLCODE":"63000010018","VILLNAME":"慈祐里","TOWNCODE":"63000010","TOWNNAME":"松山區","COUNTYNAME":"臺北市"},"geometry":{"type":"Polygon","coordinates":[[[121.57272,25.04945],[121.56934,25.04926],[121.57045,25.05122],[121.57168,25.05215],[121.5726,25.05175],[121.5748,25.0519],[121.57992,25.0529],[121.57967,25.05046],[121.58008,25.04945],[121.57777,25.04948],[121.57272,25.04945]]]}},{"type":"Feature","properties":{"VILLCODE":"63000090006","VILLNAME":"新光里","TOWNCODE":"63000090","TOWNNAME":"南港區","COUNTYNAME":"臺北市"},"geometry":{"type":"Polygon","coordinates":[[[121.60246,25.03667],[121.59958,25.03512],[121.59744,25.03428],[121.5963,25.03751],[121.59494,25.03989],[121.59453,25.04258],[121.59349,25.04452],[121.59321,25.04634],[121.59204,25.04598],[121.59015,25.04645],[121.58961,25.04769],[121.59106,25.04878],[121.59087,25.04965],[121.59396,25.05041],[121.59371,25.05111],[121.59548,25.05147],[121.60498,25.05285],[121.6052,25.0519],[121.60738,25.05032],[121.60656,25.04974],[121.60353,25.05018],[121.60148,25.04917],[121.60031,25.04673],[121.60034,25.04177],[121.60113,25.0402],[121.60246,25.03667]]]}},{"type":"Feature","properties":{"VILLCODE":"63000060004","VILLNAME":"建泰里","TOWNCODE":"63000060","TOWNNAME":"大同區","COUNTYNAME":"臺北市"},"geometry":{"type":"Polygon","coordinates":[[[121.51998,25.05018],[121.51546,25.05122],[121.51612,25.05358],[121.51773,25.05321],[121.52029,25.05262],[121.51998,25.05018]]]}},{"type":"Feature","properties":{"VILLCODE":"63000010014","VILLNAME":"東勢里","TOWNCODE":"63000010","TOWNNAME":"松山區","COUNTYNAME":"臺北市"},"geometry":{"type":"Polygon","coordinates":[[[121.55738,25.05153],[121.55504,25.05159],[121.55255,25.05161],[121.55284,25.0533],[121.55659,25.05355],[121.55738,25.05153]]]}},{"type":"Feature","properties":{"VILLCODE":"63000060001","VILLNAME":"玉泉里","TOWNCODE":"63000060","TOWNNAME":"大同區","COUNTYNAME":"臺北市"},"geometry":{"type":"Polygon","coordinates":[[[121.5107,25.04833],[121.50899,25.04828],[121.50634,25.04895],[121.50464,25.04974],[121.50568,25.05204],[121.50628,25.05403],[121.50871,25.05335],[121.51029,25.05327],[121.51044,25.05201],[121.51186,25.05206],[121.51205,25.04985],[121.51152,25.04867],[121.5107,25.04833]]]}},{"type":"Feature","properties":{"VILLCODE":"63000060003","VILLNAME":"建功里","TOWNCODE":"63000060","TOWNNAME":"大同區","COUNTYNAME":"臺北市"},"geometry":{"type":"Polygon","coordinates":[[[121.51335,25.04943],[121.51205,25.04985],[121.51186,25.05206],[121.51319,25.05288],[121.51309,25.05394],[121.51442,25.05408],[121.51612,25.05358],[121.51546,25.05122],[121.51395,25.05159],[121.51335,25.04943]]]}},{"type":"Feature","properties":{"VILLCODE":"63000010011","VILLNAME":"東光里","TOWNCODE":"63000010","TOWNNAME":"松山區","COUNTYNAME":"臺北市"},"geometry":{"type":"Polygon","coordinates":[[[121.56379,25.05136],[121.55789,25.0515],[121.55738,25.05153],[121.55659,25.05355],[121.56047,25.05394],[121.56385,25.05411],[121.56379,25.05136]]]}},{"type":"Feature","properties":{"VILLCODE":"63000010019","VILLNAME":"安平里","TOWNCODE":"63000010","TOWNNAME":"松山區","COUNTYNAME":"臺北市"},"geometry":{"type":"Polygon","coordinates":[[[121.57045,25.05122],[121.56395,25.05136],[121.56379,25.05136],[121.56385,25.05411],[121.56562,25.0542],[121.56982,25.05445],[121.57045,25.05122]]]}},{"type":"Feature","properties":{"VILLCODE":"63000010026","VILLNAME":"中正里","TOWNCODE":"63000010","TOWNNAME":"松山區","COUNTYNAME":"臺北市"},"geometry":{"type":"Polygon","coordinates":[[[121.54684,25.04814],[121.54393,25.04755],[121.54397,25.04822],[121.54406,25.05181],[121.54415,25.05456],[121.54892,25.05439],[121.54889,25.0517],[121.54889,25.04814],[121.54684,25.04814]]]}},{"type":"Feature","properties":{"VILLCODE":"63000040040","VILLNAME":"復華里","TOWNCODE":"63000040","TOWNNAME":"中山區","COUNTYNAME":"臺北市"},"geometry":{"type":"Polygon","coordinates":[[[121.54406,25.05181],[121.5368,25.05198],[121.53683,25.05473],[121.54213,25.05462],[121.54415,25.05456],[121.54406,25.05181]]]}},{"type":"Feature","properties":{"VILLCODE":"63000040005","VILLNAME":"康樂里","TOWNCODE":"63000040","TOWNNAME":"中山區","COUNTYNAME":"臺北市"},"geometry":{"type":"Polygon","coordinates":[[[121.52768,25.05206],[121.52534,25.05209],[121.52256,25.0522],[121.52269,25.05495],[121.52755,25.0549],[121.52768,25.05206]]]}},{"type":"Feature","properties":{"VILLCODE":"63000090009","VILLNAME":"玉成里","TOWNCODE":"63000090","TOWNNAME":"南港區","COUNTYNAME":"臺北市"},"geometry":{"type":"Polygon","coordinates":[[[121.58004,25.04884],[121.58008,25.04945],[121.57967,25.05046],[121.57992,25.0529],[121.58093,25.05313],[121.58415,25.0538],[121.58737,25.05518],[121.58778,25.05492],[121.58895,25.05038],[121.58004,25.04884]]]}},{"type":"Feature","properties":{"VILLCODE":"63000090003","VILLNAME":"新富里","TOWNCODE":"63000090","TOWNNAME":"南港區","COUNTYNAME":"臺北市"},"geometry":{"type":"Polygon","coordinates":[[[121.62076,25.05487],[121.62076,25.05478],[121.62102,25.05369],[121.61818,25.05232],[121.61631,25.05055],[121.61631,25.04909],[121.61631,25.04906],[121.61578,25.04892],[121.61556,25.0501],[121.61593,25.0524],[121.61559,25.05523],[121.61947,25.0547],[121.62076,25.05487]]]}},{"type":"Feature","properties":{"VILLCODE":"63000090002","VILLNAME":"中南里","TOWNCODE":"63000090","TOWNNAME":"南港區","COUNTYNAME":"臺北市"},"geometry":{"type":"Polygon","coordinates":[[[121.60858,25.03829],[121.60807,25.03835],[121.60501,25.03731],[121.60246,25.03667],[121.60113,25.0402],[121.60034,25.04177],[121.60031,25.04673],[121.60148,25.04917],[121.60353,25.05018],[121.60656,25.04974],[121.60738,25.05032],[121.6052,25.0519],[121.60498,25.05285],[121.60646,25.05307],[121.61492,25.05422],[121.61527,25.05526],[121.61559,25.05523],[121.61593,25.0524],[121.61556,25.0501],[121.61578,25.04892],[121.6129,25.04901],[121.61224,25.04744],[121.61123,25.04696],[121.61129,25.04497],[121.60915,25.0441],[121.60867,25.04314],[121.60842,25.03983],[121.60858,25.03829]]]}},{"type":"Feature","properties":{"VILLCODE":"63000090007","VILLNAME":"東明里","TOWNCODE":"63000090","TOWNNAME":"南港區","COUNTYNAME":"臺北市"},"geometry":{"type":"Polygon","coordinates":[[[121.60498,25.05285],[121.59548,25.05147],[121.59475,25.05448],[121.59835,25.05405],[121.59987,25.0547],[121.60085,25.0545],[121.60277,25.05495],[121.60422,25.05593],[121.60577,25.05602],[121.60646,25.05307],[121.60498,25.05285]]]}},{"type":"Feature","properties":{"VILLCODE":"63000010015","VILLNAME":"中華里","TOWNCODE":"63000010","TOWNNAME":"松山區","COUNTYNAME":"臺北市"},"geometry":{"type":"Polygon","coordinates":[[[121.55255,25.05161],[121.54889,25.0517],[121.54892,25.05439],[121.54892,25.05565],[121.55176,25.05661],[121.5529,25.05624],[121.55296,25.05619],[121.55284,25.0533],[121.55255,25.05161]]]}},{"type":"Feature","properties":{"VILLCODE":"63000010012","VILLNAME":"龍田里","TOWNCODE":"63000010","TOWNNAME":"松山區","COUNTYNAME":"臺北市"},"geometry":{"type":"Polygon","coordinates":[[[121.55659,25.05355],[121.55284,25.0533],[121.55296,25.05619],[121.55561,25.05621],[121.56022,25.05658],[121.56047,25.05394],[121.55659,25.05355]]]}},{"type":"Feature","properties":{"VILLCODE":"63000060005","VILLNAME":"永樂里","TOWNCODE":"63000060","TOWNNAME":"大同區","COUNTYNAME":"臺北市"},"geometry":{"type":"Polygon","coordinates":[[[121.51186,25.05206],[121.51044,25.05201],[121.51029,25.05327],[121.50871,25.05335],[121.50628,25.05403],[121.50606,25.05678],[121.51158,25.05692],[121.51186,25.05206]]]}},{"type":"Feature","properties":{"VILLCODE":"63000060006","VILLNAME":"朝陽里","TOWNCODE":"63000060","TOWNNAME":"大同區","COUNTYNAME":"臺北市"},"geometry":{"type":"Polygon","coordinates":[[[121.51442,25.05408],[121.51309,25.05394],[121.51319,25.05288],[121.51186,25.05206],[121.51158,25.05692],[121.51379,25.05692],[121.51442,25.05408]]]}},{"type":"Feature","properties":{"VILLCODE":"63000010021","VILLNAME":"自強里","TOWNCODE":"63000010","TOWNNAME":"松山區","COUNTYNAME":"臺北市"},"geometry":{"type":"Polygon","coordinates":[[[121.56385,25.05411],[121.56047,25.05394],[121.56022,25.05658],[121.56174,25.05672],[121.5636,25.05683],[121.56537,25.05697],[121.56562,25.0542],[121.56385,25.05411]]]}},{"type":"Feature","properties":{"VILLCODE":"63000060007","VILLNAME":"星明里","TOWNCODE":"63000060","TOWNNAME":"大同區","COUNTYNAME":"臺北市"},"geometry":{"type":"Polygon","coordinates":[[[121.51773,25.05321],[121.51612,25.05358],[121.51442,25.05408],[121.51379,25.05692],[121.51815,25.05731],[121.51818,25.05473],[121.51773,25.05321]]]}},{"type":"Feature","properties":{"VILLCODE":"63000010020","VILLNAME":"鵬程里","TOWNCODE":"63000010","TOWNNAME":"松山區","COUNTYNAME":"臺北市"},"geometry":{"type":"Polygon","coordinates":[[[121.56982,25.05445],[121.56562,25.0542],[121.56537,25.05697],[121.56612,25.05703],[121.56931,25.05731],[121.56982,25.05445]]]}},{"type":"Feature","properties":{"VILLCODE":"63000060008","VILLNAME":"光能里","TOWNCODE":"63000060","TOWNNAME":"大同區","COUNTYNAME":"臺北市"},"geometry":{"type":"Polygon","coordinates":[[[121.52029,25.05262],[121.51773,25.05321],[121.51818,25.05473],[121.51815,25.05731],[121.52061,25.05762],[121.52029,25.05262]]]}},{"type":"Feature","properties":{"VILLCODE":"63000010035","VILLNAME":"松基里","TOWNCODE":"63000010","TOWNNAME":"松山區","COUNTYNAME":"臺北市"},"geometry":{"type":"Polygon","coordinates":[[[121.54892,25.05439],[121.54415,25.05456],[121.54419,25.05773],[121.54895,25.05764],[121.54892,25.05565],[121.54892,25.05439]]]}},{"type":"Feature","properties":{"VILLCODE":"63000040035","VILLNAME":"龍洲里","TOWNCODE":"63000040","TOWNNAME":"中山區","COUNTYNAME":"臺北市"},"geometry":{"type":"Polygon","coordinates":[[[121.54415,25.05456],[121.54213,25.05462],[121.54217,25.0577],[121.54419,25.05773],[121.54415,25.05456]]]}},{"type":"Feature","properties":{"VILLCODE":"63000040034","VILLNAME":"朱馥里","TOWNCODE":"63000040","TOWNNAME":"中山區","COUNTYNAME":"臺北市"},"geometry":{"type":"Polygon","coordinates":[[[121.54213,25.05462],[121.53683,25.05473],[121.53693,25.05779],[121.54217,25.0577],[121.54213,25.05462]]]}},{"type":"Feature","properties":{"VILLCODE":"63000100027","VILLNAME":"行善里","TOWNCODE":"63000100","TOWNNAME":"內湖區","COUNTYNAME":"臺北市"},"geometry":{"type":"Polygon","coordinates":[[[121.57992,25.0529],[121.5748,25.0519],[121.5726,25.05175],[121.57168,25.05215],[121.57136,25.05394],[121.57443,25.05596],[121.57787,25.0577],[121.5791,25.05585],[121.57954,25.05448],[121.58042,25.05473],[121.58093,25.05313],[121.57992,25.0529]]]}},{"type":"Feature","properties":{"VILLCODE":"63000040004","VILLNAME":"民安里","TOWNCODE":"63000040","TOWNNAME":"中山區","COUNTYNAME":"臺北市"},"geometry":{"type":"Polygon","coordinates":[[[121.52073,25.04802],[121.51865,25.04836],[121.51998,25.05018],[121.52029,25.05262],[121.52061,25.05762],[121.52285,25.05793],[121.52269,25.05495],[121.52256,25.0522],[121.52073,25.04802]]]}},{"type":"Feature","properties":{"VILLCODE":"63000040030","VILLNAME":"中吉里","TOWNCODE":"63000040","TOWNNAME":"中山區","COUNTYNAME":"臺北市"},"geometry":{"type":"Polygon","coordinates":[[[121.53298,25.05204],[121.53008,25.05204],[121.5302,25.05795],[121.53311,25.05795],[121.53298,25.05204]]]}},{"type":"Feature","properties":{"VILLCODE":"63000040033","VILLNAME":"中央里","TOWNCODE":"63000040","TOWNNAME":"中山區","COUNTYNAME":"臺北市"},"geometry":{"type":"Polygon","coordinates":[[[121.5368,25.05198],[121.53298,25.05204],[121.53311,25.05795],[121.53693,25.05779],[121.53683,25.05473],[121.5368,25.05198]]]}},{"type":"Feature","properties":{"VILLCODE":"63000040031","VILLNAME":"中原里","TOWNCODE":"63000040","TOWNNAME":"中山區","COUNTYNAME":"臺北市"},"geometry":{"type":"Polygon","coordinates":[[[121.53008,25.05204],[121.52768,25.05206],[121.52755,25.0549],[121.52758,25.05798],[121.5302,25.05795],[121.53008,25.05204]]]}},{"type":"Feature","properties":{"VILLCODE":"63000040006","VILLNAME":"中山里","TOWNCODE":"63000040","TOWNNAME":"中山區","COUNTYNAME":"臺北市"},"geometry":{"type":"Polygon","coordinates":[[[121.52755,25.0549],[121.52269,25.05495],[121.52285,25.05793],[121.52758,25.05798],[121.52755,25.0549]]]}},{"type":"Feature","properties":{"VILLCODE":"63000090005","VILLNAME":"東新里","TOWNCODE":"63000090","TOWNNAME":"南港區","COUNTYNAME":"臺北市"},"geometry":{"type":"Polygon","coordinates":[[[121.60577,25.05602],[121.60422,25.05593],[121.60277,25.05495],[121.60085,25.0545],[121.59987,25.0547],[121.59835,25.05405],[121.59475,25.05448],[121.59456,25.05481],[121.59504,25.05487],[121.6005,25.05717],[121.60211,25.05756],[121.60533,25.05787],[121.60577,25.05602]]]}},{"type":"Feature","properties":{"VILLCODE":"63000010013","VILLNAME":"東昌里","TOWNCODE":"63000010","TOWNNAME":"松山區","COUNTYNAME":"臺北市"},"geometry":{"type":"Polygon","coordinates":[[[121.55296,25.05619],[121.5529,25.05624],[121.5529,25.05804],[121.55523,25.05821],[121.55561,25.05621],[121.55296,25.05619]]]}},{"type":"Feature","properties":{"VILLCODE":"63000010009","VILLNAME":"介壽里","TOWNCODE":"63000010","TOWNNAME":"松山區","COUNTYNAME":"臺北市"},"geometry":{"type":"Polygon","coordinates":[[[121.56022,25.05658],[121.55561,25.05621],[121.55523,25.05821],[121.56155,25.05871],[121.56174,25.05672],[121.56022,25.05658]]]}},{"type":"Feature","properties":{"VILLCODE":"63000010008","VILLNAME":"富泰里","TOWNCODE":"63000010","TOWNNAME":"松山區","COUNTYNAME":"臺北市"},"geometry":{"type":"Polygon","coordinates":[[[121.56537,25.05697],[121.5636,25.05683],[121.56338,25.05885],[121.56593,25.05905],[121.56612,25.05703],[121.56537,25.05697]]]}},{"type":"Feature","properties":{"VILLCODE":"63000090008","VILLNAME":"西新里","TOWNCODE":"63000090","TOWNNAME":"南港區","COUNTYNAME":"臺北市"},"geometry":{"type":"Polygon","coordinates":[[[121.59371,25.05111],[121.58895,25.05038],[121.58778,25.05492],[121.58737,25.05518],[121.59002,25.05711],[121.59201,25.05922],[121.59456,25.05481],[121.59475,25.05448],[121.59548,25.05147],[121.59371,25.05111]]]}},{"type":"Feature","properties":{"VILLCODE":"63000090020","VILLNAME":"重陽里","TOWNCODE":"63000090","TOWNNAME":"南港區","COUNTYNAME":"臺北市"},"geometry":{"type":"Polygon","coordinates":[[[121.60533,25.05787],[121.60211,25.05756],[121.6005,25.05717],[121.59504,25.05487],[121.59456,25.05481],[121.59201,25.05922],[121.59314,25.05966],[121.59567,25.05863],[121.59848,25.05857],[121.60009,25.05896],[121.60492,25.05938],[121.60533,25.05787]]]}},{"type":"Feature","properties":{"VILLCODE":"63000040007","VILLNAME":"聚盛里","TOWNCODE":"63000040","TOWNNAME":"中山區","COUNTYNAME":"臺北市"},"geometry":{"type":"Polygon","coordinates":[[[121.52758,25.05798],[121.52285,25.05793],[121.52297,25.06031],[121.52758,25.06023],[121.52758,25.05798]]]}},{"type":"Feature","properties":{"VILLCODE":"63000040029","VILLNAME":"江山里","TOWNCODE":"63000040","TOWNNAME":"中山區","COUNTYNAME":"臺北市"},"geometry":{"type":"Polygon","coordinates":[[[121.54419,25.05773],[121.54217,25.0577],[121.53693,25.05779],[121.53696,25.06025],[121.54425,25.06014],[121.54419,25.05773]]]}},{"type":"Feature","properties":{"VILLCODE":"63000060011","VILLNAME":"雙連里","TOWNCODE":"63000060","TOWNNAME":"大同區","COUNTYNAME":"臺北市"},"geometry":{"type":"Polygon","coordinates":[[[121.51815,25.05731],[121.51379,25.05692],[121.51363,25.05922],[121.5177,25.06017],[121.52035,25.06031],[121.52061,25.05762],[121.51815,25.05731]]]}},{"type":"Feature","properties":{"VILLCODE":"63000040023","VILLNAME":"中庄里","TOWNCODE":"63000040","TOWNNAME":"中山區","COUNTYNAME":"臺北市"},"geometry":{"type":"Polygon","coordinates":[[[121.53311,25.05795],[121.5302,25.05795],[121.52758,25.05798],[121.52758,25.06023],[121.53317,25.06031],[121.53311,25.05795]]]}},{"type":"Feature","properties":{"VILLCODE":"63000090001","VILLNAME":"南港里","TOWNCODE":"63000090","TOWNNAME":"南港區","COUNTYNAME":"臺北市"},"geometry":{"type":"Polygon","coordinates":[[[121.61527,25.05526],[121.61492,25.05422],[121.60646,25.05307],[121.60577,25.05602],[121.60533,25.05787],[121.60492,25.05938],[121.60858,25.06017],[121.60915,25.05882],[121.60981,25.0591],[121.61006,25.05692],[121.61325,25.05532],[121.61527,25.05526]]]}},{"type":"Feature","properties":{"VILLCODE":"63000060009","VILLNAME":"大有里","TOWNCODE":"63000060","TOWNNAME":"大同區","COUNTYNAME":"臺北市"},"geometry":{"type":"Polygon","coordinates":[[[121.51158,25.05692],[121.50606,25.05678],[121.50552,25.05809],[121.50555,25.06034],[121.51133,25.06062],[121.51158,25.05692]]]}},{"type":"Feature","properties":{"VILLCODE":"63000060010","VILLNAME":"延平里","TOWNCODE":"63000060","TOWNNAME":"大同區","COUNTYNAME":"臺北市"},"geometry":{"type":"Polygon","coordinates":[[[121.51379,25.05692],[121.51158,25.05692],[121.51133,25.06062],[121.51357,25.06076],[121.51363,25.05922],[121.51379,25.05692]]]}},{"type":"Feature","properties":{"VILLCODE":"63000010016","VILLNAME":"民有里","TOWNCODE":"63000010","TOWNNAME":"松山區","COUNTYNAME":"臺北市"},"geometry":{"type":"Polygon","coordinates":[[[121.54895,25.05764],[121.54419,25.05773],[121.54425,25.06014],[121.54428,25.06208],[121.54791,25.06202],[121.55078,25.06146],[121.54895,25.05764]]]}},{"type":"Feature","properties":{"VILLCODE":"63000040028","VILLNAME":"江寧里","TOWNCODE":"63000040","TOWNNAME":"中山區","COUNTYNAME":"臺北市"},"geometry":{"type":"Polygon","coordinates":[[[121.54425,25.06014],[121.53696,25.06025],[121.53699,25.06236],[121.54087,25.06236],[121.54428,25.06233],[121.54428,25.06208],[121.54425,25.06014]]]}},{"type":"Feature","properties":{"VILLCODE":"63000040021","VILLNAME":"松江里","TOWNCODE":"63000040","TOWNNAME":"中山區","COUNTYNAME":"臺北市"},"geometry":{"type":"Polygon","coordinates":[[[121.53693,25.05779],[121.53311,25.05795],[121.53317,25.06031],[121.53317,25.06247],[121.53699,25.06236],[121.53696,25.06025],[121.53693,25.05779]]]}},{"type":"Feature","properties":{"VILLCODE":"63000010003","VILLNAME":"東榮里","TOWNCODE":"63000010","TOWNNAME":"松山區","COUNTYNAME":"臺北市"},"geometry":{"type":"Polygon","coordinates":[[[121.56155,25.05871],[121.55523,25.05821],[121.55457,25.06188],[121.56016,25.06244],[121.56025,25.0614],[121.56133,25.06154],[121.56155,25.05871]]]}},{"type":"Feature","properties":{"VILLCODE":"63000040022","VILLNAME":"新生里","TOWNCODE":"63000040","TOWNNAME":"中山區","COUNTYNAME":"臺北市"},"geometry":{"type":"Polygon","coordinates":[[[121.53317,25.06031],[121.52758,25.06023],[121.52771,25.06261],[121.53317,25.06247],[121.53317,25.06031]]]}},{"type":"Feature","properties":{"VILLCODE":"63000040009","VILLNAME":"聚葉里","TOWNCODE":"63000040","TOWNNAME":"中山區","COUNTYNAME":"臺北市"},"geometry":{"type":"Polygon","coordinates":[[[121.52758,25.06023],[121.52297,25.06031],[121.52266,25.06275],[121.52771,25.06261],[121.52758,25.06023]]]}},{"type":"Feature","properties":{"VILLCODE":"63000100026","VILLNAME":"週美里","TOWNCODE":"63000100","TOWNNAME":"內湖區","COUNTYNAME":"臺北市"},"geometry":{"type":"Polygon","coordinates":[[[121.58737,25.05518],[121.58415,25.0538],[121.58093,25.05313],[121.58042,25.05473],[121.57954,25.05448],[121.5791,25.05585],[121.57787,25.0577],[121.58077,25.0591],[121.58374,25.06138],[121.58468,25.06264],[121.58551,25.06227],[121.58683,25.06003],[121.58475,25.05885],[121.58554,25.05734],[121.5862,25.05759],[121.58737,25.05518]]]}},{"type":"Feature","properties":{"VILLCODE":"63000060013","VILLNAME":"民權里","TOWNCODE":"63000060","TOWNNAME":"大同區","COUNTYNAME":"臺北市"},"geometry":{"type":"Polygon","coordinates":[[[121.52035,25.06031],[121.5177,25.06017],[121.51363,25.05922],[121.51357,25.06076],[121.51357,25.06295],[121.51474,25.06295],[121.51934,25.06283],[121.52035,25.06031]]]}},{"type":"Feature","properties":{"VILLCODE":"63000010004","VILLNAME":"三民里","TOWNCODE":"63000010","TOWNNAME":"松山區","COUNTYNAME":"臺北市"},"geometry":{"type":"Polygon","coordinates":[[[121.5636,25.05683],[121.56174,25.05672],[121.56155,25.05871],[121.56133,25.06154],[121.56025,25.0614],[121.56016,25.06244],[121.56306,25.06278],[121.56338,25.05885],[121.5636,25.05683]]]}},{"type":"Feature","properties":{"VILLCODE":"63000010006","VILLNAME":"富錦里","TOWNCODE":"63000010","TOWNNAME":"松山區","COUNTYNAME":"臺北市"},"geometry":{"type":"Polygon","coordinates":[[[121.56593,25.05905],[121.56338,25.05885],[121.56306,25.06278],[121.56379,25.06289],[121.56499,25.06306],[121.56559,25.06042],[121.56593,25.05905]]]}},{"type":"Feature","properties":{"VILLCODE":"63000060012","VILLNAME":"南芳里","TOWNCODE":"63000060","TOWNNAME":"大同區","COUNTYNAME":"臺北市"},"geometry":{"type":"Polygon","coordinates":[[[121.51133,25.06062],[121.50555,25.06034],[121.5065,25.06368],[121.51123,25.06286],[121.51357,25.06295],[121.51357,25.06076],[121.51133,25.06062]]]}},{"type":"Feature","properties":{"VILLCODE":"63000010005","VILLNAME":"新益里","TOWNCODE":"63000010","TOWNNAME":"松山區","COUNTYNAME":"臺北市"},"geometry":{"type":"Polygon","coordinates":[[[121.56559,25.06042],[121.56499,25.06306],[121.56827,25.06351],[121.56897,25.05927],[121.56843,25.05924],[121.56679,25.06098],[121.56559,25.06042]]]}},{"type":"Feature","properties":{"VILLCODE":"63000010007","VILLNAME":"新東里","TOWNCODE":"63000010","TOWNNAME":"松山區","COUNTYNAME":"臺北市"},"geometry":{"type":"Polygon","coordinates":[[[121.57168,25.05215],[121.57045,25.05122],[121.56982,25.05445],[121.56931,25.05731],[121.56612,25.05703],[121.56593,25.05905],[121.56559,25.06042],[121.56679,25.06098],[121.56843,25.05924],[121.56897,25.05927],[121.56827,25.06351],[121.56941,25.06393],[121.57108,25.0591],[121.57162,25.05619],[121.57136,25.05394],[121.57168,25.05215]]]}},{"type":"Feature","properties":{"VILLCODE":"63000040020","VILLNAME":"新福里","TOWNCODE":"63000040","TOWNNAME":"中山區","COUNTYNAME":"臺北市"},"geometry":{"type":"Polygon","coordinates":[[[121.53317,25.06247],[121.52771,25.06261],[121.52771,25.06483],[121.53033,25.06477],[121.53323,25.06477],[121.53317,25.06247]]]}},{"type":"Feature","properties":{"VILLCODE":"63000090004","VILLNAME":"三重里","TOWNCODE":"63000090","TOWNNAME":"南港區","COUNTYNAME":"臺北市"},"geometry":{"type":"Polygon","coordinates":[[[121.62427,25.05546],[121.62424,25.05537],[121.62348,25.05501],[121.62165,25.05652],[121.6202,25.05616],[121.62076,25.0549],[121.62076,25.05487],[121.61947,25.0547],[121.61559,25.05523],[121.61527,25.05526],[121.61325,25.05532],[121.61006,25.05692],[121.60981,25.0591],[121.60915,25.05882],[121.60858,25.06017],[121.61066,25.06154],[121.61186,25.06303],[121.61268,25.06429],[121.61426,25.06452],[121.61612,25.06396],[121.61868,25.063],[121.62165,25.06034],[121.62253,25.05843],[121.62427,25.05546]]]}},{"type":"Feature","properties":{"VILLCODE":"63000040010","VILLNAME":"恆安里","TOWNCODE":"63000040","TOWNNAME":"中山區","COUNTYNAME":"臺北市"},"geometry":{"type":"Polygon","coordinates":[[[121.52771,25.06261],[121.52266,25.06275],[121.52222,25.06483],[121.52771,25.06483],[121.52771,25.06261]]]}},{"type":"Feature","properties":{"VILLCODE":"63000100037","VILLNAME":"蘆洲里","TOWNCODE":"63000100","TOWNNAME":"內湖區","COUNTYNAME":"臺北市"},"geometry":{"type":"Polygon","coordinates":[[[121.60492,25.05938],[121.60009,25.05896],[121.59848,25.05857],[121.59567,25.05863],[121.59674,25.06051],[121.59649,25.06331],[121.60545,25.06457],[121.61088,25.06527],[121.61186,25.06303],[121.61066,25.06154],[121.60858,25.06017],[121.60492,25.05938]]]}},{"type":"Feature","properties":{"VILLCODE":"63000060014","VILLNAME":"景星里","TOWNCODE":"63000060","TOWNNAME":"大同區","COUNTYNAME":"臺北市"},"geometry":{"type":"Polygon","coordinates":[[[121.51123,25.06286],[121.5065,25.06368],[121.50688,25.06569],[121.51038,25.06586],[121.51035,25.0646],[121.51107,25.0646],[121.51123,25.06286]]]}},{"type":"Feature","properties":{"VILLCODE":"63000060015","VILLNAME":"隆和里","TOWNCODE":"63000060","TOWNNAME":"大同區","COUNTYNAME":"臺北市"},"geometry":{"type":"Polygon","coordinates":[[[121.51474,25.06295],[121.51357,25.06295],[121.51123,25.06286],[121.51107,25.0646],[121.51035,25.0646],[121.51038,25.06586],[121.51101,25.06586],[121.51369,25.06586],[121.51369,25.06474],[121.51527,25.06438],[121.51474,25.06295]]]}},{"type":"Feature","properties":{"VILLCODE":"63000060016","VILLNAME":"蓬萊里","TOWNCODE":"63000060","TOWNNAME":"大同區","COUNTYNAME":"臺北市"},"geometry":{"type":"Polygon","coordinates":[[[121.51934,25.06283],[121.51474,25.06295],[121.51527,25.06438],[121.51369,25.06474],[121.51369,25.06586],[121.51603,25.06586],[121.51928,25.066],[121.519,25.06466],[121.51934,25.06283]]]}},{"type":"Feature","properties":{"VILLCODE":"63000040011","VILLNAME":"晴光里","TOWNCODE":"63000040","TOWNNAME":"中山區","COUNTYNAME":"臺北市"},"geometry":{"type":"Polygon","coordinates":[[[121.52771,25.06483],[121.52222,25.06483],[121.52244,25.06676],[121.52774,25.06659],[121.52771,25.06483]]]}},{"type":"Feature","properties":{"VILLCODE":"63000010017","VILLNAME":"民福里","TOWNCODE":"63000010","TOWNNAME":"松山區","COUNTYNAME":"臺北市"},"geometry":{"type":"Polygon","coordinates":[[[121.55078,25.06146],[121.54791,25.06202],[121.54428,25.06208],[121.54428,25.06233],[121.54434,25.06645],[121.54434,25.06687],[121.54731,25.06519],[121.55022,25.06289],[121.55078,25.06146]]]}},{"type":"Feature","properties":{"VILLCODE":"63000100028","VILLNAME":"石潭里","TOWNCODE":"63000100","TOWNNAME":"內湖區","COUNTYNAME":"臺北市"},"geometry":{"type":"Polygon","coordinates":[[[121.59201,25.05922],[121.59002,25.05711],[121.58737,25.05518],[121.5862,25.05759],[121.58554,25.05734],[121.58475,25.05885],[121.58683,25.06003],[121.58551,25.06227],[121.58468,25.06264],[121.5856,25.06466],[121.58563,25.06673],[121.58768,25.06589],[121.59037,25.06491],[121.59109,25.0653],[121.59128,25.06684],[121.59576,25.06516],[121.59955,25.06651],[121.60246,25.06558],[121.60325,25.06735],[121.60366,25.06724],[121.60482,25.066],[121.60457,25.06525],[121.60545,25.06457],[121.59649,25.06331],[121.59674,25.06051],[121.59567,25.05863],[121.59314,25.05966],[121.59201,25.05922]]]}},{"type":"Feature","properties":{"VILLCODE":"63000040027","VILLNAME":"下埤里","TOWNCODE":"63000040","TOWNNAME":"中山區","COUNTYNAME":"臺北市"},"geometry":{"type":"Polygon","coordinates":[[[121.54428,25.06233],[121.54087,25.06236],[121.54103,25.06808],[121.54264,25.06766],[121.54434,25.06645],[121.54428,25.06233]]]}},{"type":"Feature","properties":{"VILLCODE":"63000040025","VILLNAME":"行仁里","TOWNCODE":"63000040","TOWNNAME":"中山區","COUNTYNAME":"臺北市"},"geometry":{"type":"Polygon","coordinates":[[[121.54087,25.06236],[121.53699,25.06236],[121.53705,25.06426],[121.53828,25.06429],[121.53832,25.06811],[121.54103,25.06808],[121.54087,25.06236]]]}},{"type":"Feature","properties":{"VILLCODE":"63000040024","VILLNAME":"行政里","TOWNCODE":"63000040","TOWNNAME":"中山區","COUNTYNAME":"臺北市"},"geometry":{"type":"Polygon","coordinates":[[[121.53699,25.06236],[121.53317,25.06247],[121.53323,25.06477],[121.53326,25.06819],[121.53661,25.06536],[121.53705,25.06426],[121.53699,25.06236]]]}},{"type":"Feature","properties":{"VILLCODE":"63000040026","VILLNAME":"行孝里","TOWNCODE":"63000040","TOWNNAME":"中山區","COUNTYNAME":"臺北市"},"geometry":{"type":"Polygon","coordinates":[[[121.53832,25.06811],[121.53828,25.06429],[121.53705,25.06426],[121.53661,25.06536],[121.53326,25.06819],[121.53832,25.06811]]]}},{"type":"Feature","properties":{"VILLCODE":"63000040018","VILLNAME":"新喜里","TOWNCODE":"63000040","TOWNNAME":"中山區","COUNTYNAME":"臺北市"},"geometry":{"type":"Polygon","coordinates":[[[121.53323,25.06477],[121.53033,25.06477],[121.53052,25.06825],[121.53326,25.06819],[121.53323,25.06477]]]}},{"type":"Feature","properties":{"VILLCODE":"63000040008","VILLNAME":"集英里","TOWNCODE":"63000040","TOWNNAME":"中山區","COUNTYNAME":"臺北市"},"geometry":{"type":"Polygon","coordinates":[[[121.52285,25.05793],[121.52061,25.05762],[121.52035,25.06031],[121.51934,25.06283],[121.519,25.06466],[121.51928,25.066],[121.51963,25.0685],[121.52285,25.06844],[121.52244,25.06676],[121.52222,25.06483],[121.52266,25.06275],[121.52297,25.06031],[121.52285,25.05793]]]}},{"type":"Feature","properties":{"VILLCODE":"63000060020","VILLNAME":"斯文里","TOWNCODE":"63000060","TOWNNAME":"大同區","COUNTYNAME":"臺北市"},"geometry":{"type":"Polygon","coordinates":[[[121.51928,25.066],[121.51603,25.06586],[121.51584,25.06856],[121.51963,25.0685],[121.51928,25.066]]]}},{"type":"Feature","properties":{"VILLCODE":"63000060019","VILLNAME":"揚雅里","TOWNCODE":"63000060","TOWNNAME":"大同區","COUNTYNAME":"臺北市"},"geometry":{"type":"Polygon","coordinates":[[[121.51603,25.06586],[121.51369,25.06586],[121.51376,25.06858],[121.51584,25.06856],[121.51603,25.06586]]]}},{"type":"Feature","properties":{"VILLCODE":"63000060017","VILLNAME":"國順里","TOWNCODE":"63000060","TOWNNAME":"大同區","COUNTYNAME":"臺北市"},"geometry":{"type":"Polygon","coordinates":[[[121.51038,25.06586],[121.50688,25.06569],[121.507,25.06872],[121.51085,25.06867],[121.51101,25.06586],[121.51038,25.06586]]]}},{"type":"Feature","properties":{"VILLCODE":"63000100022","VILLNAME":"五分里","TOWNCODE":"63000100","TOWNNAME":"內湖區","COUNTYNAME":"臺北市"},"geometry":{"type":"Polygon","coordinates":[[[121.61795,25.06628],[121.61795,25.0662],[121.61713,25.06586],[121.61612,25.06396],[121.61426,25.06452],[121.61268,25.06429],[121.61186,25.06303],[121.61088,25.06527],[121.61208,25.06881],[121.61508,25.06853],[121.61745,25.06791],[121.61767,25.06763],[121.61761,25.0676],[121.61795,25.06628]]]}},{"type":"Feature","properties":{"VILLCODE":"63000060018","VILLNAME":"國慶里","TOWNCODE":"63000060","TOWNNAME":"大同區","COUNTYNAME":"臺北市"},"geometry":{"type":"Polygon","coordinates":[[[121.51369,25.06586],[121.51101,25.06586],[121.51085,25.06867],[121.51224,25.06864],[121.51224,25.07049],[121.51376,25.07052],[121.51376,25.06858],[121.51369,25.06586]]]}},{"type":"Feature","properties":{"VILLCODE":"63000100040","VILLNAME":"南湖里","TOWNCODE":"63000100","TOWNNAME":"內湖區","COUNTYNAME":"臺北市"},"geometry":{"type":"Polygon","coordinates":[[[121.61088,25.06527],[121.60545,25.06457],[121.60457,25.06525],[121.60482,25.066],[121.60366,25.06724],[121.60571,25.06942],[121.60694,25.07001],[121.60871,25.07021],[121.61025,25.06912],[121.61126,25.07041],[121.61183,25.06976],[121.61208,25.06881],[121.61088,25.06527]]]}},{"type":"Feature","properties":{"VILLCODE":"63000010010","VILLNAME":"精忠里","TOWNCODE":"63000010","TOWNNAME":"松山區","COUNTYNAME":"臺北市"},"geometry":{"type":"Polygon","coordinates":[[[121.5529,25.05624],[121.55176,25.05661],[121.54892,25.05565],[121.54895,25.05764],[121.55078,25.06146],[121.55022,25.06289],[121.54731,25.06519],[121.54434,25.06687],[121.54204,25.06828],[121.5391,25.06886],[121.53857,25.06942],[121.53876,25.0713],[121.54879,25.07108],[121.55031,25.07097],[121.55034,25.07147],[121.55236,25.07147],[121.55246,25.07184],[121.5547,25.07178],[121.55479,25.07035],[121.55808,25.07035],[121.56013,25.07001],[121.56445,25.06999],[121.56499,25.06948],[121.56805,25.06962],[121.56808,25.06825],[121.56515,25.06729],[121.56448,25.06522],[121.56382,25.06508],[121.56379,25.06289],[121.56306,25.06278],[121.56016,25.06244],[121.55457,25.06188],[121.55523,25.05821],[121.5529,25.05804],[121.5529,25.05624]]]}},{"type":"Feature","properties":{"VILLCODE":"63000060022","VILLNAME":"至聖里","TOWNCODE":"63000060","TOWNNAME":"大同區","COUNTYNAME":"臺北市"},"geometry":{"type":"Polygon","coordinates":[[[121.51963,25.0685],[121.51584,25.06856],[121.51376,25.06858],[121.51376,25.07052],[121.51379,25.07201],[121.5201,25.07184],[121.51963,25.0685]]]}},{"type":"Feature","properties":{"VILLCODE":"63000060021","VILLNAME":"鄰江里","TOWNCODE":"63000060","TOWNNAME":"大同區","COUNTYNAME":"臺北市"},"geometry":{"type":"Polygon","coordinates":[[[121.51085,25.06867],[121.507,25.06872],[121.50703,25.07049],[121.50659,25.07229],[121.51379,25.07201],[121.51376,25.07052],[121.51224,25.07049],[121.51224,25.06864],[121.51085,25.06867]]]}},{"type":"Feature","properties":{"VILLCODE":"63000100036","VILLNAME":"明湖里","TOWNCODE":"63000100","TOWNNAME":"內湖區","COUNTYNAME":"臺北市"},"geometry":{"type":"Polygon","coordinates":[[[121.61183,25.06976],[121.61126,25.07041],[121.60883,25.07192],[121.60912,25.07287],[121.61028,25.07304],[121.61145,25.07192],[121.61363,25.07251],[121.6135,25.07094],[121.61183,25.06976]]]}},{"type":"Feature","properties":{"VILLCODE":"63000100018","VILLNAME":"葫洲里","TOWNCODE":"63000100","TOWNNAME":"內湖區","COUNTYNAME":"臺北市"},"geometry":{"type":"Polygon","coordinates":[[[121.60366,25.06724],[121.60325,25.06735],[121.60274,25.06909],[121.6053,25.07276],[121.60631,25.07307],[121.60883,25.07192],[121.61126,25.07041],[121.61025,25.06912],[121.60871,25.07021],[121.60694,25.07001],[121.60571,25.06942],[121.60366,25.06724]]]}},{"type":"Feature","properties":{"VILLCODE":"63000100030","VILLNAME":"湖元里","TOWNCODE":"63000100","TOWNNAME":"內湖區","COUNTYNAME":"臺北市"},"geometry":{"type":"Polygon","coordinates":[[[121.57787,25.0577],[121.57443,25.05596],[121.57136,25.05394],[121.57162,25.05619],[121.57108,25.0591],[121.56941,25.06393],[121.56956,25.06497],[121.57133,25.06774],[121.57206,25.06976],[121.57209,25.0722],[121.57398,25.07229],[121.57916,25.07372],[121.58039,25.07257],[121.58434,25.06878],[121.58778,25.06903],[121.58768,25.06589],[121.58563,25.06673],[121.5856,25.06466],[121.58468,25.06264],[121.58374,25.06138],[121.58077,25.0591],[121.57787,25.0577]]]}},{"type":"Feature","properties":{"VILLCODE":"63000100024","VILLNAME":"樂康里","TOWNCODE":"63000100","TOWNNAME":"內湖區","COUNTYNAME":"臺北市"},"geometry":{"type":"Polygon","coordinates":[[[121.62061,25.0729],[121.62064,25.07282],[121.62127,25.07184],[121.62146,25.06957],[121.61849,25.0676],[121.6177,25.06763],[121.61767,25.06763],[121.61745,25.06791],[121.6183,25.06842],[121.61909,25.07063],[121.61783,25.07072],[121.61748,25.07254],[121.6166,25.07307],[121.61783,25.07372],[121.61947,25.07332],[121.62064,25.07324],[121.62064,25.07321],[121.62061,25.0729]]]}},{"type":"Feature","properties":{"VILLCODE":"63000060026","VILLNAME":"保安里","TOWNCODE":"63000060","TOWNNAME":"大同區","COUNTYNAME":"臺北市"},"geometry":{"type":"Polygon","coordinates":[[[121.5201,25.07184],[121.51379,25.07201],[121.51385,25.07453],[121.51729,25.07461],[121.52073,25.0736],[121.5201,25.07184]]]}},{"type":"Feature","properties":{"VILLCODE":"63000100023","VILLNAME":"東湖里","TOWNCODE":"63000100","TOWNNAME":"內湖區","COUNTYNAME":"臺北市"},"geometry":{"type":"Polygon","coordinates":[[[121.61745,25.06791],[121.61508,25.06853],[121.61597,25.07021],[121.61511,25.07453],[121.61552,25.07464],[121.6166,25.07307],[121.61748,25.07254],[121.61783,25.07072],[121.61909,25.07063],[121.6183,25.06842],[121.61745,25.06791]]]}},{"type":"Feature","properties":{"VILLCODE":"63000100031","VILLNAME":"安湖里","TOWNCODE":"63000100","TOWNNAME":"內湖區","COUNTYNAME":"臺北市"},"geometry":{"type":"Polygon","coordinates":[[[121.61508,25.06853],[121.61208,25.06881],[121.61183,25.06976],[121.6135,25.07094],[121.61363,25.07251],[121.61369,25.0747],[121.61511,25.07453],[121.61597,25.07021],[121.61508,25.06853]]]}},{"type":"Feature","properties":{"VILLCODE":"63000100029","VILLNAME":"湖興里","TOWNCODE":"63000100","TOWNNAME":"內湖區","COUNTYNAME":"臺北市"},"geometry":{"type":"Polygon","coordinates":[[[121.59037,25.06491],[121.58768,25.06589],[121.58778,25.06903],[121.58434,25.06878],[121.58039,25.07257],[121.58304,25.07307],[121.5838,25.07316],[121.58585,25.0733],[121.58718,25.07436],[121.59002,25.07501],[121.58977,25.07153],[121.59087,25.06892],[121.59037,25.06491]]]}},{"type":"Feature","properties":{"VILLCODE":"63000100039","VILLNAME":"寶湖里","TOWNCODE":"63000100","TOWNNAME":"內湖區","COUNTYNAME":"臺北市"},"geometry":{"type":"Polygon","coordinates":[[[121.60325,25.06735],[121.60246,25.06558],[121.59955,25.06651],[121.59576,25.06516],[121.59128,25.06684],[121.59109,25.0653],[121.59037,25.06491],[121.59087,25.06892],[121.58977,25.07153],[121.59002,25.07501],[121.59131,25.07428],[121.59286,25.07512],[121.59557,25.07576],[121.59668,25.07318],[121.59835,25.07332],[121.59838,25.07257],[121.59946,25.07296],[121.59943,25.07226],[121.60274,25.06909],[121.60325,25.06735]]]}},{"type":"Feature","properties":{"VILLCODE":"63000010002","VILLNAME":"莊敬里","TOWNCODE":"63000010","TOWNNAME":"松山區","COUNTYNAME":"臺北市"},"geometry":{"type":"Polygon","coordinates":[[[121.56499,25.06306],[121.56379,25.06289],[121.56382,25.06508],[121.56448,25.06522],[121.56515,25.06729],[121.56808,25.06825],[121.56805,25.06962],[121.56499,25.06948],[121.56445,25.06999],[121.56013,25.07001],[121.55808,25.07035],[121.55479,25.07035],[121.5547,25.07178],[121.55246,25.07184],[121.55236,25.07147],[121.55034,25.07147],[121.55031,25.07097],[121.54879,25.07108],[121.54949,25.07184],[121.55239,25.07296],[121.55265,25.07562],[121.55628,25.07487],[121.55789,25.07433],[121.5618,25.07245],[121.56322,25.07257],[121.56915,25.07618],[121.57058,25.07576],[121.57146,25.07431],[121.57209,25.0722],[121.57206,25.06976],[121.57133,25.06774],[121.56956,25.06497],[121.56941,25.06393],[121.56827,25.06351],[121.56499,25.06306]]]}},{"type":"Feature","properties":{"VILLCODE":"63000100021","VILLNAME":"瑞光里","TOWNCODE":"63000100","TOWNNAME":"內湖區","COUNTYNAME":"臺北市"},"geometry":{"type":"Polygon","coordinates":[[[121.58039,25.07257],[121.57916,25.07372],[121.57695,25.07512],[121.57828,25.07582],[121.57929,25.0763],[121.5809,25.07489],[121.5827,25.07489],[121.58304,25.07307],[121.58039,25.07257]]]}},{"type":"Feature","properties":{"VILLCODE":"63000040017","VILLNAME":"大佳里","TOWNCODE":"63000040","TOWNNAME":"中山區","COUNTYNAME":"臺北市"},"geometry":{"type":"Polygon","coordinates":[[[121.54434,25.06687],[121.54434,25.06645],[121.54264,25.06766],[121.54103,25.06808],[121.53832,25.06811],[121.53326,25.06819],[121.53342,25.07686],[121.54438,25.07641],[121.55022,25.07593],[121.55265,25.07562],[121.55239,25.07296],[121.54949,25.07184],[121.54879,25.07108],[121.53876,25.0713],[121.53857,25.06942],[121.5391,25.06886],[121.54204,25.06828],[121.54434,25.06687]]]}},{"type":"Feature","properties":{"VILLCODE":"63000040019","VILLNAME":"新庄里","TOWNCODE":"63000040","TOWNNAME":"中山區","COUNTYNAME":"臺北市"},"geometry":{"type":"Polygon","coordinates":[[[121.53033,25.06477],[121.52771,25.06483],[121.52774,25.06659],[121.52787,25.07086],[121.52664,25.07271],[121.52815,25.07394],[121.52799,25.07565],[121.52948,25.07689],[121.53342,25.07686],[121.53326,25.06819],[121.53052,25.06825],[121.53033,25.06477]]]}},{"type":"Feature","properties":{"VILLCODE":"63000040012","VILLNAME":"圓山里","TOWNCODE":"63000040","TOWNNAME":"中山區","COUNTYNAME":"臺北市"},"geometry":{"type":"Polygon","coordinates":[[[121.52774,25.06659],[121.52244,25.06676],[121.52285,25.06844],[121.51963,25.0685],[121.5201,25.07184],[121.52073,25.0736],[121.5225,25.07711],[121.52345,25.07641],[121.52499,25.07433],[121.52541,25.07318],[121.52664,25.07271],[121.52787,25.07086],[121.52774,25.06659]]]}},{"type":"Feature","properties":{"VILLCODE":"63000100035","VILLNAME":"康寧里","TOWNCODE":"63000100","TOWNNAME":"內湖區","COUNTYNAME":"臺北市"},"geometry":{"type":"Polygon","coordinates":[[[121.61363,25.07251],[121.61145,25.07192],[121.61028,25.07304],[121.60912,25.07287],[121.60918,25.07419],[121.61022,25.07523],[121.61076,25.07705],[121.6118,25.07787],[121.61477,25.07677],[121.61552,25.07464],[121.61511,25.07453],[121.61369,25.0747],[121.61363,25.07251]]]}},{"type":"Feature","properties":{"VILLCODE":"63000100020","VILLNAME":"瑞陽里","TOWNCODE":"63000100","TOWNNAME":"內湖區","COUNTYNAME":"臺北市"},"geometry":{"type":"Polygon","coordinates":[[[121.5838,25.07316],[121.58304,25.07307],[121.5827,25.07489],[121.5809,25.07489],[121.57929,25.0763],[121.57828,25.07582],[121.57926,25.07722],[121.57954,25.07848],[121.58361,25.07848],[121.5839,25.07848],[121.5838,25.07316]]]}},{"type":"Feature","properties":{"VILLCODE":"63000100034","VILLNAME":"金湖里","TOWNCODE":"63000100","TOWNNAME":"內湖區","COUNTYNAME":"臺北市"},"geometry":{"type":"Polygon","coordinates":[[[121.60912,25.07287],[121.60883,25.07192],[121.60631,25.07307],[121.6053,25.07276],[121.60274,25.06909],[121.59943,25.07226],[121.59946,25.07296],[121.59838,25.07257],[121.59835,25.07332],[121.59668,25.07318],[121.59557,25.07576],[121.59696,25.07652],[121.60119,25.07571],[121.60198,25.07593],[121.60258,25.07823],[121.60435,25.07843],[121.60476,25.07787],[121.6071,25.07834],[121.6071,25.07773],[121.60861,25.07829],[121.61076,25.07705],[121.61022,25.07523],[121.60918,25.07419],[121.60912,25.07287]]]}},{"type":"Feature","properties":{"VILLCODE":"63000060024","VILLNAME":"老師里","TOWNCODE":"63000060","TOWNNAME":"大同區","COUNTYNAME":"臺北市"},"geometry":{"type":"Polygon","coordinates":[[[121.51379,25.07201],[121.50659,25.07229],[121.50618,25.07442],[121.50467,25.07812],[121.50823,25.0784],[121.51126,25.07896],[121.51332,25.07997],[121.51395,25.07784],[121.51385,25.07453],[121.51379,25.07201]]]}},{"type":"Feature","properties":{"VILLCODE":"63000100016","VILLNAME":"紫雲里","TOWNCODE":"63000100","TOWNNAME":"內湖區","COUNTYNAME":"臺北市"},"geometry":{"type":"Polygon","coordinates":[[[121.59557,25.07576],[121.59286,25.07512],[121.59239,25.07703],[121.59305,25.07907],[121.59422,25.07961],[121.5964,25.07899],[121.59911,25.0798],[121.60056,25.07882],[121.60258,25.07823],[121.60198,25.07593],[121.60119,25.07571],[121.59696,25.07652],[121.59557,25.07576]]]}},{"type":"Feature","properties":{"VILLCODE":"63000060025","VILLNAME":"重慶里","TOWNCODE":"63000060","TOWNNAME":"大同區","COUNTYNAME":"臺北市"},"geometry":{"type":"Polygon","coordinates":[[[121.52073,25.0736],[121.51729,25.07461],[121.51385,25.07453],[121.51395,25.07784],[121.51332,25.07997],[121.51354,25.08078],[121.51414,25.07941],[121.51622,25.08025],[121.51625,25.08022],[121.51846,25.07888],[121.5225,25.07711],[121.52073,25.0736]]]}},{"type":"Feature","properties":{"VILLCODE":"63000100019","VILLNAME":"紫陽里","TOWNCODE":"63000100","TOWNNAME":"內湖區","COUNTYNAME":"臺北市"},"geometry":{"type":"Polygon","coordinates":[[[121.59002,25.07501],[121.58718,25.07436],[121.58585,25.0733],[121.5838,25.07316],[121.5839,25.07848],[121.58361,25.07848],[121.58295,25.07949],[121.58475,25.07958],[121.5868,25.08011],[121.58749,25.07941],[121.58866,25.08053],[121.58942,25.07924],[121.59027,25.07613],[121.59002,25.07501]]]}},{"type":"Feature","properties":{"VILLCODE":"63000040016","VILLNAME":"永安里","TOWNCODE":"63000040","TOWNNAME":"中山區","COUNTYNAME":"臺北市"},"geometry":{"type":"Polygon","coordinates":[[[121.55022,25.07593],[121.54438,25.07641],[121.5446,25.07972],[121.54741,25.07986],[121.54857,25.08121],[121.55173,25.08101],[121.55227,25.07916],[121.55132,25.07747],[121.55025,25.07733],[121.55022,25.07593]]]}},{"type":"Feature","properties":{"VILLCODE":"63000110014","VILLNAME":"明勝里","TOWNCODE":"63000110","TOWNNAME":"士林區","COUNTYNAME":"臺北市"},"geometry":{"type":"Polygon","coordinates":[[[121.52499,25.07433],[121.52345,25.07641],[121.5225,25.07711],[121.51846,25.07888],[121.51625,25.08022],[121.51821,25.0807],[121.51928,25.08149],[121.52212,25.08022],[121.52241,25.08073],[121.5243,25.08034],[121.52578,25.07503],[121.52499,25.07433]]]}},{"type":"Feature","properties":{"VILLCODE":"63000100005","VILLNAME":"港墘里","TOWNCODE":"63000100","TOWNNAME":"內湖區","COUNTYNAME":"臺北市"},"geometry":{"type":"Polygon","coordinates":[[[121.57916,25.07372],[121.57398,25.07229],[121.57209,25.0722],[121.57146,25.07431],[121.5725,25.07464],[121.57111,25.07652],[121.56868,25.07747],[121.57086,25.08151],[121.57446,25.08031],[121.57686,25.07941],[121.57954,25.07848],[121.57926,25.07722],[121.57828,25.07582],[121.57695,25.07512],[121.57916,25.07372]]]}},{"type":"Feature","properties":{"VILLCODE":"63000100011","VILLNAME":"紫星里","TOWNCODE":"63000100","TOWNNAME":"內湖區","COUNTYNAME":"臺北市"},"geometry":{"type":"Polygon","coordinates":[[[121.59286,25.07512],[121.59131,25.07428],[121.59002,25.07501],[121.59027,25.07613],[121.58942,25.07924],[121.59078,25.08059],[121.59232,25.0821],[121.59422,25.07961],[121.59305,25.07907],[121.59239,25.07703],[121.59286,25.07512]]]}},{"type":"Feature","properties":{"VILLCODE":"63000110016","VILLNAME":"富光里","TOWNCODE":"63000110","TOWNNAME":"士林區","COUNTYNAME":"臺北市"},"geometry":{"type":"Polygon","coordinates":[[[121.51126,25.07896],[121.50823,25.0784],[121.50467,25.07812],[121.50347,25.08126],[121.50795,25.08258],[121.51022,25.08264],[121.51126,25.07896]]]}},{"type":"Feature","properties":{"VILLCODE":"63000110013","VILLNAME":"福華里","TOWNCODE":"63000110","TOWNNAME":"士林區","COUNTYNAME":"臺北市"},"geometry":{"type":"Polygon","coordinates":[[[121.51625,25.08022],[121.51622,25.08025],[121.51467,25.08241],[121.51663,25.08314],[121.51944,25.08342],[121.51953,25.08244],[121.52253,25.08098],[121.52241,25.08073],[121.52212,25.08022],[121.51928,25.08149],[121.51821,25.0807],[121.51625,25.08022]]]}},{"type":"Feature","properties":{"VILLCODE":"63000100006","VILLNAME":"港都里","TOWNCODE":"63000100","TOWNNAME":"內湖區","COUNTYNAME":"臺北市"},"geometry":{"type":"Polygon","coordinates":[[[121.57686,25.07941],[121.57446,25.08031],[121.5749,25.08168],[121.57297,25.08216],[121.57329,25.0835],[121.57821,25.08213],[121.5778,25.08067],[121.57686,25.07941]]]}},{"type":"Feature","properties":{"VILLCODE":"63000110015","VILLNAME":"福順里","TOWNCODE":"63000110","TOWNNAME":"士林區","COUNTYNAME":"臺北市"},"geometry":{"type":"Polygon","coordinates":[[[121.51332,25.07997],[121.51126,25.07896],[121.51022,25.08264],[121.5101,25.08334],[121.51395,25.08404],[121.51467,25.08241],[121.51622,25.08025],[121.51414,25.07941],[121.51354,25.08078],[121.51332,25.07997]]]}},{"type":"Feature","properties":{"VILLCODE":"63000110012","VILLNAME":"承德里","TOWNCODE":"63000110","TOWNNAME":"士林區","COUNTYNAME":"臺北市"},"geometry":{"type":"Polygon","coordinates":[[[121.5243,25.08034],[121.52241,25.08073],[121.52253,25.08098],[121.51953,25.08244],[121.52045,25.08317],[121.52351,25.08426],[121.52534,25.08418],[121.52525,25.08193],[121.5243,25.08034]]]}},{"type":"Feature","properties":{"VILLCODE":"63000100017","VILLNAME":"清白里","TOWNCODE":"63000100","TOWNNAME":"內湖區","COUNTYNAME":"臺北市"},"geometry":{"type":"Polygon","coordinates":[[[121.60258,25.07823],[121.60056,25.07882],[121.59911,25.0798],[121.5964,25.07899],[121.59422,25.07961],[121.59232,25.0821],[121.59513,25.08418],[121.59737,25.08457],[121.5998,25.08146],[121.60173,25.08059],[121.60258,25.07823]]]}},{"type":"Feature","properties":{"VILLCODE":"63000040041","VILLNAME":"金泰里","TOWNCODE":"63000040","TOWNNAME":"中山區","COUNTYNAME":"臺北市"},"geometry":{"type":"Polygon","coordinates":[[[121.57146,25.07431],[121.57058,25.07576],[121.56915,25.07618],[121.56322,25.07257],[121.5618,25.07245],[121.55789,25.07433],[121.55628,25.07487],[121.55631,25.08463],[121.55776,25.08451],[121.55899,25.08499],[121.56111,25.08432],[121.5624,25.08118],[121.56439,25.07879],[121.56868,25.07747],[121.57111,25.07652],[121.5725,25.07464],[121.57146,25.07431]]]}},{"type":"Feature","properties":{"VILLCODE":"63000110011","VILLNAME":"百齡里","TOWNCODE":"63000110","TOWNNAME":"士林區","COUNTYNAME":"臺北市"},"geometry":{"type":"Polygon","coordinates":[[[121.51953,25.08244],[121.51944,25.08342],[121.51663,25.08314],[121.51467,25.08241],[121.51395,25.08404],[121.51401,25.08496],[121.51723,25.08533],[121.51938,25.08508],[121.52029,25.08491],[121.52045,25.08317],[121.51953,25.08244]]]}},{"type":"Feature","properties":{"VILLCODE":"63000100009","VILLNAME":"內湖里","TOWNCODE":"63000100","TOWNNAME":"內湖區","COUNTYNAME":"臺北市"},"geometry":{"type":"Polygon","coordinates":[[[121.59232,25.0821],[121.59078,25.08059],[121.58989,25.0837],[121.58904,25.08494],[121.59116,25.08541],[121.59438,25.0846],[121.59513,25.08418],[121.59232,25.0821]]]}},{"type":"Feature","properties":{"VILLCODE":"63000040015","VILLNAME":"成功里","TOWNCODE":"63000040","TOWNNAME":"中山區","COUNTYNAME":"臺北市"},"geometry":{"type":"Polygon","coordinates":[[[121.55628,25.07487],[121.55265,25.07562],[121.55022,25.07593],[121.55025,25.07733],[121.55132,25.07747],[121.55227,25.07916],[121.55173,25.08101],[121.54857,25.08121],[121.54933,25.08409],[121.55015,25.08516],[121.55205,25.08586],[121.55631,25.08463],[121.55628,25.07487]]]}},{"type":"Feature","properties":{"VILLCODE":"63000100001","VILLNAME":"西湖里","TOWNCODE":"63000100","TOWNNAME":"內湖區","COUNTYNAME":"臺北市"},"geometry":{"type":"Polygon","coordinates":[[[121.57086,25.08151],[121.56868,25.07747],[121.56439,25.07879],[121.56552,25.08235],[121.56552,25.08637],[121.57051,25.08645],[121.57013,25.08286],[121.56909,25.08205],[121.57086,25.08151]]]}},{"type":"Feature","properties":{"VILLCODE":"63000110017","VILLNAME":"葫蘆里","TOWNCODE":"63000110","TOWNNAME":"士林區","COUNTYNAME":"臺北市"},"geometry":{"type":"Polygon","coordinates":[[[121.51022,25.08264],[121.50795,25.08258],[121.50347,25.08126],[121.50167,25.08449],[121.50924,25.0867],[121.5101,25.08334],[121.51022,25.08264]]]}},{"type":"Feature","properties":{"VILLCODE":"63000100038","VILLNAME":"麗山里","TOWNCODE":"63000100","TOWNNAME":"內湖區","COUNTYNAME":"臺北市"},"geometry":{"type":"Polygon","coordinates":[[[121.57446,25.08031],[121.57086,25.08151],[121.56909,25.08205],[121.57013,25.08286],[121.57051,25.08645],[121.57064,25.08648],[121.57275,25.08569],[121.5719,25.08393],[121.57329,25.0835],[121.57297,25.08216],[121.5749,25.08168],[121.57446,25.08031]]]}},{"type":"Feature","properties":{"VILLCODE":"63000100013","VILLNAME":"金龍里","TOWNCODE":"63000100","TOWNNAME":"內湖區","COUNTYNAME":"臺北市"},"geometry":{"type":"Polygon","coordinates":[[[121.59737,25.08457],[121.59513,25.08418],[121.59438,25.0846],[121.59116,25.08541],[121.58904,25.08494],[121.58863,25.08544],[121.58964,25.08695],[121.59153,25.08614],[121.59333,25.08592],[121.59504,25.08746],[121.59658,25.08704],[121.59737,25.08457]]]}},{"type":"Feature","properties":{"VILLCODE":"63000100032","VILLNAME":"秀湖里","TOWNCODE":"63000100","TOWNNAME":"內湖區","COUNTYNAME":"臺北市"},"geometry":{"type":"Polygon","coordinates":[[[121.6071,25.07834],[121.60476,25.07787],[121.60435,25.07843],[121.60258,25.07823],[121.60173,25.08059],[121.5998,25.08146],[121.59737,25.08457],[121.59658,25.08704],[121.5976,25.0878],[121.60059,25.08681],[121.60094,25.08541],[121.60167,25.08583],[121.60211,25.08384],[121.60628,25.08224],[121.60722,25.08039],[121.6071,25.07834]]]}},{"type":"Feature","properties":{"VILLCODE":"63000110010","VILLNAME":"前港里","TOWNCODE":"63000110","TOWNNAME":"士林區","COUNTYNAME":"臺北市"},"geometry":{"type":"Polygon","coordinates":[[[121.52351,25.08426],[121.52045,25.08317],[121.52029,25.08491],[121.51938,25.08508],[121.51988,25.08861],[121.52159,25.08883],[121.52332,25.08564],[121.52351,25.08426]]]}},{"type":"Feature","properties":{"VILLCODE":"63000110018","VILLNAME":"葫東里","TOWNCODE":"63000110","TOWNNAME":"士林區","COUNTYNAME":"臺北市"},"geometry":{"type":"Polygon","coordinates":[[[121.51395,25.08404],[121.5101,25.08334],[121.50924,25.0867],[121.51063,25.08707],[121.51366,25.08909],[121.51401,25.08496],[121.51395,25.08404]]]}},{"type":"Feature","properties":{"VILLCODE":"63000100010","VILLNAME":"湖濱里","TOWNCODE":"63000100","TOWNNAME":"內湖區","COUNTYNAME":"臺北市"},"geometry":{"type":"Polygon","coordinates":[[[121.58942,25.07924],[121.58866,25.08053],[121.58749,25.07941],[121.5868,25.08011],[121.58475,25.07958],[121.58295,25.07949],[121.58115,25.08185],[121.58058,25.08188],[121.57995,25.08353],[121.58068,25.08538],[121.58033,25.08883],[121.58364,25.08623],[121.58535,25.08558],[121.58712,25.0867],[121.58863,25.08544],[121.58904,25.08494],[121.58989,25.0837],[121.59078,25.08059],[121.58942,25.07924]]]}},{"type":"Feature","properties":{"VILLCODE":"63000110009","VILLNAME":"福中里","TOWNCODE":"63000110","TOWNNAME":"士林區","COUNTYNAME":"臺北市"},"geometry":{"type":"Polygon","coordinates":[[[121.51938,25.08508],[121.51723,25.08533],[121.51401,25.08496],[121.51366,25.08909],[121.51549,25.08934],[121.51988,25.08861],[121.51938,25.08508]]]}},{"type":"Feature","properties":{"VILLCODE":"63000110020","VILLNAME":"社新里","TOWNCODE":"63000110","TOWNNAME":"士林區","COUNTYNAME":"臺北市"},"geometry":{"type":"Polygon","coordinates":[[[121.50924,25.0867],[121.50167,25.08449],[121.49977,25.08724],[121.49857,25.08836],[121.50132,25.09054],[121.5035,25.08939],[121.5053,25.08939],[121.50694,25.08954],[121.50795,25.08897],[121.50924,25.0867]]]}},{"type":"Feature","properties":{"VILLCODE":"63000100007","VILLNAME":"港富里","TOWNCODE":"63000100","TOWNNAME":"內湖區","COUNTYNAME":"臺北市"},"geometry":{"type":"Polygon","coordinates":[[[121.58361,25.07848],[121.57954,25.07848],[121.57686,25.07941],[121.5778,25.08067],[121.57821,25.08213],[121.57815,25.08395],[121.57903,25.08446],[121.57809,25.08673],[121.57815,25.08979],[121.57954,25.09035],[121.58033,25.08883],[121.58068,25.08538],[121.57995,25.08353],[121.58058,25.08188],[121.58115,25.08185],[121.58295,25.07949],[121.58361,25.07848]]]}},{"type":"Feature","properties":{"VILLCODE":"63000110002","VILLNAME":"義信里","TOWNCODE":"63000110","TOWNNAME":"士林區","COUNTYNAME":"臺北市"},"geometry":{"type":"Polygon","coordinates":[[[121.52534,25.08418],[121.52351,25.08426],[121.52332,25.08564],[121.52159,25.08883],[121.52395,25.09113],[121.52367,25.09052],[121.5255,25.09001],[121.52506,25.08844],[121.52553,25.08611],[121.52534,25.08418]]]}},{"type":"Feature","properties":{"VILLCODE":"63000100033","VILLNAME":"安泰里","TOWNCODE":"63000100","TOWNNAME":"內湖區","COUNTYNAME":"臺北市"},"geometry":{"type":"Polygon","coordinates":[[[121.61947,25.07332],[121.61783,25.07372],[121.6166,25.07307],[121.61552,25.07464],[121.61477,25.07677],[121.6118,25.07787],[121.61076,25.07705],[121.60861,25.07829],[121.60883,25.07949],[121.6111,25.08118],[121.61174,25.08289],[121.61066,25.08589],[121.61098,25.08771],[121.61218,25.08942],[121.61183,25.09091],[121.61363,25.09057],[121.61537,25.08937],[121.61704,25.08937],[121.61811,25.08993],[121.61843,25.08499],[121.61789,25.08322],[121.61896,25.08092],[121.61859,25.07885],[121.61947,25.07332]]]}},{"type":"Feature","properties":{"VILLCODE":"63000040013","VILLNAME":"劍潭里","TOWNCODE":"63000040","TOWNNAME":"中山區","COUNTYNAME":"臺北市"},"geometry":{"type":"Polygon","coordinates":[[[121.54438,25.07641],[121.53342,25.07686],[121.52948,25.07689],[121.52799,25.07565],[121.52815,25.07394],[121.52664,25.07271],[121.52541,25.07318],[121.52499,25.07433],[121.52578,25.07503],[121.5243,25.08034],[121.52525,25.08193],[121.52569,25.08135],[121.52888,25.08451],[121.53096,25.08502],[121.53282,25.08766],[121.53396,25.08816],[121.53592,25.09012],[121.53832,25.09167],[121.53993,25.09209],[121.54037,25.09122],[121.54305,25.09018],[121.54422,25.08847],[121.54409,25.08435],[121.54457,25.08415],[121.5446,25.07972],[121.54438,25.07641]]]}},{"type":"Feature","properties":{"VILLCODE":"63000110001","VILLNAME":"仁勇里","TOWNCODE":"63000110","TOWNNAME":"士林區","COUNTYNAME":"臺北市"},"geometry":{"type":"Polygon","coordinates":[[[121.52553,25.08611],[121.52506,25.08844],[121.5255,25.09001],[121.52367,25.09052],[121.52395,25.09113],[121.52458,25.09198],[121.52597,25.09231],[121.5267,25.09125],[121.52724,25.08973],[121.52714,25.08839],[121.52553,25.08611]]]}},{"type":"Feature","properties":{"VILLCODE":"63000040042","VILLNAME":"北安里","TOWNCODE":"63000040","TOWNNAME":"中山區","COUNTYNAME":"臺北市"},"geometry":{"type":"Polygon","coordinates":[[[121.55776,25.08451],[121.55631,25.08463],[121.55205,25.08586],[121.55015,25.08516],[121.54946,25.0855],[121.54895,25.09125],[121.54958,25.09186],[121.5511,25.09175],[121.55217,25.0924],[121.5535,25.08982],[121.55495,25.08861],[121.55729,25.08777],[121.55684,25.08693],[121.55776,25.08451]]]}},{"type":"Feature","properties":{"VILLCODE":"63000040014","VILLNAME":"大直里","TOWNCODE":"63000040","TOWNNAME":"中山區","COUNTYNAME":"臺北市"},"geometry":{"type":"Polygon","coordinates":[[[121.54857,25.08121],[121.54741,25.07986],[121.5446,25.07972],[121.54457,25.08415],[121.54409,25.08435],[121.54422,25.08847],[121.54305,25.09018],[121.54037,25.09122],[121.53993,25.09209],[121.54147,25.09287],[121.5422,25.09192],[121.54387,25.09178],[121.54501,25.09038],[121.54763,25.09066],[121.54895,25.09125],[121.54946,25.0855],[121.55015,25.08516],[121.54933,25.08409],[121.54857,25.08121]]]}},{"type":"Feature","properties":{"VILLCODE":"63000100008","VILLNAME":"港華里","TOWNCODE":"63000100","TOWNNAME":"內湖區","COUNTYNAME":"臺北市"},"geometry":{"type":"Polygon","coordinates":[[[121.57821,25.08213],[121.57329,25.0835],[121.5719,25.08393],[121.57275,25.08569],[121.57064,25.08648],[121.57133,25.0924],[121.57181,25.09352],[121.57364,25.09304],[121.5755,25.09139],[121.57705,25.09083],[121.57815,25.08979],[121.57809,25.08673],[121.57903,25.08446],[121.57815,25.08395],[121.57821,25.08213]]]}},{"type":"Feature","properties":{"VILLCODE":"63000110004","VILLNAME":"福德里","TOWNCODE":"63000110","TOWNNAME":"士林區","COUNTYNAME":"臺北市"},"geometry":{"type":"Polygon","coordinates":[[[121.52395,25.09113],[121.52159,25.08883],[121.51865,25.09242],[121.52108,25.09405],[121.52465,25.095],[121.52553,25.0952],[121.52695,25.09133],[121.5267,25.09125],[121.52597,25.09231],[121.52458,25.09198],[121.52395,25.09113]]]}},{"type":"Feature","properties":{"VILLCODE":"63000110019","VILLNAME":"社子里","TOWNCODE":"63000110","TOWNNAME":"士林區","COUNTYNAME":"臺北市"},"geometry":{"type":"Polygon","coordinates":[[[121.51366,25.08909],[121.51063,25.08707],[121.50924,25.0867],[121.50795,25.08897],[121.5088,25.09147],[121.50852,25.09408],[121.50754,25.09514],[121.50785,25.09593],[121.50883,25.09593],[121.50959,25.09557],[121.51231,25.0929],[121.51325,25.0915],[121.51366,25.08909]]]}},{"type":"Feature","properties":{"VILLCODE":"63000110021","VILLNAME":"社園里","TOWNCODE":"63000110","TOWNNAME":"士林區","COUNTYNAME":"臺北市"},"geometry":{"type":"Polygon","coordinates":[[[121.50795,25.08897],[121.50694,25.08954],[121.5053,25.08939],[121.50517,25.0922],[121.50568,25.09209],[121.50634,25.09638],[121.50785,25.09593],[121.50754,25.09514],[121.50852,25.09408],[121.5088,25.09147],[121.50795,25.08897]]]}},{"type":"Feature","properties":{"VILLCODE":"63000110022","VILLNAME":"永倫里","TOWNCODE":"63000110","TOWNNAME":"士林區","COUNTYNAME":"臺北市"},"geometry":{"type":"Polygon","coordinates":[[[121.5053,25.08939],[121.5035,25.08939],[121.50132,25.09054],[121.49857,25.08836],[121.49535,25.09119],[121.49728,25.09346],[121.49851,25.09414],[121.50012,25.09391],[121.50069,25.09666],[121.50258,25.09641],[121.50634,25.09638],[121.50568,25.09209],[121.50517,25.0922],[121.5053,25.08939]]]}},{"type":"Feature","properties":{"VILLCODE":"63000110008","VILLNAME":"後港里","TOWNCODE":"63000110","TOWNNAME":"士林區","COUNTYNAME":"臺北市"},"geometry":{"type":"Polygon","coordinates":[[[121.52159,25.08883],[121.51988,25.08861],[121.51549,25.08934],[121.51366,25.08909],[121.51325,25.0915],[121.51231,25.0929],[121.50959,25.09557],[121.50883,25.09593],[121.51092,25.09753],[121.51205,25.09789],[121.51309,25.09829],[121.51404,25.09604],[121.51549,25.09629],[121.51865,25.09242],[121.52159,25.08883]]]}},{"type":"Feature","properties":{"VILLCODE":"63000100002","VILLNAME":"西康里","TOWNCODE":"63000100","TOWNNAME":"內湖區","COUNTYNAME":"臺北市"},"geometry":{"type":"Polygon","coordinates":[[[121.56439,25.07879],[121.5624,25.08118],[121.56111,25.08432],[121.55899,25.08499],[121.55776,25.08451],[121.55684,25.08693],[121.55729,25.08777],[121.55495,25.08861],[121.5535,25.08982],[121.55217,25.0924],[121.55448,25.09273],[121.55489,25.09408],[121.55593,25.09436],[121.55694,25.09629],[121.55763,25.09632],[121.5588,25.09873],[121.55956,25.09815],[121.56199,25.09801],[121.56152,25.09604],[121.5629,25.09531],[121.56114,25.09495],[121.56193,25.09374],[121.56066,25.09371],[121.56016,25.09259],[121.56155,25.09209],[121.56092,25.09043],[121.56126,25.08639],[121.56256,25.0867],[121.56552,25.08637],[121.56552,25.08235],[121.56439,25.07879]]]}},{"type":"Feature","properties":{"VILLCODE":"63000100003","VILLNAME":"西安里","TOWNCODE":"63000100","TOWNNAME":"內湖區","COUNTYNAME":"臺北市"},"geometry":{"type":"Polygon","coordinates":[[[121.57051,25.08645],[121.56552,25.08637],[121.56256,25.0867],[121.56126,25.08639],[121.56092,25.09043],[121.56155,25.09209],[121.56016,25.09259],[121.56066,25.09371],[121.56193,25.09374],[121.56114,25.09495],[121.5629,25.09531],[121.56152,25.09604],[121.56199,25.09801],[121.56508,25.09899],[121.56698,25.09913],[121.56777,25.09843],[121.57029,25.09447],[121.57181,25.09352],[121.57133,25.0924],[121.57064,25.08648],[121.57051,25.08645]]]}},{"type":"Feature","properties":{"VILLCODE":"63000110007","VILLNAME":"福佳里","TOWNCODE":"63000110","TOWNNAME":"士林區","COUNTYNAME":"臺北市"},"geometry":{"type":"Polygon","coordinates":[[[121.52465,25.095],[121.52108,25.09405],[121.51865,25.09242],[121.51549,25.09629],[121.51404,25.09604],[121.51309,25.09829],[121.51691,25.09935],[121.51903,25.09924],[121.52143,25.0982],[121.52357,25.09885],[121.52465,25.095]]]}},{"type":"Feature","properties":{"VILLCODE":"63000110003","VILLNAME":"福林里","TOWNCODE":"63000110","TOWNNAME":"士林區","COUNTYNAME":"臺北市"},"geometry":{"type":"Polygon","coordinates":[[[121.52525,25.08193],[121.52534,25.08418],[121.52553,25.08611],[121.52714,25.08839],[121.52724,25.08973],[121.5267,25.09125],[121.52695,25.09133],[121.52553,25.0952],[121.5279,25.09573],[121.53232,25.09655],[121.53601,25.09899],[121.53715,25.10017],[121.53847,25.0993],[121.54034,25.09803],[121.54232,25.09764],[121.54384,25.0959],[121.54535,25.09579],[121.5469,25.09486],[121.54848,25.09478],[121.55003,25.09329],[121.54958,25.09186],[121.54895,25.09125],[121.54763,25.09066],[121.54501,25.09038],[121.54387,25.09178],[121.5422,25.09192],[121.54147,25.09287],[121.53993,25.09209],[121.53832,25.09167],[121.53592,25.09012],[121.53396,25.08816],[121.53282,25.08766],[121.53096,25.08502],[121.52888,25.08451],[121.52569,25.08135],[121.52525,25.08193]]]}},{"type":"Feature","properties":{"VILLCODE":"63000110006","VILLNAME":"舊佳里","TOWNCODE":"63000110","TOWNNAME":"士林區","COUNTYNAME":"臺北市"},"geometry":{"type":"Polygon","coordinates":[[[121.52553,25.0952],[121.52465,25.095],[121.52357,25.09885],[121.52522,25.10022],[121.5267,25.10008],[121.5279,25.09573],[121.52553,25.0952]]]}},{"type":"Feature","properties":{"VILLCODE":"63000110005","VILLNAME":"福志里","TOWNCODE":"63000110","TOWNNAME":"士林區","COUNTYNAME":"臺北市"},"geometry":{"type":"Polygon","coordinates":[[[121.53715,25.10017],[121.53601,25.09899],[121.53232,25.09655],[121.5279,25.09573],[121.5267,25.10008],[121.52796,25.10031],[121.52957,25.09955],[121.53273,25.10064],[121.53576,25.10078],[121.53715,25.10017]]]}},{"type":"Feature","properties":{"VILLCODE":"63000110028","VILLNAME":"德華里","TOWNCODE":"63000110","TOWNNAME":"士林區","COUNTYNAME":"臺北市"},"geometry":{"type":"Polygon","coordinates":[[[121.52357,25.09885],[121.52143,25.0982],[121.51903,25.09924],[121.51691,25.09935],[121.51852,25.1035],[121.51928,25.10384],[121.5196,25.10325],[121.52215,25.10474],[121.52269,25.10188],[121.52357,25.09885]]]}},{"type":"Feature","properties":{"VILLCODE":"63000100012","VILLNAME":"大湖里","TOWNCODE":"63000100","TOWNNAME":"內湖區","COUNTYNAME":"臺北市"},"geometry":{"type":"Polygon","coordinates":[[[121.60861,25.07829],[121.6071,25.07773],[121.6071,25.07834],[121.60722,25.08039],[121.60628,25.08224],[121.60211,25.08384],[121.60167,25.08583],[121.60094,25.08541],[121.60059,25.08681],[121.5976,25.0878],[121.59658,25.08704],[121.59516,25.08973],[121.59463,25.0922],[121.5915,25.09349],[121.59059,25.09439],[121.59046,25.09629],[121.59295,25.0959],[121.59378,25.09545],[121.59567,25.09543],[121.59415,25.09646],[121.59415,25.09801],[121.59554,25.09913],[121.59731,25.10378],[121.59838,25.10519],[121.59949,25.10429],[121.5992,25.10364],[121.60072,25.10347],[121.601,25.1016],[121.60362,25.09773],[121.6034,25.09632],[121.60482,25.09655],[121.60722,25.0954],[121.60899,25.09512],[121.61196,25.09425],[121.61183,25.09091],[121.61218,25.08942],[121.61098,25.08771],[121.61066,25.08589],[121.61174,25.08289],[121.6111,25.08118],[121.60883,25.07949],[121.60861,25.07829]]]}},{"type":"Feature","properties":{"VILLCODE":"63000110026","VILLNAME":"名山里","TOWNCODE":"63000110","TOWNNAME":"士林區","COUNTYNAME":"臺北市"},"geometry":{"type":"Polygon","coordinates":[[[121.53273,25.10064],[121.52957,25.09955],[121.52796,25.10031],[121.5267,25.10008],[121.52484,25.10398],[121.52755,25.10457],[121.52888,25.10549],[121.53128,25.10577],[121.53115,25.1046],[121.53285,25.1042],[121.53339,25.10367],[121.53361,25.1014],[121.53273,25.10064]]]}},{"type":"Feature","properties":{"VILLCODE":"63000110027","VILLNAME":"德行里","TOWNCODE":"63000110","TOWNNAME":"士林區","COUNTYNAME":"臺北市"},"geometry":{"type":"Polygon","coordinates":[[[121.5267,25.10008],[121.52522,25.10022],[121.52357,25.09885],[121.52269,25.10188],[121.52215,25.10474],[121.5249,25.10648],[121.52484,25.10398],[121.5267,25.10008]]]}},{"type":"Feature","properties":{"VILLCODE":"63000100014","VILLNAME":"金瑞里","TOWNCODE":"63000100","TOWNNAME":"內湖區","COUNTYNAME":"臺北市"},"geometry":{"type":"Polygon","coordinates":[[[121.58964,25.08695],[121.58863,25.08544],[121.58712,25.0867],[121.58535,25.08558],[121.58364,25.08623],[121.58033,25.08883],[121.57954,25.09035],[121.57815,25.08979],[121.57705,25.09083],[121.5755,25.09139],[121.57364,25.09304],[121.57181,25.09352],[121.57029,25.09447],[121.56777,25.09843],[121.56698,25.09913],[121.56871,25.1023],[121.56941,25.10434],[121.57032,25.10544],[121.57269,25.10606],[121.57392,25.10673],[121.5766,25.10687],[121.57711,25.10594],[121.579,25.1051],[121.57922,25.10305],[121.58011,25.10353],[121.5809,25.10106],[121.58257,25.10005],[121.58396,25.1],[121.58156,25.09719],[121.58162,25.09601],[121.57995,25.0943],[121.58004,25.09268],[121.58105,25.09268],[121.5827,25.09419],[121.58412,25.09293],[121.58494,25.09318],[121.58538,25.09195],[121.58607,25.092],[121.58749,25.08942],[121.58743,25.08878],[121.58964,25.08695]]]}},{"type":"Feature","properties":{"VILLCODE":"63000110030","VILLNAME":"忠誠里","TOWNCODE":"63000110","TOWNNAME":"士林區","COUNTYNAME":"臺北市"},"geometry":{"type":"Polygon","coordinates":[[[121.52888,25.10549],[121.52755,25.10457],[121.52484,25.10398],[121.5249,25.10648],[121.529,25.10791],[121.53033,25.10836],[121.52989,25.10687],[121.52888,25.10549]]]}},{"type":"Feature","properties":{"VILLCODE":"63000110025","VILLNAME":"岩山里","TOWNCODE":"63000110","TOWNNAME":"士林區","COUNTYNAME":"臺北市"},"geometry":{"type":"Polygon","coordinates":[[[121.53847,25.0993],[121.53715,25.10017],[121.53576,25.10078],[121.53273,25.10064],[121.53361,25.1014],[121.53339,25.10367],[121.53285,25.1042],[121.53115,25.1046],[121.53128,25.10577],[121.53222,25.10639],[121.5327,25.10774],[121.53336,25.10765],[121.53443,25.1076],[121.53579,25.10852],[121.53718,25.10751],[121.53702,25.10636],[121.53895,25.10314],[121.53999,25.10171],[121.53993,25.10073],[121.5391,25.09994],[121.53847,25.0993]]]}},{"type":"Feature","properties":{"VILLCODE":"63000100025","VILLNAME":"內溝里","TOWNCODE":"63000100","TOWNNAME":"內湖區","COUNTYNAME":"臺北市"},"geometry":{"type":"Polygon","coordinates":[[[121.62758,25.08432],[121.62768,25.08255],[121.62594,25.08193],[121.62417,25.08],[121.62427,25.07812],[121.62474,25.0777],[121.62342,25.07728],[121.62275,25.07464],[121.62174,25.07484],[121.62067,25.07327],[121.62064,25.07324],[121.61947,25.07332],[121.61859,25.07885],[121.61896,25.08092],[121.61789,25.08322],[121.61843,25.08499],[121.61811,25.08993],[121.61704,25.08937],[121.61537,25.08937],[121.61363,25.09057],[121.61183,25.09091],[121.61196,25.09425],[121.60899,25.09512],[121.60722,25.0954],[121.60482,25.09655],[121.6034,25.09632],[121.60362,25.09773],[121.601,25.1016],[121.60072,25.10347],[121.5992,25.10364],[121.59949,25.10429],[121.59838,25.10519],[121.59861,25.10715],[121.59946,25.10858],[121.60293,25.10816],[121.60476,25.10735],[121.60801,25.10676],[121.61038,25.10519],[121.61385,25.10448],[121.61546,25.10384],[121.6172,25.10143],[121.61723,25.1014],[121.61726,25.10129],[121.62329,25.09691],[121.62553,25.097],[121.626,25.09646],[121.62604,25.09643],[121.6261,25.09632],[121.62506,25.09366],[121.62632,25.09147],[121.626,25.09052],[121.62806,25.08839],[121.62862,25.08645],[121.62758,25.08432]]]}},{"type":"Feature","properties":{"VILLCODE":"63000120001","VILLNAME":"建民里","TOWNCODE":"63000120","TOWNNAME":"北投區","COUNTYNAME":"臺北市"},"geometry":{"type":"Polygon","coordinates":[[[121.51309,25.09829],[121.51205,25.09789],[121.51177,25.10003],[121.51038,25.10168],[121.50871,25.1023],[121.50744,25.10353],[121.50713,25.10471],[121.50565,25.10634],[121.50571,25.10707],[121.50713,25.10886],[121.50839,25.10819],[121.51133,25.10866],[121.51256,25.10951],[121.5166,25.10611],[121.51796,25.1074],[121.51922,25.10917],[121.52108,25.10648],[121.51991,25.10426],[121.51928,25.10384],[121.51852,25.1035],[121.51691,25.09935],[121.51309,25.09829]]]}},{"type":"Feature","properties":{"VILLCODE":"63000110029","VILLNAME":"聖山里","TOWNCODE":"63000110","TOWNNAME":"士林區","COUNTYNAME":"臺北市"},"geometry":{"type":"Polygon","coordinates":[[[121.53128,25.10577],[121.52888,25.10549],[121.52989,25.10687],[121.53033,25.10836],[121.53415,25.1097],[121.53336,25.10765],[121.5327,25.10774],[121.53222,25.10639],[121.53128,25.10577]]]}},{"type":"Feature","properties":{"VILLCODE":"63000120002","VILLNAME":"文林里","TOWNCODE":"63000120","TOWNNAME":"北投區","COUNTYNAME":"臺北市"},"geometry":{"type":"Polygon","coordinates":[[[121.51796,25.1074],[121.5166,25.10611],[121.51256,25.10951],[121.51218,25.10984],[121.51467,25.11063],[121.5154,25.10922],[121.51796,25.1074]]]}},{"type":"Feature","properties":{"VILLCODE":"63000120003","VILLNAME":"石牌里","TOWNCODE":"63000120","TOWNNAME":"北投區","COUNTYNAME":"臺北市"},"geometry":{"type":"Polygon","coordinates":[[[121.51922,25.10917],[121.51796,25.1074],[121.5154,25.10922],[121.51467,25.11063],[121.51764,25.11141],[121.51922,25.10917]]]}},{"type":"Feature","properties":{"VILLCODE":"63000110034","VILLNAME":"蘭雅里","TOWNCODE":"63000110","TOWNNAME":"士林區","COUNTYNAME":"臺北市"},"geometry":{"type":"Polygon","coordinates":[[[121.529,25.10791],[121.5249,25.10648],[121.52556,25.11074],[121.52594,25.11169],[121.53001,25.11225],[121.529,25.10791]]]}},{"type":"Feature","properties":{"VILLCODE":"63000110050","VILLNAME":"翠山里","TOWNCODE":"63000110","TOWNNAME":"士林區","COUNTYNAME":"臺北市"},"geometry":{"type":"Polygon","coordinates":[[[121.56698,25.09913],[121.56508,25.09899],[121.56199,25.09801],[121.55994,25.10039],[121.56016,25.10168],[121.55965,25.10362],[121.55871,25.10566],[121.55909,25.10634],[121.55877,25.10872],[121.55883,25.11094],[121.55773,25.11094],[121.55861,25.11211],[121.56019,25.11223],[121.56208,25.11141],[121.56253,25.11183],[121.56552,25.11253],[121.5671,25.11256],[121.5701,25.11037],[121.57244,25.11004],[121.57357,25.10886],[121.57392,25.10673],[121.57269,25.10606],[121.57032,25.10544],[121.56941,25.10434],[121.56871,25.1023],[121.56698,25.09913]]]}},{"type":"Feature","properties":{"VILLCODE":"63000110051","VILLNAME":"臨溪里","TOWNCODE":"63000110","TOWNNAME":"士林區","COUNTYNAME":"臺北市"},"geometry":{"type":"Polygon","coordinates":[[[121.55217,25.0924],[121.5511,25.09175],[121.54958,25.09186],[121.55003,25.09329],[121.54848,25.09478],[121.5469,25.09486],[121.54535,25.09579],[121.54384,25.0959],[121.54232,25.09764],[121.54034,25.09803],[121.53847,25.0993],[121.5391,25.09994],[121.54008,25.09932],[121.54258,25.09845],[121.54365,25.0984],[121.54491,25.09935],[121.54475,25.10199],[121.54516,25.10261],[121.54864,25.10359],[121.55258,25.10735],[121.55403,25.10936],[121.55498,25.11012],[121.5558,25.11223],[121.55681,25.11318],[121.55703,25.11287],[121.55861,25.11211],[121.55773,25.11094],[121.55883,25.11094],[121.55877,25.10872],[121.55909,25.10634],[121.55871,25.10566],[121.55965,25.10362],[121.56016,25.10168],[121.55994,25.10039],[121.56199,25.09801],[121.55956,25.09815],[121.5588,25.09873],[121.55763,25.09632],[121.55694,25.09629],[121.55593,25.09436],[121.55489,25.09408],[121.55448,25.09273],[121.55217,25.0924]]]}},{"type":"Feature","properties":{"VILLCODE":"63000120019","VILLNAME":"洲美里","TOWNCODE":"63000120","TOWNNAME":"北投區","COUNTYNAME":"臺北市"},"geometry":{"type":"Polygon","coordinates":[[[121.50883,25.09593],[121.50785,25.09593],[121.50634,25.09638],[121.50258,25.09641],[121.50069,25.09666],[121.49734,25.0982],[121.49693,25.10047],[121.49706,25.10698],[121.49681,25.10878],[121.49589,25.11158],[121.49498,25.11281],[121.49706,25.11346],[121.49753,25.11298],[121.49738,25.11054],[121.50018,25.11071],[121.50293,25.10962],[121.50451,25.10864],[121.50596,25.10914],[121.50713,25.10886],[121.50571,25.10707],[121.50565,25.10634],[121.50713,25.10471],[121.50744,25.10353],[121.50871,25.1023],[121.51038,25.10168],[121.51177,25.10003],[121.51205,25.09789],[121.51092,25.09753],[121.50883,25.09593]]]}},{"type":"Feature","properties":{"VILLCODE":"63000110035","VILLNAME":"蘭興里","TOWNCODE":"63000110","TOWNNAME":"士林區","COUNTYNAME":"臺北市"},"geometry":{"type":"Polygon","coordinates":[[[121.52215,25.10474],[121.5196,25.10325],[121.51928,25.10384],[121.51991,25.10426],[121.52108,25.10648],[121.52118,25.10892],[121.52244,25.10951],[121.52279,25.11096],[121.52515,25.11136],[121.52582,25.11281],[121.52541,25.11377],[121.52651,25.11273],[121.52594,25.11169],[121.52556,25.11074],[121.5249,25.10648],[121.52215,25.10474]]]}},{"type":"Feature","properties":{"VILLCODE":"63000120004","VILLNAME":"福興里","TOWNCODE":"63000120","TOWNNAME":"北投區","COUNTYNAME":"臺北市"},"geometry":{"type":"Polygon","coordinates":[[[121.51256,25.10951],[121.51133,25.10866],[121.50839,25.10819],[121.50713,25.10886],[121.50763,25.10928],[121.50688,25.11051],[121.50464,25.112],[121.50552,25.11262],[121.50621,25.11217],[121.50858,25.11307],[121.50921,25.11245],[121.51221,25.11402],[121.51467,25.11063],[121.51218,25.10984],[121.51256,25.10951]]]}},{"type":"Feature","properties":{"VILLCODE":"63000120014","VILLNAME":"吉慶里","TOWNCODE":"63000120","TOWNNAME":"北投區","COUNTYNAME":"臺北市"},"geometry":{"type":"Polygon","coordinates":[[[121.50713,25.10886],[121.50596,25.10914],[121.50451,25.10864],[121.50293,25.10962],[121.50018,25.11071],[121.50154,25.11166],[121.50337,25.11447],[121.5053,25.1136],[121.50618,25.11377],[121.5082,25.115],[121.50965,25.11523],[121.51164,25.11525],[121.51221,25.11402],[121.50921,25.11245],[121.50858,25.11307],[121.50621,25.11217],[121.50552,25.11262],[121.50464,25.112],[121.50688,25.11051],[121.50763,25.10928],[121.50713,25.10886]]]}},{"type":"Feature","properties":{"VILLCODE":"63000110023","VILLNAME":"福安里","TOWNCODE":"63000110","TOWNNAME":"士林區","COUNTYNAME":"臺北市"},"geometry":{"type":"Polygon","coordinates":[[[121.50069,25.09666],[121.50012,25.09391],[121.49851,25.09414],[121.49728,25.09346],[121.49535,25.09119],[121.49261,25.09346],[121.4891,25.09686],[121.48607,25.09876],[121.48412,25.09946],[121.48642,25.10202],[121.48724,25.10364],[121.48832,25.10378],[121.49431,25.10631],[121.49315,25.10768],[121.4922,25.10757],[121.48699,25.10802],[121.48595,25.10976],[121.48314,25.10953],[121.48065,25.10965],[121.47866,25.10931],[121.47613,25.11155],[121.47534,25.11144],[121.47793,25.11239],[121.48052,25.11301],[121.48712,25.115],[121.48907,25.11534],[121.49207,25.11467],[121.49498,25.11281],[121.49589,25.11158],[121.49681,25.10878],[121.49706,25.10698],[121.49693,25.10047],[121.49734,25.0982],[121.50069,25.09666]]]}},{"type":"Feature","properties":{"VILLCODE":"63000120005","VILLNAME":"榮光里","TOWNCODE":"63000120","TOWNNAME":"北投區","COUNTYNAME":"臺北市"},"geometry":{"type":"Polygon","coordinates":[[[121.51764,25.11141],[121.51467,25.11063],[121.51221,25.11402],[121.51499,25.11525],[121.51587,25.11402],[121.51764,25.11141]]]}},{"type":"Feature","properties":{"VILLCODE":"63000120007","VILLNAME":"裕民里","TOWNCODE":"63000120","TOWNNAME":"北投區","COUNTYNAME":"臺北市"},"geometry":{"type":"Polygon","coordinates":[[[121.51922,25.10917],[121.51764,25.11141],[121.51587,25.11402],[121.51688,25.1154],[121.51979,25.11416],[121.51947,25.11228],[121.52155,25.11192],[121.5202,25.10995],[121.51922,25.10917]]]}},{"type":"Feature","properties":{"VILLCODE":"63000100015","VILLNAME":"碧山里","TOWNCODE":"63000100","TOWNNAME":"內湖區","COUNTYNAME":"臺北市"},"geometry":{"type":"Polygon","coordinates":[[[121.59567,25.11413],[121.59551,25.11349],[121.59747,25.10953],[121.59943,25.10861],[121.59946,25.10858],[121.59861,25.10715],[121.59838,25.10519],[121.59731,25.10378],[121.59554,25.09913],[121.59415,25.09801],[121.59415,25.09646],[121.59567,25.09543],[121.59378,25.09545],[121.59295,25.0959],[121.59046,25.09629],[121.59059,25.09439],[121.5915,25.09349],[121.59463,25.0922],[121.59516,25.08973],[121.59658,25.08704],[121.59504,25.08746],[121.59333,25.08592],[121.59153,25.08614],[121.58964,25.08695],[121.58743,25.08878],[121.58749,25.08942],[121.58607,25.092],[121.58538,25.09195],[121.58494,25.09318],[121.58412,25.09293],[121.5827,25.09419],[121.58105,25.09268],[121.58004,25.09268],[121.57995,25.0943],[121.58162,25.09601],[121.58156,25.09719],[121.58396,25.1],[121.58257,25.10005],[121.5809,25.10106],[121.58011,25.10353],[121.57922,25.10305],[121.579,25.1051],[121.5803,25.10695],[121.58172,25.10678],[121.58525,25.10855],[121.58661,25.1108],[121.58803,25.11377],[121.58983,25.11422],[121.5903,25.11366],[121.59371,25.11509],[121.59567,25.11413]]]}},{"type":"Feature","properties":{"VILLCODE":"63000110024","VILLNAME":"富洲里","TOWNCODE":"63000110","TOWNNAME":"士林區","COUNTYNAME":"臺北市"},"geometry":{"type":"Polygon","coordinates":[[[121.46265,25.10317],[121.46139,25.10384],[121.45795,25.10645],[121.45779,25.10659],[121.4577,25.1067],[121.45719,25.10864],[121.45833,25.11169],[121.45902,25.1127],[121.46085,25.11604],[121.46092,25.11618],[121.4618,25.11523],[121.46688,25.11169],[121.46893,25.11088],[121.47231,25.11066],[121.47534,25.11144],[121.47613,25.11155],[121.47866,25.10931],[121.48065,25.10965],[121.48314,25.10953],[121.48595,25.10976],[121.48699,25.10802],[121.4922,25.10757],[121.49315,25.10768],[121.49431,25.10631],[121.48832,25.10378],[121.48724,25.10364],[121.48642,25.10202],[121.48412,25.09946],[121.48109,25.10087],[121.47831,25.1014],[121.4732,25.1016],[121.46638,25.10165],[121.46265,25.10317]]]}},{"type":"Feature","properties":{"VILLCODE":"63000110037","VILLNAME":"天祿里","TOWNCODE":"63000110","TOWNNAME":"士林區","COUNTYNAME":"臺北市"},"geometry":{"type":"Polygon","coordinates":[[[121.53001,25.11225],[121.52594,25.11169],[121.52651,25.11273],[121.52859,25.1164],[121.52963,25.11441],[121.53181,25.11343],[121.53106,25.11239],[121.53001,25.11225]]]}},{"type":"Feature","properties":{"VILLCODE":"63000110043","VILLNAME":"永福里","TOWNCODE":"63000110","TOWNNAME":"士林區","COUNTYNAME":"臺北市"},"geometry":{"type":"Polygon","coordinates":[[[121.5391,25.09994],[121.53993,25.10073],[121.53999,25.10171],[121.53895,25.10314],[121.5404,25.10398],[121.54122,25.10577],[121.54277,25.10721],[121.54365,25.10931],[121.54516,25.11068],[121.54977,25.11214],[121.55031,25.11371],[121.5516,25.11357],[121.554,25.11509],[121.55523,25.11469],[121.5565,25.11663],[121.55631,25.11391],[121.55681,25.11318],[121.5558,25.11223],[121.55498,25.11012],[121.55403,25.10936],[121.55258,25.10735],[121.54864,25.10359],[121.54516,25.10261],[121.54475,25.10199],[121.54491,25.09935],[121.54365,25.0984],[121.54258,25.09845],[121.54008,25.09932],[121.5391,25.09994]]]}},{"type":"Feature","properties":{"VILLCODE":"63000110033","VILLNAME":"三玉里","TOWNCODE":"63000110","TOWNNAME":"士林區","COUNTYNAME":"臺北市"},"geometry":{"type":"Polygon","coordinates":[[[121.53033,25.10836],[121.529,25.10791],[121.53001,25.11225],[121.53106,25.11239],[121.53181,25.11343],[121.53409,25.11646],[121.53465,25.11809],[121.53895,25.11817],[121.53917,25.11391],[121.53737,25.11346],[121.53453,25.11281],[121.53506,25.10987],[121.53415,25.1097],[121.53033,25.10836]]]}},{"type":"Feature","properties":{"VILLCODE":"63000110036","VILLNAME":"天福里","TOWNCODE":"63000110","TOWNNAME":"士林區","COUNTYNAME":"臺北市"},"geometry":{"type":"Polygon","coordinates":[[[121.53181,25.11343],[121.52963,25.11441],[121.52859,25.1164],[121.53008,25.11826],[121.53169,25.118],[121.53456,25.11809],[121.53465,25.11809],[121.53409,25.11646],[121.53181,25.11343]]]}},{"type":"Feature","properties":{"VILLCODE":"63000120016","VILLNAME":"立賢里","TOWNCODE":"63000120","TOWNNAME":"北投區","COUNTYNAME":"臺北市"},"geometry":{"type":"Polygon","coordinates":[[[121.50018,25.11071],[121.49738,25.11054],[121.49753,25.11298],[121.49706,25.11346],[121.5005,25.11461],[121.50388,25.11733],[121.50391,25.11798],[121.5065,25.11854],[121.5082,25.115],[121.50618,25.11377],[121.5053,25.1136],[121.50337,25.11447],[121.50154,25.11166],[121.50018,25.11071]]]}},{"type":"Feature","properties":{"VILLCODE":"63000120015","VILLNAME":"尊賢里","TOWNCODE":"63000120","TOWNNAME":"北投區","COUNTYNAME":"臺北市"},"geometry":{"type":"Polygon","coordinates":[[[121.50965,25.11523],[121.5082,25.115],[121.5065,25.11854],[121.50836,25.11859],[121.50956,25.11697],[121.50965,25.11523]]]}},{"type":"Feature","properties":{"VILLCODE":"63000110038","VILLNAME":"天壽里","TOWNCODE":"63000110","TOWNNAME":"士林區","COUNTYNAME":"臺北市"},"geometry":{"type":"Polygon","coordinates":[[[121.52651,25.11273],[121.52541,25.11377],[121.52499,25.11612],[121.52354,25.1175],[121.52398,25.11862],[121.52509,25.11842],[121.53014,25.11837],[121.53008,25.11826],[121.52859,25.1164],[121.52651,25.11273]]]}},{"type":"Feature","properties":{"VILLCODE":"63000120013","VILLNAME":"吉利里","TOWNCODE":"63000120","TOWNNAME":"北投區","COUNTYNAME":"臺北市"},"geometry":{"type":"Polygon","coordinates":[[[121.51221,25.11402],[121.51164,25.11525],[121.50965,25.11523],[121.50956,25.11697],[121.50836,25.11859],[121.51013,25.11845],[121.51117,25.11792],[121.51338,25.11764],[121.51499,25.11525],[121.51221,25.11402]]]}},{"type":"Feature","properties":{"VILLCODE":"63000120008","VILLNAME":"振華里","TOWNCODE":"63000120","TOWNNAME":"北投區","COUNTYNAME":"臺北市"},"geometry":{"type":"Polygon","coordinates":[[[121.51587,25.11402],[121.51499,25.11525],[121.51568,25.11562],[121.51654,25.11741],[121.51887,25.11876],[121.52133,25.11896],[121.52228,25.11764],[121.52032,25.11666],[121.52007,25.11551],[121.52174,25.11517],[121.52219,25.11382],[121.52155,25.11192],[121.51947,25.11228],[121.51979,25.11416],[121.51688,25.1154],[121.51587,25.11402]]]}},{"type":"Feature","properties":{"VILLCODE":"63000120011","VILLNAME":"永明里","TOWNCODE":"63000120","TOWNNAME":"北投區","COUNTYNAME":"臺北市"},"geometry":{"type":"Polygon","coordinates":[[[121.51499,25.11525],[121.51338,25.11764],[121.51231,25.11904],[121.51698,25.11854],[121.51887,25.11876],[121.51654,25.11741],[121.51568,25.11562],[121.51499,25.11525]]]}},{"type":"Feature","properties":{"VILLCODE":"63000120006","VILLNAME":"榮華里","TOWNCODE":"63000120","TOWNNAME":"北投區","COUNTYNAME":"臺北市"},"geometry":{"type":"Polygon","coordinates":[[[121.52108,25.10648],[121.51922,25.10917],[121.5202,25.10995],[121.52155,25.11192],[121.52219,25.11382],[121.52174,25.11517],[121.52007,25.11551],[121.52032,25.11666],[121.52228,25.11764],[121.52133,25.11896],[121.52187,25.11921],[121.52398,25.11862],[121.52354,25.1175],[121.52499,25.11612],[121.52541,25.11377],[121.52582,25.11281],[121.52515,25.11136],[121.52279,25.11096],[121.52244,25.10951],[121.52118,25.10892],[121.52108,25.10648]]]}},{"type":"Feature","properties":{"VILLCODE":"63000110031","VILLNAME":"芝山里","TOWNCODE":"63000110","TOWNNAME":"士林區","COUNTYNAME":"臺北市"},"geometry":{"type":"Polygon","coordinates":[[[121.53895,25.10314],[121.53702,25.10636],[121.53718,25.10751],[121.53579,25.10852],[121.53443,25.1076],[121.53336,25.10765],[121.53415,25.1097],[121.53506,25.10987],[121.53453,25.11281],[121.53737,25.11346],[121.53759,25.11029],[121.54075,25.11085],[121.54075,25.11223],[121.54207,25.11197],[121.54554,25.11621],[121.54611,25.118],[121.54573,25.11949],[121.54636,25.1189],[121.54999,25.11893],[121.55097,25.11643],[121.55031,25.11371],[121.54977,25.11214],[121.54516,25.11068],[121.54365,25.10931],[121.54277,25.10721],[121.54122,25.10577],[121.5404,25.10398],[121.53895,25.10314]]]}},{"type":"Feature","properties":{"VILLCODE":"63000120017","VILLNAME":"立農里","TOWNCODE":"63000120","TOWNNAME":"北投區","COUNTYNAME":"臺北市"},"geometry":{"type":"Polygon","coordinates":[[[121.5065,25.11854],[121.50391,25.11798],[121.50388,25.11733],[121.5005,25.11461],[121.50031,25.11826],[121.50075,25.12014],[121.50261,25.11854],[121.50296,25.11941],[121.50523,25.121],[121.51,25.12011],[121.51231,25.11904],[121.51338,25.11764],[121.51117,25.11792],[121.51013,25.11845],[121.50836,25.11859],[121.5065,25.11854]]]}},{"type":"Feature","properties":{"VILLCODE":"63000110041","VILLNAME":"天玉里","TOWNCODE":"63000110","TOWNNAME":"士林區","COUNTYNAME":"臺北市"},"geometry":{"type":"Polygon","coordinates":[[[121.53014,25.11837],[121.52509,25.11842],[121.52398,25.11862],[121.5249,25.12022],[121.52575,25.12084],[121.52559,25.12168],[121.52635,25.1233],[121.52679,25.12224],[121.52818,25.12249],[121.53153,25.12148],[121.53014,25.11837]]]}},{"type":"Feature","properties":{"VILLCODE":"63000120038","VILLNAME":"關渡里","TOWNCODE":"63000120","TOWNNAME":"北投區","COUNTYNAME":"臺北市"},"geometry":{"type":"Polygon","coordinates":[[[121.46158,25.12342],[121.46426,25.12406],[121.46433,25.12409],[121.4659,25.12328],[121.47446,25.12266],[121.47364,25.12005],[121.47351,25.11834],[121.47383,25.11554],[121.47458,25.11259],[121.47534,25.11144],[121.47231,25.11066],[121.46893,25.11088],[121.46688,25.11169],[121.4618,25.11523],[121.46092,25.11618],[121.46092,25.11621],[121.45937,25.12193],[121.45877,25.12294],[121.46089,25.12294],[121.46158,25.12342]]]}},{"type":"Feature","properties":{"VILLCODE":"63000110040","VILLNAME":"天山里","TOWNCODE":"63000110","TOWNNAME":"士林區","COUNTYNAME":"臺北市"},"geometry":{"type":"Polygon","coordinates":[[[121.53456,25.11809],[121.53169,25.118],[121.53008,25.11826],[121.53014,25.11837],[121.53153,25.12148],[121.53276,25.12468],[121.53374,25.1253],[121.53396,25.12336],[121.53279,25.12078],[121.53405,25.11938],[121.53456,25.11809]]]}},{"type":"Feature","properties":{"VILLCODE":"63000120012","VILLNAME":"東華里","TOWNCODE":"63000120","TOWNNAME":"北投區","COUNTYNAME":"臺北市"},"geometry":{"type":"Polygon","coordinates":[[[121.51887,25.11876],[121.51698,25.11854],[121.51231,25.11904],[121.51,25.12011],[121.50523,25.121],[121.50274,25.12176],[121.5029,25.12266],[121.51171,25.12378],[121.51335,25.12431],[121.51559,25.12591],[121.51691,25.12471],[121.51739,25.12328],[121.51707,25.11988],[121.51887,25.11876]]]}},{"type":"Feature","properties":{"VILLCODE":"63000110039","VILLNAME":"天和里","TOWNCODE":"63000110","TOWNNAME":"士林區","COUNTYNAME":"臺北市"},"geometry":{"type":"Polygon","coordinates":[[[121.53895,25.11817],[121.53465,25.11809],[121.53456,25.11809],[121.53405,25.11938],[121.53279,25.12078],[121.53396,25.12336],[121.53374,25.1253],[121.53639,25.12622],[121.53614,25.1253],[121.53699,25.12344],[121.53936,25.12319],[121.53933,25.11862],[121.53895,25.11817]]]}},{"type":"Feature","properties":{"VILLCODE":"63000120018","VILLNAME":"八仙里","TOWNCODE":"63000120","TOWNNAME":"北投區","COUNTYNAME":"臺北市"},"geometry":{"type":"Polygon","coordinates":[[[121.49706,25.11346],[121.49498,25.11281],[121.49207,25.11467],[121.48907,25.11534],[121.48712,25.115],[121.48052,25.11301],[121.47793,25.11239],[121.47534,25.11144],[121.47458,25.11259],[121.47383,25.11554],[121.47351,25.11834],[121.47364,25.12005],[121.47446,25.12266],[121.47471,25.12409],[121.47837,25.1249],[121.47904,25.12465],[121.48525,25.12603],[121.48671,25.12661],[121.48923,25.12622],[121.49365,25.12726],[121.49608,25.12726],[121.49671,25.12681],[121.50082,25.12776],[121.5016,25.12353],[121.50287,25.12406],[121.5029,25.12266],[121.50274,25.12176],[121.50523,25.121],[121.50296,25.11941],[121.50261,25.11854],[121.50075,25.12014],[121.50031,25.11826],[121.5005,25.11461],[121.49706,25.11346]]]}},{"type":"Feature","properties":{"VILLCODE":"63000120010","VILLNAME":"永欣里","TOWNCODE":"63000120","TOWNNAME":"北投區","COUNTYNAME":"臺北市"},"geometry":{"type":"Polygon","coordinates":[[[121.52133,25.11896],[121.51887,25.11876],[121.51707,25.11988],[121.51739,25.12328],[121.51691,25.12471],[121.51559,25.12591],[121.51723,25.12692],[121.51934,25.12866],[121.5207,25.12656],[121.52487,25.12302],[121.52698,25.12527],[121.52777,25.12499],[121.52973,25.12532],[121.52951,25.12429],[121.52635,25.1233],[121.52559,25.12168],[121.52575,25.12084],[121.5249,25.12022],[121.52398,25.11862],[121.52187,25.11921],[121.52133,25.11896]]]}},{"type":"Feature","properties":{"VILLCODE":"63000120021","VILLNAME":"清江里","TOWNCODE":"63000120","TOWNNAME":"北投區","COUNTYNAME":"臺北市"},"geometry":{"type":"Polygon","coordinates":[[[121.50287,25.12406],[121.5016,25.12353],[121.50082,25.12776],[121.50129,25.13166],[121.50179,25.13141],[121.50261,25.13309],[121.50369,25.13248],[121.50454,25.13113],[121.50438,25.13034],[121.50321,25.12905],[121.50344,25.1267],[121.50287,25.12406]]]}},{"type":"Feature","properties":{"VILLCODE":"63000120022","VILLNAME":"中央里","TOWNCODE":"63000120","TOWNNAME":"北投區","COUNTYNAME":"臺北市"},"geometry":{"type":"Polygon","coordinates":[[[121.50082,25.12776],[121.49671,25.12681],[121.49608,25.12726],[121.49365,25.12726],[121.4922,25.12729],[121.49406,25.12796],[121.49406,25.12838],[121.4964,25.12905],[121.49703,25.12959],[121.49965,25.1302],[121.4982,25.1318],[121.49914,25.13253],[121.50167,25.13323],[121.50192,25.13349],[121.50261,25.13309],[121.50179,25.13141],[121.50129,25.13166],[121.50082,25.12776]]]}},{"type":"Feature","properties":{"VILLCODE":"63000110032","VILLNAME":"東山里","TOWNCODE":"63000110","TOWNNAME":"士林區","COUNTYNAME":"臺北市"},"geometry":{"type":"Polygon","coordinates":[[[121.53737,25.11346],[121.53917,25.11391],[121.53895,25.11817],[121.54147,25.12039],[121.54191,25.12159],[121.5409,25.12283],[121.54068,25.12577],[121.53939,25.12535],[121.53993,25.12872],[121.5415,25.13183],[121.54273,25.13357],[121.54397,25.1325],[121.54655,25.12768],[121.54999,25.11893],[121.54636,25.1189],[121.54573,25.11949],[121.54611,25.118],[121.54554,25.11621],[121.54207,25.11197],[121.54075,25.11223],[121.54075,25.11085],[121.53759,25.11029],[121.53737,25.11346]]]}},{"type":"Feature","properties":{"VILLCODE":"63000120024","VILLNAME":"大同里","TOWNCODE":"63000120","TOWNNAME":"北投區","COUNTYNAME":"臺北市"},"geometry":{"type":"Polygon","coordinates":[[[121.49365,25.12726],[121.48923,25.12622],[121.48671,25.12661],[121.48772,25.12681],[121.48873,25.1281],[121.49011,25.13088],[121.49071,25.13096],[121.49084,25.13231],[121.49479,25.13349],[121.49583,25.1336],[121.49715,25.13604],[121.49876,25.13528],[121.50167,25.13323],[121.49914,25.13253],[121.4982,25.1318],[121.49965,25.1302],[121.49703,25.12959],[121.4964,25.12905],[121.49406,25.12838],[121.49406,25.12796],[121.4922,25.12729],[121.49365,25.12726]]]}},{"type":"Feature","properties":{"VILLCODE":"63000120020","VILLNAME":"奇岩里","TOWNCODE":"63000120","TOWNNAME":"北投區","COUNTYNAME":"臺北市"},"geometry":{"type":"Polygon","coordinates":[[[121.51559,25.12591],[121.51335,25.12431],[121.51171,25.12378],[121.5029,25.12266],[121.50287,25.12406],[121.50344,25.1267],[121.50321,25.12905],[121.50438,25.13034],[121.50454,25.13113],[121.50697,25.13163],[121.50953,25.13422],[121.51281,25.13438],[121.51837,25.1343],[121.52136,25.13534],[121.52206,25.13607],[121.52244,25.13494],[121.52171,25.13455],[121.52064,25.13222],[121.52032,25.12973],[121.51934,25.12866],[121.51723,25.12692],[121.51559,25.12591]]]}},{"type":"Feature","properties":{"VILLCODE":"63000120025","VILLNAME":"溫泉里","TOWNCODE":"63000120","TOWNNAME":"北投區","COUNTYNAME":"臺北市"},"geometry":{"type":"Polygon","coordinates":[[[121.50454,25.13113],[121.50369,25.13248],[121.50261,25.13309],[121.50192,25.13349],[121.50356,25.13393],[121.50489,25.13545],[121.50666,25.13615],[121.50943,25.13688],[121.51079,25.13685],[121.5106,25.13609],[121.50855,25.13609],[121.50789,25.13531],[121.50953,25.13422],[121.50697,25.13163],[121.50454,25.13113]]]}},{"type":"Feature","properties":{"VILLCODE":"63000120023","VILLNAME":"長安里","TOWNCODE":"63000120","TOWNNAME":"北投區","COUNTYNAME":"臺北市"},"geometry":{"type":"Polygon","coordinates":[[[121.50192,25.13349],[121.50167,25.13323],[121.49876,25.13528],[121.49715,25.13604],[121.49842,25.13691],[121.50189,25.1371],[121.50205,25.13604],[121.50372,25.13649],[121.50501,25.13629],[121.50558,25.13685],[121.50666,25.13615],[121.50489,25.13545],[121.50356,25.13393],[121.50192,25.13349]]]}},{"type":"Feature","properties":{"VILLCODE":"63000110045","VILLNAME":"新安里","TOWNCODE":"63000110","TOWNNAME":"士林區","COUNTYNAME":"臺北市"},"geometry":{"type":"Polygon","coordinates":[[[121.5565,25.11663],[121.55523,25.11469],[121.554,25.11509],[121.5516,25.11357],[121.55031,25.11371],[121.55097,25.11643],[121.54999,25.11893],[121.54655,25.12768],[121.54864,25.12774],[121.54911,25.12678],[121.55113,25.12653],[121.55078,25.12833],[121.5529,25.12956],[121.55195,25.13343],[121.55265,25.13612],[121.55438,25.13795],[121.55883,25.1364],[121.5595,25.13556],[121.5606,25.13273],[121.55937,25.1299],[121.55946,25.12779],[121.55871,25.12555],[121.55634,25.12465],[121.55744,25.12347],[121.55672,25.12277],[121.557,25.11952],[121.5565,25.11663]]]}},{"type":"Feature","properties":{"VILLCODE":"63000120034","VILLNAME":"豐年里","TOWNCODE":"63000120","TOWNNAME":"北投區","COUNTYNAME":"臺北市"},"geometry":{"type":"Polygon","coordinates":[[[121.49715,25.13604],[121.49583,25.1336],[121.49479,25.13349],[121.49084,25.13231],[121.49071,25.13096],[121.49011,25.13088],[121.48873,25.1281],[121.48772,25.12681],[121.48671,25.12661],[121.48639,25.12928],[121.48573,25.13074],[121.48734,25.13242],[121.48652,25.13357],[121.48677,25.13828],[121.49135,25.13851],[121.49715,25.13604]]]}},{"type":"Feature","properties":{"VILLCODE":"63000120028","VILLNAME":"中庸里","TOWNCODE":"63000120","TOWNNAME":"北投區","COUNTYNAME":"臺北市"},"geometry":{"type":"Polygon","coordinates":[[[121.50189,25.1371],[121.49842,25.13691],[121.49908,25.13859],[121.49921,25.1405],[121.49921,25.14137],[121.49943,25.1414],[121.50192,25.13882],[121.50138,25.13767],[121.50189,25.1371]]]}},{"type":"Feature","properties":{"VILLCODE":"63000110044","VILLNAME":"公館里","TOWNCODE":"63000110","TOWNNAME":"士林區","COUNTYNAME":"臺北市"},"geometry":{"type":"Polygon","coordinates":[[[121.55703,25.11287],[121.55681,25.11318],[121.55631,25.11391],[121.5565,25.11663],[121.557,25.11952],[121.55672,25.12277],[121.55744,25.12347],[121.55634,25.12465],[121.55871,25.12555],[121.55946,25.12779],[121.55937,25.1299],[121.5606,25.13273],[121.5595,25.13556],[121.55883,25.1364],[121.55438,25.13795],[121.55675,25.13971],[121.557,25.14095],[121.55826,25.14165],[121.55883,25.14002],[121.55975,25.13943],[121.56073,25.13609],[121.56404,25.13447],[121.56524,25.13194],[121.56723,25.13124],[121.56628,25.13004],[121.56622,25.12911],[121.56521,25.12793],[121.56666,25.12544],[121.56773,25.12423],[121.5665,25.12347],[121.56609,25.1219],[121.56486,25.12151],[121.56407,25.11834],[121.55991,25.11545],[121.55703,25.11287]]]}},{"type":"Feature","properties":{"VILLCODE":"63000120037","VILLNAME":"一德里","TOWNCODE":"63000120","TOWNNAME":"北投區","COUNTYNAME":"臺北市"},"geometry":{"type":"Polygon","coordinates":[[[121.46433,25.12409],[121.46436,25.12409],[121.46467,25.126],[121.46429,25.12757],[121.46562,25.13155],[121.46833,25.13444],[121.46897,25.13565],[121.47077,25.13668],[121.47083,25.13674],[121.47092,25.1368],[121.47196,25.13772],[121.47301,25.13974],[121.47484,25.14114],[121.47588,25.14235],[121.47591,25.14238],[121.47591,25.14238],[121.47733,25.13786],[121.47967,25.13677],[121.47866,25.13643],[121.479,25.13548],[121.48096,25.13245],[121.48289,25.13141],[121.48358,25.13046],[121.48491,25.13149],[121.48573,25.13074],[121.48639,25.12928],[121.48671,25.12661],[121.48525,25.12603],[121.47904,25.12465],[121.47837,25.1249],[121.47471,25.12409],[121.47446,25.12266],[121.4659,25.12328],[121.46433,25.12409]]]}},{"type":"Feature","properties":{"VILLCODE":"63000110042","VILLNAME":"天母里","TOWNCODE":"63000110","TOWNNAME":"士林區","COUNTYNAME":"臺北市"},"geometry":{"type":"Polygon","coordinates":[[[121.53153,25.12148],[121.52818,25.12249],[121.52679,25.12224],[121.52635,25.1233],[121.52951,25.12429],[121.52973,25.12532],[121.52979,25.12617],[121.53109,25.12695],[121.5314,25.12835],[121.5308,25.13203],[121.53109,25.13382],[121.53039,25.13422],[121.53061,25.13598],[121.53153,25.13733],[121.53345,25.13758],[121.53516,25.13918],[121.53652,25.13915],[121.53724,25.1398],[121.53926,25.14044],[121.54002,25.14156],[121.54112,25.14126],[121.54236,25.14252],[121.54251,25.14109],[121.54349,25.13946],[121.54172,25.13786],[121.53907,25.1373],[121.53708,25.13548],[121.53923,25.13528],[121.54273,25.13357],[121.5415,25.13183],[121.53993,25.12872],[121.53939,25.12535],[121.54068,25.12577],[121.5409,25.12283],[121.54191,25.12159],[121.54147,25.12039],[121.53895,25.11817],[121.53933,25.11862],[121.53936,25.12319],[121.53699,25.12344],[121.53614,25.1253],[121.53639,25.12622],[121.53374,25.1253],[121.53276,25.12468],[121.53153,25.12148]]]}},{"type":"Feature","properties":{"VILLCODE":"63000120009","VILLNAME":"永和里","TOWNCODE":"63000120","TOWNNAME":"北投區","COUNTYNAME":"臺北市"},"geometry":{"type":"Polygon","coordinates":[[[121.52973,25.12532],[121.52777,25.12499],[121.52698,25.12527],[121.52487,25.12302],[121.5207,25.12656],[121.51934,25.12866],[121.52032,25.12973],[121.52064,25.13222],[121.52171,25.13455],[121.52244,25.13494],[121.52206,25.13607],[121.52477,25.14002],[121.52585,25.1403],[121.5261,25.14154],[121.52714,25.14092],[121.52777,25.14215],[121.52673,25.14395],[121.5285,25.144],[121.52881,25.14235],[121.53011,25.14044],[121.52986,25.13856],[121.52932,25.13761],[121.53023,25.1371],[121.52973,25.13643],[121.53061,25.13598],[121.53039,25.13422],[121.53109,25.13382],[121.5308,25.13203],[121.5314,25.12835],[121.53109,25.12695],[121.52979,25.12617],[121.52973,25.12532]]]}},{"type":"Feature","properties":{"VILLCODE":"63000120026","VILLNAME":"林泉里","TOWNCODE":"63000120","TOWNNAME":"北投區","COUNTYNAME":"臺北市"},"geometry":{"type":"Polygon","coordinates":[[[121.52206,25.13607],[121.52136,25.13534],[121.51837,25.1343],[121.51281,25.13438],[121.50953,25.13422],[121.50789,25.13531],[121.50855,25.13609],[121.5106,25.13609],[121.51079,25.13685],[121.50943,25.13688],[121.50666,25.13615],[121.50558,25.13685],[121.50624,25.13747],[121.50599,25.13867],[121.50899,25.13974],[121.50918,25.14111],[121.51006,25.141],[121.51281,25.14148],[121.51474,25.1421],[121.51575,25.14156],[121.5165,25.14226],[121.51969,25.14336],[121.52133,25.1437],[121.52455,25.14442],[121.52673,25.14395],[121.52777,25.14215],[121.52714,25.14092],[121.5261,25.14154],[121.52585,25.1403],[121.52477,25.14002],[121.52206,25.13607]]]}},{"type":"Feature","properties":{"VILLCODE":"63000120033","VILLNAME":"文化里","TOWNCODE":"63000120","TOWNNAME":"北投區","COUNTYNAME":"臺北市"},"geometry":{"type":"Polygon","coordinates":[[[121.49842,25.13691],[121.49715,25.13604],[121.49135,25.13851],[121.4897,25.14016],[121.48983,25.141],[121.49201,25.14322],[121.49248,25.14473],[121.49453,25.144],[121.49425,25.14313],[121.49649,25.14249],[121.49627,25.14159],[121.49772,25.1412],[121.49747,25.14053],[121.49921,25.1405],[121.49908,25.13859],[121.49842,25.13691]]]}},{"type":"Feature","properties":{"VILLCODE":"63000120031","VILLNAME":"智仁里","TOWNCODE":"63000120","TOWNNAME":"北投區","COUNTYNAME":"臺北市"},"geometry":{"type":"Polygon","coordinates":[[[121.49921,25.14137],[121.49921,25.1405],[121.49747,25.14053],[121.49772,25.1412],[121.49627,25.14159],[121.49649,25.14249],[121.49425,25.14313],[121.49453,25.144],[121.49248,25.14473],[121.49248,25.14496],[121.49321,25.14541],[121.4957,25.14499],[121.49608,25.14333],[121.4982,25.14224],[121.49921,25.14137]]]}},{"type":"Feature","properties":{"VILLCODE":"63000120036","VILLNAME":"桃源里","TOWNCODE":"63000120","TOWNNAME":"北投區","COUNTYNAME":"臺北市"},"geometry":{"type":"Polygon","coordinates":[[[121.47591,25.14238],[121.47594,25.14238],[121.47657,25.14367],[121.47894,25.14555],[121.47907,25.14563],[121.48238,25.14339],[121.48503,25.14302],[121.48655,25.14106],[121.48702,25.13988],[121.48677,25.13828],[121.48652,25.13357],[121.48734,25.13242],[121.48573,25.13074],[121.48491,25.13149],[121.48358,25.13046],[121.48289,25.13141],[121.48096,25.13245],[121.479,25.13548],[121.47866,25.13643],[121.47967,25.13677],[121.47733,25.13786],[121.47591,25.14238]]]}},{"type":"Feature","properties":{"VILLCODE":"63000120027","VILLNAME":"中心里","TOWNCODE":"63000120","TOWNNAME":"北投區","COUNTYNAME":"臺北市"},"geometry":{"type":"Polygon","coordinates":[[[121.50558,25.13685],[121.50501,25.13629],[121.50372,25.13649],[121.50205,25.13604],[121.50189,25.1371],[121.50138,25.13767],[121.50192,25.13882],[121.5029,25.14011],[121.50517,25.14044],[121.50669,25.1419],[121.50842,25.14156],[121.5113,25.1417],[121.51155,25.14215],[121.51695,25.14403],[121.51808,25.14426],[121.51764,25.14543],[121.51925,25.14471],[121.52105,25.14431],[121.52133,25.1437],[121.51969,25.14336],[121.5165,25.14226],[121.51575,25.14156],[121.51474,25.1421],[121.51281,25.14148],[121.51006,25.141],[121.50918,25.14111],[121.50899,25.13974],[121.50599,25.13867],[121.50624,25.13747],[121.50558,25.13685]]]}},{"type":"Feature","properties":{"VILLCODE":"63000120030","VILLNAME":"中和里","TOWNCODE":"63000120","TOWNNAME":"北投區","COUNTYNAME":"臺北市"},"geometry":{"type":"Polygon","coordinates":[[[121.49943,25.1414],[121.49921,25.14137],[121.4982,25.14224],[121.49608,25.14333],[121.4957,25.14499],[121.49772,25.14428],[121.49857,25.146],[121.49946,25.14678],[121.50044,25.1467],[121.50309,25.14445],[121.50246,25.14442],[121.49943,25.1414]]]}},{"type":"Feature","properties":{"VILLCODE":"63000120029","VILLNAME":"開明里","TOWNCODE":"63000120","TOWNNAME":"北投區","COUNTYNAME":"臺北市"},"geometry":{"type":"Polygon","coordinates":[[[121.50192,25.13882],[121.49943,25.1414],[121.50246,25.14442],[121.50309,25.14445],[121.50492,25.14656],[121.50517,25.14779],[121.50735,25.14776],[121.50757,25.14456],[121.50703,25.14417],[121.50669,25.1419],[121.50517,25.14044],[121.5029,25.14011],[121.50192,25.13882]]]}},{"type":"Feature","properties":{"VILLCODE":"63000120035","VILLNAME":"稻香里","TOWNCODE":"63000120","TOWNNAME":"北投區","COUNTYNAME":"臺北市"},"geometry":{"type":"Polygon","coordinates":[[[121.47907,25.14563],[121.4791,25.14566],[121.4809,25.14717],[121.48099,25.14726],[121.48099,25.14729],[121.48285,25.15023],[121.48399,25.15082],[121.48677,25.1509],[121.48828,25.14975],[121.49122,25.14844],[121.49207,25.1486],[121.49296,25.14737],[121.49248,25.14496],[121.49248,25.14473],[121.49201,25.14322],[121.48983,25.141],[121.4897,25.14016],[121.49135,25.13851],[121.48677,25.13828],[121.48702,25.13988],[121.48655,25.14106],[121.48503,25.14302],[121.48238,25.14339],[121.47907,25.14563]]]}},{"type":"Feature","properties":{"VILLCODE":"63000110049","VILLNAME":"溪山里","TOWNCODE":"63000110","TOWNNAME":"士林區","COUNTYNAME":"臺北市"},"geometry":{"type":"Polygon","coordinates":[[[121.60444,25.12591],[121.60432,25.12583],[121.60429,25.1258],[121.60337,25.12555],[121.60274,25.12619],[121.60173,25.12603],[121.60078,25.12185],[121.5998,25.12033],[121.59889,25.12011],[121.5975,25.11621],[121.59567,25.11413],[121.59371,25.11509],[121.5903,25.11366],[121.58983,25.11422],[121.58803,25.11377],[121.58661,25.1108],[121.58525,25.10855],[121.58172,25.10678],[121.5803,25.10695],[121.579,25.1051],[121.57711,25.10594],[121.5766,25.10687],[121.57392,25.10673],[121.57357,25.10886],[121.57244,25.11004],[121.5701,25.11037],[121.5671,25.11256],[121.56552,25.11253],[121.56253,25.11183],[121.56208,25.11141],[121.56019,25.11223],[121.55861,25.11211],[121.55703,25.11287],[121.55991,25.11545],[121.56407,25.11834],[121.56486,25.12151],[121.56609,25.1219],[121.5665,25.12347],[121.56773,25.12423],[121.56931,25.12213],[121.57045,25.11848],[121.57338,25.11927],[121.57421,25.12028],[121.57534,25.12033],[121.57594,25.12272],[121.57749,25.12462],[121.58033,25.12572],[121.58112,25.12726],[121.58143,25.13071],[121.58314,25.13433],[121.58203,25.13727],[121.58216,25.13772],[121.58399,25.13828],[121.5844,25.14075],[121.5867,25.146],[121.58724,25.15017],[121.58945,25.15264],[121.58964,25.15217],[121.59182,25.15093],[121.59295,25.15079],[121.59371,25.15006],[121.5939,25.14804],[121.59542,25.1463],[121.59602,25.14476],[121.59576,25.14358],[121.59819,25.14103],[121.59838,25.14033],[121.60066,25.13926],[121.60167,25.13789],[121.6034,25.13708],[121.6041,25.13615],[121.60571,25.13674],[121.60457,25.13455],[121.60486,25.13273],[121.60463,25.13077],[121.60782,25.1302],[121.60754,25.12919],[121.60444,25.12591]]]}},{"type":"Feature","properties":{"VILLCODE":"63000110046","VILLNAME":"陽明里","TOWNCODE":"63000110","TOWNNAME":"士林區","COUNTYNAME":"臺北市"},"geometry":{"type":"Polygon","coordinates":[[[121.54655,25.12768],[121.54397,25.1325],[121.54273,25.13357],[121.53923,25.13528],[121.53708,25.13548],[121.53907,25.1373],[121.54172,25.13786],[121.54349,25.13946],[121.54251,25.14109],[121.54236,25.14252],[121.5439,25.14184],[121.54576,25.14159],[121.54611,25.14252],[121.54791,25.14339],[121.54886,25.14479],[121.54949,25.14967],[121.55053,25.15146],[121.55318,25.15427],[121.55334,25.15494],[121.55558,25.1555],[121.55656,25.15514],[121.55628,25.15362],[121.55334,25.14992],[121.55192,25.14757],[121.55141,25.1444],[121.55353,25.14266],[121.5529,25.14064],[121.55438,25.13795],[121.55265,25.13612],[121.55195,25.13343],[121.5529,25.12956],[121.55078,25.12833],[121.55113,25.12653],[121.54911,25.12678],[121.54864,25.12774],[121.54655,25.12768]]]}},{"type":"Feature","properties":{"VILLCODE":"63000120032","VILLNAME":"秀山里","TOWNCODE":"63000120","TOWNNAME":"北投區","COUNTYNAME":"臺北市"},"geometry":{"type":"Polygon","coordinates":[[[121.48677,25.1509],[121.48677,25.15093],[121.4875,25.15149],[121.48762,25.15301],[121.49071,25.15735],[121.49217,25.16005],[121.49217,25.16008],[121.49223,25.16016],[121.49365,25.16131],[121.49374,25.16137],[121.49532,25.15811],[121.49712,25.15604],[121.49734,25.15318],[121.49719,25.15141],[121.4963,25.14782],[121.49958,25.14801],[121.50101,25.14785],[121.50044,25.1467],[121.49946,25.14678],[121.49857,25.146],[121.49772,25.14428],[121.4957,25.14499],[121.49321,25.14541],[121.49248,25.14496],[121.49296,25.14737],[121.49207,25.1486],[121.49122,25.14844],[121.48828,25.14975],[121.48677,25.1509]]]}},{"type":"Feature","properties":{"VILLCODE":"63000120040","VILLNAME":"湖山里","TOWNCODE":"63000120","TOWNNAME":"北投區","COUNTYNAME":"臺北市"},"geometry":{"type":"Polygon","coordinates":[[[121.54236,25.14252],[121.54112,25.14126],[121.54002,25.14156],[121.53926,25.14044],[121.53724,25.1398],[121.53652,25.13915],[121.53516,25.13918],[121.53345,25.13758],[121.53153,25.13733],[121.53061,25.13598],[121.52973,25.13643],[121.53023,25.1371],[121.52932,25.13761],[121.52986,25.13856],[121.53011,25.14044],[121.52881,25.14235],[121.5285,25.144],[121.52922,25.14448],[121.53001,25.14608],[121.53112,25.14661],[121.53061,25.14734],[121.53219,25.14866],[121.53289,25.15163],[121.53241,25.1527],[121.53311,25.15376],[121.53339,25.15542],[121.53453,25.15649],[121.53314,25.15828],[121.53333,25.1596],[121.53241,25.16209],[121.54106,25.15974],[121.5457,25.155],[121.55337,25.15637],[121.55394,25.1562],[121.55334,25.15494],[121.55318,25.15427],[121.55053,25.15146],[121.54949,25.14967],[121.54886,25.14479],[121.54791,25.14339],[121.54611,25.14252],[121.54576,25.14159],[121.5439,25.14184],[121.54236,25.14252]]]}},{"type":"Feature","properties":{"VILLCODE":"63000120039","VILLNAME":"泉源里","TOWNCODE":"63000120","TOWNNAME":"北投區","COUNTYNAME":"臺北市"},"geometry":{"type":"Polygon","coordinates":[[[121.5285,25.144],[121.52673,25.14395],[121.52455,25.14442],[121.52133,25.1437],[121.52105,25.14431],[121.51925,25.14471],[121.51764,25.14543],[121.51808,25.14426],[121.51695,25.14403],[121.51155,25.14215],[121.5113,25.1417],[121.50842,25.14156],[121.50669,25.1419],[121.50703,25.14417],[121.50757,25.14456],[121.50735,25.14776],[121.50811,25.14936],[121.50732,25.15107],[121.50599,25.15205],[121.50893,25.1548],[121.51136,25.15584],[121.51224,25.15685],[121.51587,25.15828],[121.51562,25.15954],[121.51688,25.16209],[121.51641,25.16355],[121.51859,25.16543],[121.51903,25.16692],[121.51975,25.16667],[121.52307,25.16386],[121.5261,25.16465],[121.53241,25.16209],[121.53333,25.1596],[121.53314,25.15828],[121.53453,25.15649],[121.53339,25.15542],[121.53311,25.15376],[121.53241,25.1527],[121.53289,25.15163],[121.53219,25.14866],[121.53061,25.14734],[121.53112,25.14661],[121.53001,25.14608],[121.52922,25.14448],[121.5285,25.144]]]}},{"type":"Feature","properties":{"VILLCODE":"63000110048","VILLNAME":"平等里","TOWNCODE":"63000110","TOWNNAME":"士林區","COUNTYNAME":"臺北市"},"geometry":{"type":"Polygon","coordinates":[[[121.58986,25.16375],[121.59052,25.16027],[121.59182,25.15758],[121.5916,25.15511],[121.59081,25.15466],[121.59037,25.15332],[121.58945,25.15264],[121.58724,25.15017],[121.5867,25.146],[121.5844,25.14075],[121.58399,25.13828],[121.58216,25.13772],[121.58203,25.13727],[121.58314,25.13433],[121.58143,25.13071],[121.58112,25.12726],[121.58033,25.12572],[121.57749,25.12462],[121.57594,25.12272],[121.57534,25.12033],[121.57421,25.12028],[121.57338,25.11927],[121.57045,25.11848],[121.56931,25.12213],[121.56773,25.12423],[121.56792,25.12471],[121.56666,25.12712],[121.56748,25.12754],[121.56814,25.12922],[121.56792,25.13032],[121.56897,25.13057],[121.56909,25.13161],[121.57105,25.1329],[121.57124,25.13368],[121.57323,25.13573],[121.57411,25.13716],[121.57417,25.13848],[121.5737,25.14501],[121.57487,25.14608],[121.57449,25.1486],[121.57572,25.14989],[121.57449,25.15346],[121.57294,25.15368],[121.57225,25.15685],[121.57361,25.15918],[121.57484,25.15999],[121.57455,25.16249],[121.57544,25.16338],[121.57537,25.167],[121.57701,25.16709],[121.57708,25.167],[121.57888,25.1656],[121.58248,25.16543],[121.5832,25.1658],[121.58642,25.16353],[121.58844,25.16299],[121.58986,25.16375]]]}},{"type":"Feature","properties":{"VILLCODE":"63000120041","VILLNAME":"大屯里","TOWNCODE":"63000120","TOWNNAME":"北投區","COUNTYNAME":"臺北市"},"geometry":{"type":"Polygon","coordinates":[[[121.49374,25.16137],[121.49564,25.16288],[121.49744,25.16375],[121.49914,25.16563],[121.49971,25.16754],[121.50041,25.1686],[121.50176,25.1693],[121.50167,25.17127],[121.50284,25.17334],[121.5029,25.17334],[121.50309,25.17331],[121.50486,25.17323],[121.50606,25.17101],[121.50707,25.17118],[121.51044,25.16944],[121.5113,25.16942],[121.513,25.17096],[121.51395,25.17099],[121.51897,25.1695],[121.51909,25.16944],[121.51903,25.16692],[121.51859,25.16543],[121.51641,25.16355],[121.51688,25.16209],[121.51562,25.15954],[121.51587,25.15828],[121.51224,25.15685],[121.51136,25.15584],[121.50893,25.1548],[121.50599,25.15205],[121.50732,25.15107],[121.50811,25.14936],[121.50735,25.14776],[121.50517,25.14779],[121.50492,25.14656],[121.50309,25.14445],[121.50044,25.1467],[121.50101,25.14785],[121.49958,25.14801],[121.4963,25.14782],[121.49719,25.15141],[121.49734,25.15318],[121.49712,25.15604],[121.49532,25.15811],[121.49374,25.16137]]]}},{"type":"Feature","properties":{"VILLCODE":"63000110047","VILLNAME":"菁山里","TOWNCODE":"63000110","TOWNNAME":"士林區","COUNTYNAME":"臺北市"},"geometry":{"type":"Polygon","coordinates":[[[121.57701,25.16712],[121.57701,25.16709],[121.57537,25.167],[121.57544,25.16338],[121.57455,25.16249],[121.57484,25.15999],[121.57361,25.15918],[121.57225,25.15685],[121.57294,25.15368],[121.57449,25.15346],[121.57572,25.14989],[121.57449,25.1486],[121.57487,25.14608],[121.5737,25.14501],[121.57417,25.13848],[121.57411,25.13716],[121.57323,25.13573],[121.57124,25.13368],[121.57105,25.1329],[121.56909,25.13161],[121.56897,25.13057],[121.56792,25.13032],[121.56814,25.12922],[121.56748,25.12754],[121.56666,25.12712],[121.56792,25.12471],[121.56773,25.12423],[121.56666,25.12544],[121.56521,25.12793],[121.56622,25.12911],[121.56628,25.13004],[121.56723,25.13124],[121.56524,25.13194],[121.56404,25.13447],[121.56073,25.13609],[121.55975,25.13943],[121.55883,25.14002],[121.55826,25.14165],[121.557,25.14095],[121.55675,25.13971],[121.55438,25.13795],[121.5529,25.14064],[121.55353,25.14266],[121.55141,25.1444],[121.55192,25.14757],[121.55334,25.14992],[121.55628,25.15362],[121.55656,25.15514],[121.55558,25.1555],[121.55334,25.15494],[121.55394,25.1562],[121.55517,25.15907],[121.55643,25.16058],[121.5583,25.16103],[121.56066,25.16235],[121.56117,25.16333],[121.56101,25.16456],[121.56309,25.16998],[121.56199,25.17191],[121.56088,25.17458],[121.56101,25.17542],[121.56281,25.17783],[121.56502,25.17845],[121.56575,25.17937],[121.56638,25.18176],[121.56717,25.18212],[121.56726,25.1833],[121.56802,25.1838],[121.56758,25.18551],[121.56818,25.18613],[121.56729,25.18717],[121.56701,25.18874],[121.56887,25.19031],[121.57149,25.19163],[121.57209,25.19312],[121.57465,25.19469],[121.57569,25.19463],[121.5761,25.19533],[121.57727,25.19528],[121.57919,25.19413],[121.58055,25.19536],[121.58304,25.19499],[121.58377,25.1946],[121.58273,25.19312],[121.5838,25.19191],[121.58399,25.1888],[121.58292,25.18843],[121.58184,25.18579],[121.58279,25.18442],[121.58096,25.18206],[121.58128,25.18044],[121.58326,25.17755],[121.58298,25.17559],[121.58172,25.17379],[121.57929,25.17191],[121.5773,25.16995],[121.57701,25.16712]]]}},{"type":"Feature","properties":{"VILLCODE":"63000120042","VILLNAME":"湖田里","TOWNCODE":"63000120","TOWNNAME":"北投區","COUNTYNAME":"臺北市"},"geometry":{"type":"Polygon","coordinates":[[[121.51909,25.16944],[121.51916,25.16942],[121.52004,25.16942],[121.52124,25.17155],[121.52124,25.17236],[121.52256,25.17469],[121.522,25.17696],[121.52231,25.17761],[121.52171,25.17912],[121.52569,25.18277],[121.52714,25.18321],[121.52926,25.18299],[121.53121,25.18364],[121.53336,25.18358],[121.53459,25.18445],[121.53573,25.1865],[121.53576,25.18658],[121.53579,25.18664],[121.54071,25.18717],[121.54283,25.18927],[121.54283,25.1893],[121.54283,25.18936],[121.54277,25.1911],[121.54324,25.19365],[121.54457,25.19539],[121.54633,25.19696],[121.54756,25.19715],[121.54813,25.198],[121.54905,25.19811],[121.55069,25.19713],[121.55179,25.19766],[121.55258,25.19881],[121.55258,25.20088],[121.55151,25.20209],[121.55179,25.20358],[121.55312,25.20419],[121.55432,25.20619],[121.55501,25.20843],[121.55681,25.20868],[121.55921,25.21014],[121.56275,25.2093],[121.56347,25.20582],[121.56442,25.20478],[121.56508,25.20215],[121.56489,25.20094],[121.56638,25.19954],[121.56994,25.19828],[121.57076,25.19758],[121.57095,25.19617],[121.57177,25.19539],[121.57319,25.19497],[121.57506,25.19547],[121.5761,25.19533],[121.57569,25.19463],[121.57465,25.19469],[121.57209,25.19312],[121.57149,25.19163],[121.56887,25.19031],[121.56701,25.18874],[121.56729,25.18717],[121.56818,25.18613],[121.56758,25.18551],[121.56802,25.1838],[121.56726,25.1833],[121.56717,25.18212],[121.56638,25.18176],[121.56575,25.17937],[121.56502,25.17845],[121.56281,25.17783],[121.56101,25.17542],[121.56088,25.17458],[121.56199,25.17191],[121.56309,25.16998],[121.56101,25.16456],[121.56117,25.16333],[121.56066,25.16235],[121.5583,25.16103],[121.55643,25.16058],[121.55517,25.15907],[121.55394,25.1562],[121.55337,25.15637],[121.5457,25.155],[121.54106,25.15974],[121.53241,25.16209],[121.5261,25.16465],[121.52307,25.16386],[121.51975,25.16667],[121.51903,25.16692],[121.51909,25.16944]]]}}]}